order_id,customer_id,order_date,product_category,product_name,quantity,price,discount,payment_method,order_status,sales_person,warehouse,region
ORD-10001,CUST-1463,2026-01-02,Infusion & Vascular,Syringe Driver Pump,5,10157.56,10.5,COD,Delivered,Priya Sharma,WH-Bengaluru (South),South
ORD-10002,CUST-1107,2026-02-06,Orthopedic & Mobility,TENS Physiotherapy Unit,3,14417.6,9.2,Credit Card,Delivered,Vikram Patel,WH-Bengaluru (South),South
ORD-10003,CUST-1089,2026-05-15,Respiratory Care,BiPAP Machine,3,9178.75,6.6,COD,Returned,Sanjay Verma,WH-Bhiwandi (West),West
ORD-10004,CUST-1280,2026-05-22,Diagnostic & Monitoring,Capnograph Monitor,2,13884.62,3.2,Debit Card,Processing,Sanjay Verma,WH-Gurugram (North),North
ORD-10005,CUST-1502,2026-06-10,Surgical & Critical Care,Surgical Stapler,5,10936.35,12.6,Net Banking,Delivered,Anjali Nair,WH-Bhiwandi (West),West
ORD-10006,CUST-1159,2025-03-05,Surgical & Critical Care,Surgical Electrocautery Unit,3,23134.22,6.8,Debit Card,Delivered,Anjali Nair,WH-Bengaluru (South),South
ORD-10007,CUST-1879,2026-03-30,Sterilization & Lab,Tabletop Steam Autoclave,5,31938.28,6.5,UPI,Delivered,Vikram Patel,WH-Bhiwandi (West),West
ORD-10008,CUST-1406,2026-06-09,Respiratory Care,BiPAP Machine,4,34653.51,10.5,Debit Card,Delivered,Vikram Patel,WH-Gurugram (North),North
ORD-10009,CUST-1579,2026-03-04,Sterilization & Lab,UV Sterilizer Box,5,14103.79,11.9,COD,Cancelled,Priya Sharma,WH-Gurugram (North),North
ORD-10010,CUST-1614,2026-03-22,Diagnostic & Monitoring,Single-Channel ECG Machine,5,24141.35,2.7,UPI,Delivered,Vikram Patel,WH-Kolkata (East),East
ORD-10011,CUST-1556,2026-04-18,Orthopedic & Mobility,TENS Physiotherapy Unit,3,9880.08,3.9,UPI,Returned,Vikram Patel,WH-Gurugram (North),North
ORD-10012,CUST-1318,2025-08-17,Surgical & Critical Care,Pulse Generator Pacemaker,1,38749.56,11.6,COD,Cancelled,Vikram Patel,WH-Bhiwandi (West),West
ORD-10013,CUST-1047,2025-05-05,Sterilization & Lab,Digital Centrifuge Machine,2,39525.78,10.4,Debit Card,Delivered,Ramesh Rao,WH-Kolkata (East),East
ORD-10014,CUST-1057,2026-05-30,Diagnostic & Monitoring,Multi-Para Patient Monitor,2,16461.78,3.7,Credit Card,Cancelled,Sanjay Verma,WH-Kolkata (East),East
ORD-10015,CUST-1922,2026-03-20,Orthopedic & Mobility,Walking Frame with Castors,4,30327.56,12.0,Debit Card,Processing,Sanjay Verma,WH-Gurugram (North),North
ORD-10016,CUST-1298,2026-07-11,Surgical & Critical Care,Pulse Generator Pacemaker,5,2664.98,3.6,COD,Shipped,Sanjay Verma,WH-Gurugram (North),North
ORD-10017,CUST-1177,2026-02-26,Surgical & Critical Care,Surgical Electrocautery Unit,1,27636.26,0.3,Debit Card,Delivered,Vikram Patel,WH-Bhiwandi (West),West
ORD-10018,CUST-1415,2026-06-30,Orthopedic & Mobility,Cervical Traction Unit,4,34087.04,12.9,Debit Card,Delivered,Priya Sharma,WH-Kolkata (East),East
ORD-10019,CUST-1940,2026-04-11,Diagnostic & Monitoring,Continuous Glucose Monitor (CGM),1,1154.09,11.0,Credit Card,Delivered,Vikram Patel,WH-Kolkata (East),East
ORD-10020,CUST-1586,2026-07-15,Diagnostic & Monitoring,Continuous Glucose Monitor (CGM),4,6254.51,5.9,Net Banking,Returned,Sanjay Verma,WH-Bengaluru (South),South
ORD-10021,CUST-1093,2026-05-02,Infusion & Vascular,Central Venous Catheter Kit,1,21219.83,4.1,UPI,Returned,Sanjay Verma,WH-Bhiwandi (West),West
ORD-10022,CUST-1806,2026-07-09,Home Healthcare,Peak Flow Meter,4,38899.78,7.7,Net Banking,Shipped,Anjali Nair,WH-Bhiwandi (West),West
ORD-10023,CUST-1665,2025-12-06,Surgical & Critical Care,Defibrillator & AED,1,40765.26,5.2,Credit Card,Delivered,Anjali Nair,WH-Gurugram (North),North
ORD-10024,CUST-1997,2026-07-14,Surgical & Critical Care,Surgical Stapler,5,1056.0,9.1,UPI,Processing,Anjali Nair,WH-Bengaluru (South),South
ORD-10025,CUST-1629,2026-07-04,Surgical & Critical Care,Surgical Stapler,4,35593.94,4.2,Debit Card,Returned,Sanjay Verma,WH-Gurugram (North),North
ORD-10026,CUST-1812,2026-05-29,Diagnostic & Monitoring,Infrared Non-Contact Thermometer,5,35138.28,1.3,Debit Card,Processing,Vikram Patel,WH-Gurugram (North),North
ORD-10027,CUST-1570,2025-10-26,Surgical & Critical Care,Electric Suction Apparatus,4,19021.95,2.6,COD,Processing,Ramesh Rao,WH-Bengaluru (South),South
ORD-10028,CUST-1474,2026-01-29,Diabetes Care,Blood Glucose Meter Kit,1,27273.36,15.0,UPI,Shipped,Priya Sharma,WH-Bhiwandi (West),West
ORD-10029,CUST-1993,2025-01-26,Surgical & Critical Care,Electric Suction Apparatus,5,18458.35,9.0,UPI,Delivered,Priya Sharma,WH-Bhiwandi (West),West
ORD-10030,CUST-1907,2026-06-16,Diabetes Care,Insulin Pump,3,26379.77,3.4,Credit Card,Delivered,Vikram Patel,WH-Kolkata (East),East
ORD-10031,CUST-1276,2026-07-06,Diagnostic & Monitoring,Infrared Non-Contact Thermometer,2,42430.34,14.6,Debit Card,Processing,Sanjay Verma,WH-Kolkata (East),East
ORD-10032,CUST-1334,2025-10-11,Orthopedic & Mobility,TENS Physiotherapy Unit,5,37600.87,0.2,Debit Card,Cancelled,Ramesh Rao,WH-Kolkata (East),East
ORD-10033,CUST-1519,2025-05-29,Surgical & Critical Care,Anesthesia Workstation,3,43264.94,13.9,UPI,Shipped,Ramesh Rao,WH-Gurugram (North),North
ORD-10034,CUST-1640,2026-01-26,Diabetes Care,Insulin Pump,2,19632.69,2.4,UPI,Returned,Sanjay Verma,WH-Gurugram (North),North
ORD-10035,CUST-1444,2025-08-09,Diagnostic & Monitoring,Pulse Oximeter,5,6431.01,12.7,UPI,Shipped,Sanjay Verma,WH-Bengaluru (South),South
ORD-10036,CUST-1553,2026-04-23,Diabetes Care,Lancet Device,4,36200.96,11.5,Credit Card,Cancelled,Ramesh Rao,WH-Bhiwandi (West),West
ORD-10037,CUST-1544,2025-07-21,Diagnostic & Monitoring,Vascular Doppler,1,9963.95,14.9,UPI,Processing,Sanjay Verma,WH-Bengaluru (South),South
ORD-10038,CUST-1922,2026-05-24,Diagnostic & Monitoring,Single-Channel ECG Machine,1,2478.47,0.6,Credit Card,Delivered,Sanjay Verma,WH-Gurugram (North),North
ORD-10039,CUST-1397,2026-02-26,Home Healthcare,Electric Heating Pad,3,42169.85,0.6,Net Banking,Delivered,Sanjay Verma,WH-Gurugram (North),North
ORD-10040,CUST-1112,2026-06-14,Diagnostic & Monitoring,Pulse Oximeter,1,3343.91,0.4,Debit Card,Delivered,Vikram Patel,WH-Bengaluru (South),South
ORD-10041,CUST-1340,2025-05-25,Surgical & Critical Care,Surgical Electrocautery Unit,1,42628.79,14.5,COD,Delivered,Sanjay Verma,WH-Bhiwandi (West),West
ORD-10042,CUST-1540,2026-05-24,Surgical & Critical Care,Defibrillator & AED,4,35443.58,11.9,Debit Card,Delivered,Ramesh Rao,WH-Bengaluru (South),South
ORD-10043,CUST-1696,2025-07-05,Diagnostic & Monitoring,Fetal Doppler Heart Rate Monitor,4,21053.96,6.8,COD,Shipped,Anjali Nair,WH-Gurugram (North),North
ORD-10044,CUST-1645,2026-03-16,Diagnostic & Monitoring,Capnograph Monitor,5,1433.22,13.7,Net Banking,Shipped,Ramesh Rao,WH-Bhiwandi (West),West
ORD-10045,CUST-1950,2026-07-06,Diagnostic & Monitoring,Capnograph Monitor,4,21810.16,6.6,COD,Returned,Anjali Nair,WH-Kolkata (East),East
ORD-10046,CUST-1656,2025-08-22,Surgical & Critical Care,LED Surgical OT Light,5,35403.02,10.6,COD,Shipped,Ramesh Rao,WH-Bengaluru (South),South
ORD-10047,CUST-1366,2025-12-12,Diagnostic & Monitoring,Digital Blood Pressure Monitor,5,35188.45,1.8,UPI,Processing,Priya Sharma,WH-Bhiwandi (West),West
ORD-10048,CUST-1102,2026-02-14,Diabetes Care,Insulin Pen Injector,1,5157.28,13.5,Credit Card,Delivered,Vikram Patel,WH-Bhiwandi (West),West
ORD-10049,CUST-1050,2026-03-19,Infusion & Vascular,Volumetric Infusion Pump,3,33696.96,7.6,COD,Delivered,Anjali Nair,WH-Kolkata (East),East
ORD-10050,CUST-1942,2026-04-12,Sterilization & Lab,Digital Centrifuge Machine,5,31532.91,7.1,Net Banking,Shipped,Ramesh Rao,WH-Kolkata (East),East
ORD-10051,CUST-1074,2026-06-12,Sterilization & Lab,Ultrasound Cleaner,5,31807.23,2.6,Debit Card,Delivered,Vikram Patel,WH-Gurugram (North),North
ORD-10052,CUST-1048,2026-01-02,Surgical & Critical Care,Anesthesia Workstation,2,33714.66,12.8,Credit Card,Delivered,Priya Sharma,WH-Bhiwandi (West),West
ORD-10053,CUST-1021,2026-07-03,Diagnostic & Monitoring,Digital Spirometer,2,19057.23,14.2,COD,Processing,Vikram Patel,WH-Bhiwandi (West),West
ORD-10054,CUST-1470,2025-11-16,Infusion & Vascular,Dialysis Catheter,2,38288.31,10.0,Debit Card,Delivered,Sanjay Verma,WH-Bengaluru (South),South
ORD-10055,CUST-1332,2025-07-01,Infusion & Vascular,Central Venous Catheter Kit,3,37953.41,8.0,Credit Card,Cancelled,Anjali Nair,WH-Bhiwandi (West),West
ORD-10056,CUST-1048,2026-05-21,Respiratory Care,BiPAP Machine,2,31875.8,13.8,Credit Card,Processing,Sanjay Verma,WH-Kolkata (East),East
ORD-10057,CUST-1662,2026-06-24,Home Healthcare,Digital Vein Finder,2,38772.8,4.9,COD,Delivered,Anjali Nair,WH-Bhiwandi (West),West
ORD-10058,CUST-1807,2026-01-18,Diagnostic & Monitoring,Fetal Doppler Heart Rate Monitor,4,44004.29,5.8,Debit Card,Delivered,Ramesh Rao,WH-Gurugram (North),North
ORD-10059,CUST-1156,2026-05-13,Diagnostic & Monitoring,Multi-Para Patient Monitor,1,1438.1,14.0,Credit Card,Delivered,Anjali Nair,WH-Bengaluru (South),South
ORD-10060,CUST-1858,2026-02-21,Diagnostic & Monitoring,Vascular Doppler,1,21927.74,4.3,Credit Card,Returned,Anjali Nair,WH-Gurugram (North),North
ORD-10061,CUST-1131,2025-02-24,Surgical & Critical Care,Pulse Generator Pacemaker,3,15868.15,3.9,UPI,Processing,Anjali Nair,WH-Bhiwandi (West),West
ORD-10062,CUST-1752,2026-05-16,Diagnostic & Monitoring,Continuous Glucose Monitor (CGM),4,33173.89,7.8,Net Banking,Processing,Vikram Patel,WH-Bhiwandi (West),West
ORD-10063,CUST-1485,2026-03-31,Surgical & Critical Care,Defibrillator & AED,1,18071.56,8.9,UPI,Delivered,Priya Sharma,WH-Bengaluru (South),South
ORD-10064,CUST-1095,2026-05-25,Respiratory Care,Auto CPAP Machine,2,17236.47,14.5,COD,Delivered,Ramesh Rao,WH-Gurugram (North),North
ORD-10065,CUST-1595,2026-02-10,Sterilization & Lab,UV Sterilizer Box,3,3451.49,7.3,UPI,Delivered,Sanjay Verma,WH-Bengaluru (South),South
ORD-10066,CUST-1076,2025-02-06,Infusion & Vascular,Dialysis Catheter,4,24934.32,13.5,Net Banking,Delivered,Anjali Nair,WH-Bengaluru (South),South
ORD-10067,CUST-1527,2025-10-21,Infusion & Vascular,Syringe Driver Pump,3,36304.56,3.0,UPI,Delivered,Sanjay Verma,WH-Bhiwandi (West),West
ORD-10068,CUST-1343,2026-07-20,Diagnostic & Monitoring,Single-Channel ECG Machine,3,11784.44,8.8,UPI,Delivered,Anjali Nair,WH-Bengaluru (South),South
ORD-10069,CUST-1214,2026-07-22,Respiratory Care,Portable Oxygen Concentrator (5L),4,17831.2,5.4,Credit Card,Cancelled,Vikram Patel,WH-Bhiwandi (West),West
ORD-10070,CUST-1313,2025-01-22,Diagnostic & Monitoring,Digital Otoscope,3,10007.04,6.9,UPI,Cancelled,Priya Sharma,WH-Gurugram (North),North
ORD-10071,CUST-1299,2025-09-03,Orthopedic & Mobility,Cervical Traction Unit,4,6211.42,10.2,Debit Card,Shipped,Anjali Nair,WH-Bengaluru (South),South
ORD-10072,CUST-1825,2025-10-25,Infusion & Vascular,Central Venous Catheter Kit,2,36391.99,0.8,Debit Card,Processing,Ramesh Rao,WH-Bengaluru (South),South
ORD-10073,CUST-1100,2026-03-07,Respiratory Care,BiPAP Machine,5,23534.23,1.6,UPI,Processing,Vikram Patel,WH-Kolkata (East),East
ORD-10074,CUST-1814,2026-05-15,Sterilization & Lab,UV Sterilizer Box,5,17885.93,12.3,Debit Card,Delivered,Sanjay Verma,WH-Bhiwandi (West),West
ORD-10075,CUST-1038,2026-06-08,Diabetes Care,Insulin Pump,3,24891.1,9.1,COD,Cancelled,Vikram Patel,WH-Kolkata (East),East
ORD-10076,CUST-1110,2026-07-05,Diabetes Care,Blood Glucose Meter Kit,2,6251.89,14.5,Debit Card,Shipped,Priya Sharma,WH-Bengaluru (South),South
ORD-10077,CUST-1616,2026-06-22,Respiratory Care,Incentive Spirometer,3,21164.83,3.0,UPI,Delivered,Ramesh Rao,WH-Bhiwandi (West),West
ORD-10078,CUST-1930,2026-04-09,Diabetes Care,Insulin Pump,5,29434.02,2.5,Credit Card,Shipped,Sanjay Verma,WH-Bengaluru (South),South
ORD-10079,CUST-1141,2025-01-12,Sterilization & Lab,Ultrasound Cleaner,5,14185.43,4.8,Debit Card,Returned,Anjali Nair,WH-Gurugram (North),North
ORD-10080,CUST-1989,2025-01-28,Home Healthcare,Digital Vein Finder,5,3131.53,5.3,Credit Card,Returned,Priya Sharma,WH-Kolkata (East),East
ORD-10081,CUST-1247,2026-03-12,Infusion & Vascular,Syringe Driver Pump,3,36994.57,7.6,COD,Delivered,Sanjay Verma,WH-Kolkata (East),East
ORD-10082,CUST-1092,2026-04-06,Diabetes Care,Blood Glucose Meter Kit,1,9900.31,11.6,Debit Card,Processing,Vikram Patel,WH-Bengaluru (South),South
ORD-10083,CUST-1645,2026-07-12,Diagnostic & Monitoring,Digital Spirometer,5,35351.74,5.5,Debit Card,Delivered,Vikram Patel,WH-Kolkata (East),East
ORD-10084,CUST-1303,2026-01-23,Respiratory Care,High-Flow Nasal Cannula System,4,15865.44,14.3,Debit Card,Returned,Vikram Patel,WH-Gurugram (North),North
ORD-10085,CUST-1196,2024-10-19,Surgical & Critical Care,Laryngoscope Set,3,28628.29,11.2,UPI,Cancelled,Ramesh Rao,WH-Kolkata (East),East
ORD-10086,CUST-1260,2026-07-16,Diabetes Care,Blood Glucose Meter Kit,5,16114.65,6.1,Net Banking,Shipped,Vikram Patel,WH-Gurugram (North),North
ORD-10087,CUST-1330,2025-04-17,Diagnostic & Monitoring,Vascular Doppler,1,27441.25,3.9,Net Banking,Delivered,Vikram Patel,WH-Kolkata (East),East
ORD-10088,CUST-1378,2026-07-04,Diagnostic & Monitoring,Infrared Non-Contact Thermometer,5,42185.46,5.2,COD,Delivered,Anjali Nair,WH-Gurugram (North),North
ORD-10089,CUST-1442,2025-02-01,Diagnostic & Monitoring,Multi-Para Patient Monitor,5,25759.43,1.5,COD,Cancelled,Vikram Patel,WH-Kolkata (East),East
ORD-10090,CUST-1169,2026-02-12,Infusion & Vascular,Volumetric Infusion Pump,3,18066.88,4.8,UPI,Delivered,Ramesh Rao,WH-Bengaluru (South),South
ORD-10091,CUST-1550,2026-05-04,Diagnostic & Monitoring,Single-Channel ECG Machine,2,29590.31,5.0,Debit Card,Delivered,Priya Sharma,WH-Kolkata (East),East
ORD-10092,CUST-1155,2026-05-02,Surgical & Critical Care,Defibrillator & AED,1,36450.99,10.9,Net Banking,Processing,Sanjay Verma,WH-Kolkata (East),East
ORD-10093,CUST-1793,2026-07-22,Home Healthcare,Peak Flow Meter,3,36774.96,2.6,UPI,Cancelled,Anjali Nair,WH-Gurugram (North),North
ORD-10094,CUST-1887,2025-02-28,Diagnostic & Monitoring,Pulse Oximeter,5,8923.76,2.2,COD,Delivered,Anjali Nair,WH-Bhiwandi (West),West
ORD-10095,CUST-1834,2026-05-24,Diagnostic & Monitoring,Capnograph Monitor,2,12945.97,7.1,Credit Card,Returned,Vikram Patel,WH-Bengaluru (South),South
ORD-10096,CUST-1339,2026-06-28,Orthopedic & Mobility,TENS Physiotherapy Unit,4,6221.43,12.8,Net Banking,Processing,Priya Sharma,WH-Kolkata (East),East
ORD-10097,CUST-1072,2026-07-22,Surgical & Critical Care,Surgical Electrocautery Unit,2,17232.63,7.8,Credit Card,Shipped,Vikram Patel,WH-Bengaluru (South),South
ORD-10098,CUST-1436,2026-06-15,Diabetes Care,Insulin Pump,1,2292.04,3.5,Net Banking,Processing,Sanjay Verma,WH-Gurugram (North),North
ORD-10099,CUST-1782,2025-11-21,Infusion & Vascular,Central Venous Catheter Kit,3,675.09,1.8,COD,Cancelled,Priya Sharma,WH-Bengaluru (South),South
ORD-10100,CUST-1366,2025-09-22,Respiratory Care,High-Flow Nasal Cannula System,2,4226.21,0.6,Debit Card,Processing,Priya Sharma,WH-Bhiwandi (West),West
ORD-10101,CUST-1005,2026-01-23,Diagnostic & Monitoring,Infrared Non-Contact Thermometer,2,2686.76,5.3,Credit Card,Processing,Vikram Patel,WH-Bengaluru (South),South
ORD-10102,CUST-1150,2026-03-27,Diabetes Care,Insulin Pen Injector,5,26225.15,11.0,Debit Card,Shipped,Sanjay Verma,WH-Bengaluru (South),South
ORD-10103,CUST-1251,2026-02-25,Diagnostic & Monitoring,Pulse Oximeter,1,16859.26,12.7,Net Banking,Processing,Vikram Patel,WH-Bhiwandi (West),West
ORD-10104,CUST-1515,2026-01-08,Sterilization & Lab,Tabletop Steam Autoclave,5,14451.24,7.9,UPI,Processing,Ramesh Rao,WH-Kolkata (East),East
ORD-10105,CUST-1455,2026-07-21,Surgical & Critical Care,Anesthesia Workstation,1,35860.14,2.9,UPI,Processing,Sanjay Verma,WH-Kolkata (East),East
ORD-10106,CUST-1305,2026-06-07,Respiratory Care,Portable Oxygen Concentrator (5L),5,25954.41,1.4,Debit Card,Delivered,Vikram Patel,WH-Gurugram (North),North
ORD-10107,CUST-1675,2026-05-16,Surgical & Critical Care,Pulse Generator Pacemaker,2,5383.95,5.3,Debit Card,Returned,Anjali Nair,WH-Bhiwandi (West),West
ORD-10108,CUST-1311,2025-05-05,Orthopedic & Mobility,Cervical Traction Unit,1,36838.34,6.9,Net Banking,Delivered,Ramesh Rao,WH-Bengaluru (South),South
ORD-10109,CUST-1681,2026-01-11,Respiratory Care,Suction Machine,5,24956.72,14.5,UPI,Delivered,Ramesh Rao,WH-Bengaluru (South),South
ORD-10110,CUST-1618,2025-10-21,Diabetes Care,Insulin Pump,5,15924.98,12.6,COD,Cancelled,Anjali Nair,WH-Bengaluru (South),South
ORD-10111,CUST-1135,2026-04-24,Diagnostic & Monitoring,Vascular Doppler,5,5162.67,2.9,COD,Cancelled,Priya Sharma,WH-Bengaluru (South),South
ORD-10112,CUST-1396,2026-07-21,Sterilization & Lab,Digital Centrifuge Machine,1,14096.05,10.1,Credit Card,Delivered,Sanjay Verma,WH-Gurugram (North),North
ORD-10113,CUST-1411,2026-04-30,Surgical & Critical Care,Laryngoscope Set,4,44450.37,2.1,Credit Card,Delivered,Ramesh Rao,WH-Bengaluru (South),South
ORD-10114,CUST-1820,2025-12-13,Respiratory Care,Mesh Nebulizer,3,24996.66,3.6,Debit Card,Shipped,Vikram Patel,WH-Bhiwandi (West),West
ORD-10115,CUST-1913,2026-07-15,Surgical & Critical Care,Laryngoscope Set,1,5027.16,3.8,Net Banking,Delivered,Sanjay Verma,WH-Bengaluru (South),South
ORD-10116,CUST-1132,2026-05-26,Sterilization & Lab,Tabletop Steam Autoclave,3,33152.76,1.8,Net Banking,Delivered,Anjali Nair,WH-Bhiwandi (West),West
ORD-10117,CUST-1006,2026-02-22,Infusion & Vascular,Dialysis Catheter,1,11598.83,7.4,UPI,Shipped,Vikram Patel,WH-Gurugram (North),North
ORD-10118,CUST-1183,2025-10-09,Surgical & Critical Care,LED Surgical OT Light,5,14252.59,3.0,Net Banking,Delivered,Ramesh Rao,WH-Bhiwandi (West),West
ORD-10119,CUST-1575,2025-07-27,Surgical & Critical Care,Defibrillator & AED,2,6219.27,2.2,Net Banking,Returned,Ramesh Rao,WH-Bengaluru (South),South
ORD-10120,CUST-1295,2026-04-14,Infusion & Vascular,Dialysis Catheter,4,44288.87,4.5,COD,Cancelled,Vikram Patel,WH-Bhiwandi (West),West
ORD-10121,CUST-1503,2026-07-10,Respiratory Care,Portable Oxygen Concentrator (5L),5,19435.44,0.8,Debit Card,Delivered,Anjali Nair,WH-Bengaluru (South),South
ORD-10122,CUST-1364,2026-06-18,Infusion & Vascular,Volumetric Infusion Pump,2,3410.35,11.5,Net Banking,Returned,Priya Sharma,WH-Bengaluru (South),South
ORD-10123,CUST-1920,2026-05-19,Respiratory Care,Mesh Nebulizer,1,14807.63,8.9,Net Banking,Delivered,Ramesh Rao,WH-Bhiwandi (West),West
ORD-10124,CUST-1518,2026-07-14,Surgical & Critical Care,Defibrillator & AED,2,10200.97,8.3,Net Banking,Delivered,Vikram Patel,WH-Bengaluru (South),South
ORD-10125,CUST-1955,2026-06-14,Orthopedic & Mobility,Folding Lightweight Wheelchair,3,29241.11,7.2,Debit Card,Processing,Sanjay Verma,WH-Gurugram (North),North
ORD-10126,CUST-1769,2025-05-30,Surgical & Critical Care,Pulse Generator Pacemaker,2,21287.4,9.7,Net Banking,Delivered,Ramesh Rao,WH-Bhiwandi (West),West
ORD-10127,CUST-1985,2025-11-21,Respiratory Care,Incentive Spirometer,4,29370.86,2.7,UPI,Shipped,Priya Sharma,WH-Gurugram (North),North
ORD-10128,CUST-1710,2026-01-06,Diagnostic & Monitoring,Single-Channel ECG Machine,1,36444.19,5.7,Net Banking,Delivered,Ramesh Rao,WH-Kolkata (East),East
ORD-10129,CUST-1449,2026-06-19,Sterilization & Lab,UV Sterilizer Box,2,10492.33,13.7,Credit Card,Shipped,Vikram Patel,WH-Bengaluru (South),South
ORD-10130,CUST-1970,2026-01-29,Home Healthcare,Digital Vein Finder,3,37793.76,0.8,UPI,Processing,Vikram Patel,WH-Bhiwandi (West),West
ORD-10131,CUST-1839,2026-05-12,Orthopedic & Mobility,Walking Frame with Castors,5,23247.43,11.0,Net Banking,Cancelled,Sanjay Verma,WH-Gurugram (North),North
ORD-10132,CUST-1338,2026-07-21,Surgical & Critical Care,Surgical Electrocautery Unit,1,24110.99,8.9,Credit Card,Cancelled,Anjali Nair,WH-Bhiwandi (West),West
ORD-10133,CUST-1886,2026-01-10,Home Healthcare,Peak Flow Meter,3,22814.1,8.5,Debit Card,Returned,Sanjay Verma,WH-Bengaluru (South),South
ORD-10134,CUST-1265,2026-05-28,Diabetes Care,Insulin Pump,3,7752.68,11.9,Credit Card,Delivered,Ramesh Rao,WH-Bhiwandi (West),West
ORD-10135,CUST-1606,2025-05-27,Surgical & Critical Care,Laryngoscope Set,3,26753.88,4.7,Credit Card,Cancelled,Sanjay Verma,WH-Bengaluru (South),South
ORD-10136,CUST-1097,2026-06-24,Diagnostic & Monitoring,Stethoscope (Cardiology Grade),1,16525.82,10.4,Credit Card,Delivered,Priya Sharma,WH-Kolkata (East),East
ORD-10137,CUST-1809,2025-09-18,Diabetes Care,Lancet Device,3,20986.55,13.7,Net Banking,Returned,Ramesh Rao,WH-Kolkata (East),East
ORD-10138,CUST-1312,2025-08-20,Orthopedic & Mobility,Walking Frame with Castors,1,16802.36,11.0,Debit Card,Delivered,Ramesh Rao,WH-Bhiwandi (West),West
ORD-10139,CUST-1349,2026-05-17,Sterilization & Lab,Ultrasound Cleaner,2,8240.66,8.3,UPI,Returned,Priya Sharma,WH-Kolkata (East),East
ORD-10140,CUST-1939,2026-07-16,Surgical & Critical Care,Laryngoscope Set,1,7967.49,1.1,COD,Cancelled,Vikram Patel,WH-Kolkata (East),East
ORD-10141,CUST-1062,2025-12-04,Diabetes Care,Lancet Device,1,31113.61,8.4,UPI,Returned,Vikram Patel,WH-Bengaluru (South),South
ORD-10142,CUST-1944,2026-06-03,Orthopedic & Mobility,Motorized Wheelchair,1,2550.33,9.9,Debit Card,Returned,Anjali Nair,WH-Bengaluru (South),South
ORD-10143,CUST-1351,2025-11-02,Infusion & Vascular,Central Venous Catheter Kit,5,1624.73,11.9,Credit Card,Returned,Anjali Nair,WH-Gurugram (North),North
ORD-10144,CUST-1748,2026-04-10,Respiratory Care,Auto CPAP Machine,5,9920.13,13.6,UPI,Returned,Sanjay Verma,WH-Bhiwandi (West),West
ORD-10145,CUST-1023,2025-04-29,Orthopedic & Mobility,Air Mattress for Bedsores,2,34567.15,8.8,Net Banking,Cancelled,Sanjay Verma,WH-Bengaluru (South),South
ORD-10146,CUST-1088,2026-07-16,Diabetes Care,Blood Glucose Meter Kit,3,29442.86,8.3,COD,Shipped,Anjali Nair,WH-Kolkata (East),East
ORD-10147,CUST-1725,2026-03-25,Diagnostic & Monitoring,Infrared Non-Contact Thermometer,1,38497.3,3.4,COD,Shipped,Ramesh Rao,WH-Gurugram (North),North
ORD-10148,CUST-1009,2025-10-15,Orthopedic & Mobility,Cervical Traction Unit,4,32189.47,2.5,COD,Processing,Priya Sharma,WH-Bhiwandi (West),West
ORD-10149,CUST-1079,2025-10-10,Diagnostic & Monitoring,Fetal Doppler Heart Rate Monitor,5,36516.98,2.5,Net Banking,Delivered,Ramesh Rao,WH-Gurugram (North),North
ORD-10150,CUST-1933,2026-07-15,Diagnostic & Monitoring,Digital Otoscope,3,21736.6,6.7,Net Banking,Shipped,Priya Sharma,WH-Gurugram (North),North
ORD-10151,CUST-1408,2025-08-23,Diabetes Care,Blood Glucose Meter Kit,1,22028.4,8.2,UPI,Returned,Ramesh Rao,WH-Kolkata (East),East
ORD-10152,CUST-1827,2026-06-06,Orthopedic & Mobility,Folding Lightweight Wheelchair,1,12460.21,2.3,Debit Card,Cancelled,Ramesh Rao,WH-Bengaluru (South),South
ORD-10153,CUST-1562,2026-05-11,Orthopedic & Mobility,Folding Lightweight Wheelchair,2,30710.92,4.0,Net Banking,Returned,Sanjay Verma,WH-Gurugram (North),North
ORD-10154,CUST-1310,2025-07-29,Surgical & Critical Care,Pulse Generator Pacemaker,2,25678.83,14.7,Debit Card,Delivered,Priya Sharma,WH-Bengaluru (South),South
ORD-10155,CUST-1060,2025-09-12,Surgical & Critical Care,Electric Suction Apparatus,3,27503.17,0.1,Net Banking,Processing,Anjali Nair,WH-Gurugram (North),North
ORD-10156,CUST-1052,2025-07-05,Diabetes Care,Insulin Pen Injector,4,35905.6,1.5,Debit Card,Delivered,Priya Sharma,WH-Bengaluru (South),South
ORD-10157,CUST-1689,2026-01-27,Orthopedic & Mobility,Cervical Traction Unit,1,38416.83,13.2,COD,Delivered,Vikram Patel,WH-Gurugram (North),North
ORD-10158,CUST-1332,2025-09-18,Surgical & Critical Care,Surgical Electrocautery Unit,2,12232.85,2.6,Debit Card,Delivered,Sanjay Verma,WH-Bhiwandi (West),West
ORD-10159,CUST-1307,2026-07-21,Respiratory Care,Suction Machine,5,26525.98,3.8,COD,Delivered,Vikram Patel,WH-Bhiwandi (West),West
ORD-10160,CUST-1743,2026-06-16,Diagnostic & Monitoring,Pulse Oximeter,2,21912.87,10.3,UPI,Delivered,Anjali Nair,WH-Kolkata (East),East
ORD-10161,CUST-1897,2025-02-26,Diagnostic & Monitoring,Stethoscope (Cardiology Grade),1,3941.99,10.4,Debit Card,Delivered,Vikram Patel,WH-Gurugram (North),North
ORD-10162,CUST-1516,2025-05-25,Surgical & Critical Care,Laryngoscope Set,5,33252.09,7.6,UPI,Delivered,Vikram Patel,WH-Bhiwandi (West),West
ORD-10163,CUST-1246,2026-01-06,Respiratory Care,Mesh Nebulizer,2,18873.24,6.0,Net Banking,Processing,Ramesh Rao,WH-Gurugram (North),North
ORD-10164,CUST-1219,2025-05-06,Respiratory Care,Incentive Spirometer,3,24727.8,8.0,UPI,Delivered,Ramesh Rao,WH-Gurugram (North),North
ORD-10165,CUST-1927,2026-05-28,Respiratory Care,High-Flow Nasal Cannula System,5,2890.78,7.3,Net Banking,Processing,Anjali Nair,WH-Kolkata (East),East
ORD-10166,CUST-1567,2025-08-30,Respiratory Care,Incentive Spirometer,5,25221.54,14.1,UPI,Shipped,Sanjay Verma,WH-Bhiwandi (West),West
ORD-10167,CUST-1087,2025-12-04,Sterilization & Lab,Ultrasound Cleaner,5,41605.55,3.6,Credit Card,Cancelled,Ramesh Rao,WH-Bengaluru (South),South
ORD-10168,CUST-1636,2026-01-10,Diagnostic & Monitoring,Pulse Oximeter,4,27081.8,4.3,Credit Card,Delivered,Sanjay Verma,WH-Bhiwandi (West),West
ORD-10169,CUST-1403,2026-01-04,Infusion & Vascular,Dialysis Catheter,1,32663.17,4.2,Credit Card,Processing,Sanjay Verma,WH-Bengaluru (South),South
ORD-10170,CUST-1920,2026-04-15,Surgical & Critical Care,Surgical Stapler,2,17113.69,10.9,COD,Shipped,Anjali Nair,WH-Gurugram (North),North
ORD-10171,CUST-1792,2025-11-09,Infusion & Vascular,IV Cannula (18G-24G),1,1939.18,12.5,UPI,Delivered,Anjali Nair,WH-Bengaluru (South),South
ORD-10172,CUST-1511,2025-12-30,Diagnostic & Monitoring,Digital Spirometer,5,9329.41,7.3,UPI,Processing,Vikram Patel,WH-Kolkata (East),East
ORD-10173,CUST-1120,2025-12-19,Diabetes Care,Blood Glucose Meter Kit,1,18028.88,6.7,COD,Cancelled,Ramesh Rao,WH-Kolkata (East),East
ORD-10174,CUST-1125,2026-07-07,Surgical & Critical Care,Surgical Electrocautery Unit,4,36775.21,8.1,Debit Card,Delivered,Anjali Nair,WH-Bhiwandi (West),West
ORD-10175,CUST-1042,2025-09-28,Respiratory Care,High-Flow Nasal Cannula System,4,41030.46,8.1,Credit Card,Shipped,Ramesh Rao,WH-Bengaluru (South),South
ORD-10176,CUST-1018,2026-05-11,Surgical & Critical Care,Pulse Generator Pacemaker,4,27932.88,10.2,Net Banking,Cancelled,Vikram Patel,WH-Kolkata (East),East
ORD-10177,CUST-1362,2025-03-17,Infusion & Vascular,IV Cannula (18G-24G),1,14815.41,5.6,COD,Shipped,Anjali Nair,WH-Gurugram (North),North
ORD-10178,CUST-1504,2026-01-17,Diagnostic & Monitoring,Vascular Doppler,1,11167.24,13.0,Net Banking,Delivered,Ramesh Rao,WH-Kolkata (East),East
ORD-10179,CUST-1654,2026-06-29,Orthopedic & Mobility,Air Mattress for Bedsores,3,14951.14,11.1,COD,Processing,Vikram Patel,WH-Gurugram (North),North
ORD-10180,CUST-1396,2026-05-21,Diagnostic & Monitoring,Multi-Para Patient Monitor,3,26307.03,13.1,Credit Card,Processing,Vikram Patel,WH-Kolkata (East),East
ORD-10181,CUST-1161,2026-02-12,Infusion & Vascular,IV Cannula (18G-24G),3,36218.98,5.2,Debit Card,Processing,Anjali Nair,WH-Bengaluru (South),South
ORD-10182,CUST-1748,2026-07-20,Sterilization & Lab,UV Sterilizer Box,1,42413.3,13.9,UPI,Delivered,Ramesh Rao,WH-Bhiwandi (West),West
ORD-10183,CUST-1980,2025-05-29,Sterilization & Lab,Tabletop Steam Autoclave,2,14350.44,14.8,Debit Card,Delivered,Anjali Nair,WH-Bhiwandi (West),West
ORD-10184,CUST-1158,2026-01-06,Orthopedic & Mobility,Folding Lightweight Wheelchair,3,31440.38,12.4,Debit Card,Shipped,Priya Sharma,WH-Gurugram (North),North
ORD-10185,CUST-1484,2026-06-05,Orthopedic & Mobility,Air Mattress for Bedsores,4,7937.23,7.7,UPI,Returned,Vikram Patel,WH-Bengaluru (South),South
ORD-10186,CUST-1101,2026-06-20,Diagnostic & Monitoring,Capnograph Monitor,5,3673.03,4.7,Net Banking,Delivered,Anjali Nair,WH-Gurugram (North),North
ORD-10187,CUST-1599,2025-09-12,Respiratory Care,Suction Machine,5,9294.19,12.5,UPI,Returned,Ramesh Rao,WH-Bhiwandi (West),West
ORD-10188,CUST-1200,2026-01-31,Respiratory Care,Mesh Nebulizer,4,27637.9,13.6,Net Banking,Delivered,Vikram Patel,WH-Kolkata (East),East
ORD-10189,CUST-1253,2026-02-12,Sterilization & Lab,UV Sterilizer Box,1,8149.44,3.9,Net Banking,Returned,Anjali Nair,WH-Kolkata (East),East
ORD-10190,CUST-1696,2025-03-14,Diagnostic & Monitoring,Digital Otoscope,5,26563.31,0.4,COD,Shipped,Sanjay Verma,WH-Bengaluru (South),South
ORD-10191,CUST-1614,2026-04-17,Diagnostic & Monitoring,Infrared Non-Contact Thermometer,3,15568.93,4.3,Credit Card,Delivered,Anjali Nair,WH-Bhiwandi (West),West
ORD-10192,CUST-1622,2025-08-17,Respiratory Care,Suction Machine,4,44933.21,14.5,COD,Returned,Priya Sharma,WH-Kolkata (East),East
ORD-10193,CUST-1592,2026-01-29,Diabetes Care,Lancet Device,1,21335.35,12.0,Credit Card,Processing,Anjali Nair,WH-Kolkata (East),East
ORD-10194,CUST-1735,2026-06-02,Surgical & Critical Care,Surgical Stapler,3,31798.74,6.0,Net Banking,Returned,Vikram Patel,WH-Bhiwandi (West),West
ORD-10195,CUST-1304,2026-07-05,Diagnostic & Monitoring,Multi-Para Patient Monitor,2,25753.44,3.6,Net Banking,Delivered,Vikram Patel,WH-Gurugram (North),North
ORD-10196,CUST-1946,2026-07-20,Sterilization & Lab,Digital Centrifuge Machine,5,9066.45,4.5,Net Banking,Cancelled,Anjali Nair,WH-Bengaluru (South),South
ORD-10197,CUST-1621,2026-02-16,Diagnostic & Monitoring,Digital Spirometer,4,31654.46,2.7,Credit Card,Delivered,Ramesh Rao,WH-Gurugram (North),North
ORD-10198,CUST-1603,2026-04-03,Respiratory Care,High-Flow Nasal Cannula System,1,35969.1,6.5,UPI,Returned,Anjali Nair,WH-Kolkata (East),East
ORD-10199,CUST-1599,2026-02-16,Diagnostic & Monitoring,Infrared Non-Contact Thermometer,3,29416.71,14.5,UPI,Processing,Anjali Nair,WH-Bhiwandi (West),West
ORD-10200,CUST-1697,2025-07-17,Sterilization & Lab,Digital Centrifuge Machine,1,17850.67,0.4,Net Banking,Cancelled,Priya Sharma,WH-Bengaluru (South),South
ORD-10201,CUST-1362,2025-08-13,Diagnostic & Monitoring,Digital Otoscope,4,31500.27,11.0,UPI,Delivered,Ramesh Rao,WH-Bengaluru (South),South
ORD-10202,CUST-1933,2026-04-07,Sterilization & Lab,Ultrasound Cleaner,5,26593.18,5.2,Credit Card,Processing,Ramesh Rao,WH-Gurugram (North),North
ORD-10203,CUST-1167,2026-05-21,Orthopedic & Mobility,Motorized Wheelchair,2,19410.88,2.2,Debit Card,Shipped,Ramesh Rao,WH-Bhiwandi (West),West
ORD-10204,CUST-1923,2026-06-20,Sterilization & Lab,UV Sterilizer Box,1,25934.84,1.4,Credit Card,Delivered,Priya Sharma,WH-Bengaluru (South),South
ORD-10205,CUST-1249,2026-05-22,Respiratory Care,Portable Oxygen Concentrator (5L),4,27804.27,11.5,COD,Delivered,Sanjay Verma,WH-Gurugram (North),North
ORD-10206,CUST-1184,2026-03-31,Infusion & Vascular,IV Cannula (18G-24G),2,28439.43,6.4,Net Banking,Cancelled,Anjali Nair,WH-Bengaluru (South),South
ORD-10207,CUST-1796,2026-07-10,Home Healthcare,Peak Flow Meter,3,35165.48,8.1,Credit Card,Delivered,Vikram Patel,WH-Bhiwandi (West),West
ORD-10208,CUST-1178,2025-10-05,Sterilization & Lab,Tabletop Steam Autoclave,2,9494.7,11.3,UPI,Delivered,Ramesh Rao,WH-Gurugram (North),North
ORD-10209,CUST-1362,2025-07-21,Sterilization & Lab,Tabletop Steam Autoclave,2,24792.45,13.0,UPI,Cancelled,Anjali Nair,WH-Kolkata (East),East
ORD-10210,CUST-1030,2026-01-31,Diagnostic & Monitoring,Vascular Doppler,1,30204.82,2.2,Debit Card,Delivered,Anjali Nair,WH-Bengaluru (South),South
ORD-10211,CUST-1883,2025-11-03,Sterilization & Lab,UV Sterilizer Box,5,40750.53,11.4,Credit Card,Processing,Ramesh Rao,WH-Bengaluru (South),South
ORD-10212,CUST-1447,2026-03-31,Sterilization & Lab,Ultrasound Cleaner,2,31331.66,5.6,Credit Card,Returned,Sanjay Verma,WH-Bengaluru (South),South
ORD-10213,CUST-1508,2026-04-11,Orthopedic & Mobility,Motorized Wheelchair,2,11219.63,8.4,COD,Delivered,Priya Sharma,WH-Gurugram (North),North
ORD-10214,CUST-1148,2026-02-12,Diagnostic & Monitoring,Multi-Para Patient Monitor,1,21429.84,2.5,Net Banking,Processing,Priya Sharma,WH-Kolkata (East),East
ORD-10215,CUST-1954,2026-02-20,Surgical & Critical Care,Pulse Generator Pacemaker,2,38670.02,14.0,Debit Card,Delivered,Ramesh Rao,WH-Gurugram (North),North
ORD-10216,CUST-1334,2025-11-19,Orthopedic & Mobility,Air Mattress for Bedsores,5,32680.32,4.4,Credit Card,Cancelled,Ramesh Rao,WH-Bengaluru (South),South
ORD-10217,CUST-1198,2026-05-03,Diagnostic & Monitoring,Digital Blood Pressure Monitor,2,17680.5,4.9,COD,Returned,Vikram Patel,WH-Bhiwandi (West),West
ORD-10218,CUST-1358,2026-04-10,Respiratory Care,Compressor Nebulizer,1,42306.74,5.8,COD,Returned,Sanjay Verma,WH-Gurugram (North),North
ORD-10219,CUST-1356,2026-07-08,Respiratory Care,Suction Machine,5,41579.87,8.8,COD,Delivered,Ramesh Rao,WH-Bhiwandi (West),West
ORD-10220,CUST-1469,2026-02-10,Surgical & Critical Care,Laryngoscope Set,3,22285.13,0.6,Net Banking,Delivered,Vikram Patel,WH-Gurugram (North),North
ORD-10221,CUST-1817,2025-09-24,Diagnostic & Monitoring,Infrared Non-Contact Thermometer,5,38525.49,12.1,Net Banking,Delivered,Anjali Nair,WH-Bhiwandi (West),West
ORD-10222,CUST-1428,2025-09-30,Diagnostic & Monitoring,Digital Blood Pressure Monitor,2,1393.17,10.7,Net Banking,Returned,Ramesh Rao,WH-Bengaluru (South),South
ORD-10223,CUST-1161,2026-06-27,Respiratory Care,Auto CPAP Machine,5,25782.67,12.1,Debit Card,Delivered,Anjali Nair,WH-Bhiwandi (West),West
ORD-10224,CUST-1502,2026-03-02,Surgical & Critical Care,Surgical Stapler,4,20415.7,7.5,Net Banking,Returned,Priya Sharma,WH-Bengaluru (South),South
ORD-10225,CUST-1964,2026-07-14,Infusion & Vascular,Dialysis Catheter,5,2226.31,11.8,Net Banking,Delivered,Anjali Nair,WH-Gurugram (North),North
ORD-10226,CUST-1750,2025-05-06,Orthopedic & Mobility,Air Mattress for Bedsores,5,24831.38,5.1,Credit Card,Returned,Priya Sharma,WH-Kolkata (East),East
ORD-10227,CUST-1923,2026-04-28,Diabetes Care,Lancet Device,2,26529.15,9.0,Credit Card,Delivered,Priya Sharma,WH-Kolkata (East),East
ORD-10228,CUST-1421,2025-12-28,Diagnostic & Monitoring,Multi-Para Patient Monitor,3,42437.17,14.0,COD,Processing,Priya Sharma,WH-Bengaluru (South),South
ORD-10229,CUST-1597,2026-04-18,Home Healthcare,Electric Heating Pad,4,42356.51,10.3,Debit Card,Shipped,Anjali Nair,WH-Kolkata (East),East
ORD-10230,CUST-1159,2026-07-14,Diagnostic & Monitoring,Capnograph Monitor,5,37187.78,11.8,Debit Card,Returned,Sanjay Verma,WH-Kolkata (East),East
ORD-10231,CUST-1609,2025-02-19,Respiratory Care,Incentive Spirometer,1,36060.76,14.5,Net Banking,Delivered,Ramesh Rao,WH-Bengaluru (South),South
ORD-10232,CUST-1677,2026-05-10,Home Healthcare,Peak Flow Meter,2,1489.49,8.4,Credit Card,Delivered,Priya Sharma,WH-Gurugram (North),North
ORD-10233,CUST-1762,2026-05-01,Sterilization & Lab,Digital Centrifuge Machine,5,4807.16,8.5,Net Banking,Shipped,Sanjay Verma,WH-Bhiwandi (West),West
ORD-10234,CUST-1543,2026-06-04,Surgical & Critical Care,Anesthesia Workstation,3,2793.41,12.7,UPI,Returned,Ramesh Rao,WH-Bhiwandi (West),West
ORD-10235,CUST-1949,2026-07-04,Diagnostic & Monitoring,Stethoscope (Cardiology Grade),2,34346.45,4.4,COD,Returned,Ramesh Rao,WH-Kolkata (East),East
ORD-10236,CUST-1973,2026-03-12,Diagnostic & Monitoring,Multi-Para Patient Monitor,5,39808.65,0.8,UPI,Shipped,Vikram Patel,WH-Kolkata (East),East
ORD-10237,CUST-1937,2025-09-14,Diagnostic & Monitoring,Vascular Doppler,5,16605.47,11.7,Credit Card,Delivered,Priya Sharma,WH-Bengaluru (South),South
ORD-10238,CUST-1701,2025-09-03,Diagnostic & Monitoring,Pulse Oximeter,4,18141.71,7.4,UPI,Returned,Priya Sharma,WH-Kolkata (East),East
ORD-10239,CUST-1742,2026-03-09,Surgical & Critical Care,LED Surgical OT Light,2,24827.1,5.8,UPI,Cancelled,Vikram Patel,WH-Gurugram (North),North
ORD-10240,CUST-1934,2026-07-09,Diabetes Care,Insulin Pen Injector,4,983.65,4.6,Net Banking,Cancelled,Vikram Patel,WH-Bengaluru (South),South
ORD-10241,CUST-1911,2026-07-01,Infusion & Vascular,Volumetric Infusion Pump,3,38487.38,2.0,Debit Card,Processing,Anjali Nair,WH-Bengaluru (South),South
ORD-10242,CUST-1336,2025-10-13,Respiratory Care,Compressor Nebulizer,1,10384.47,10.5,Debit Card,Cancelled,Ramesh Rao,WH-Kolkata (East),East
ORD-10243,CUST-1827,2026-06-18,Home Healthcare,Digital Vein Finder,3,10207.86,3.0,Debit Card,Returned,Priya Sharma,WH-Bhiwandi (West),West
ORD-10244,CUST-1760,2025-12-24,Diagnostic & Monitoring,Vascular Doppler,1,29442.66,14.8,Credit Card,Delivered,Ramesh Rao,WH-Bengaluru (South),South
ORD-10245,CUST-1157,2026-02-04,Diagnostic & Monitoring,Single-Channel ECG Machine,4,10219.77,0.0,Debit Card,Delivered,Vikram Patel,WH-Kolkata (East),East
ORD-10246,CUST-1929,2026-06-27,Respiratory Care,High-Flow Nasal Cannula System,5,40477.96,1.0,Debit Card,Shipped,Anjali Nair,WH-Bengaluru (South),South
ORD-10247,CUST-1134,2025-12-08,Respiratory Care,High-Flow Nasal Cannula System,3,38568.85,9.7,COD,Cancelled,Sanjay Verma,WH-Kolkata (East),East
ORD-10248,CUST-1553,2025-07-12,Sterilization & Lab,UV Sterilizer Box,1,35386.65,4.0,UPI,Delivered,Sanjay Verma,WH-Kolkata (East),East
ORD-10249,CUST-1551,2025-04-25,Respiratory Care,Auto CPAP Machine,4,13794.2,9.4,UPI,Shipped,Sanjay Verma,WH-Gurugram (North),North
ORD-10250,CUST-1067,2026-04-01,Respiratory Care,BiPAP Machine,1,11805.68,10.8,UPI,Delivered,Ramesh Rao,WH-Gurugram (North),North
ORD-10251,CUST-1233,2025-02-05,Diagnostic & Monitoring,Digital Otoscope,2,21733.82,12.0,UPI,Returned,Sanjay Verma,WH-Bhiwandi (West),West
ORD-10252,CUST-1578,2026-05-07,Diagnostic & Monitoring,Pulse Oximeter,4,35766.53,6.3,COD,Shipped,Ramesh Rao,WH-Bengaluru (South),South
ORD-10253,CUST-1994,2025-12-31,Home Healthcare,Electric Heating Pad,3,14032.25,6.4,Credit Card,Delivered,Sanjay Verma,WH-Kolkata (East),East
ORD-10254,CUST-1451,2026-06-29,Diagnostic & Monitoring,Multi-Para Patient Monitor,3,12706.7,7.2,Credit Card,Cancelled,Ramesh Rao,WH-Kolkata (East),East
ORD-10255,CUST-1052,2025-12-01,Orthopedic & Mobility,Cervical Traction Unit,3,3907.75,2.6,COD,Returned,Sanjay Verma,WH-Bhiwandi (West),West
ORD-10256,CUST-1645,2026-07-10,Respiratory Care,Incentive Spirometer,1,2809.95,2.7,Net Banking,Delivered,Priya Sharma,WH-Gurugram (North),North
ORD-10257,CUST-1064,2026-07-18,Diagnostic & Monitoring,Continuous Glucose Monitor (CGM),4,33474.8,7.4,Debit Card,Shipped,Anjali Nair,WH-Bengaluru (South),South
ORD-10258,CUST-1736,2025-09-30,Orthopedic & Mobility,Walking Frame with Castors,2,8526.48,11.8,Credit Card,Delivered,Priya Sharma,WH-Bengaluru (South),South
ORD-10259,CUST-1630,2026-07-17,Sterilization & Lab,Ultrasound Cleaner,5,8091.0,9.9,UPI,Returned,Anjali Nair,WH-Gurugram (North),North
ORD-10260,CUST-1492,2026-07-16,Diagnostic & Monitoring,Infrared Non-Contact Thermometer,5,38507.79,3.3,Debit Card,Delivered,Anjali Nair,WH-Bhiwandi (West),West
ORD-10261,CUST-1083,2026-07-21,Diagnostic & Monitoring,Vascular Doppler,4,44998.99,11.5,COD,Delivered,Sanjay Verma,WH-Gurugram (North),North
ORD-10262,CUST-1236,2026-01-24,Infusion & Vascular,Syringe Driver Pump,2,33364.05,7.4,UPI,Returned,Vikram Patel,WH-Gurugram (North),North
ORD-10263,CUST-1238,2026-07-04,Diabetes Care,Insulin Pen Injector,4,24758.13,13.5,UPI,Shipped,Sanjay Verma,WH-Bengaluru (South),South
ORD-10264,CUST-1810,2025-09-22,Respiratory Care,Auto CPAP Machine,1,17730.23,6.4,UPI,Delivered,Priya Sharma,WH-Bhiwandi (West),West
ORD-10265,CUST-1220,2026-02-16,Orthopedic & Mobility,Walking Frame with Castors,1,20568.11,3.6,Debit Card,Returned,Sanjay Verma,WH-Gurugram (North),North
ORD-10266,CUST-1252,2026-07-06,Sterilization & Lab,Digital Centrifuge Machine,2,28661.03,3.8,Net Banking,Cancelled,Priya Sharma,WH-Bhiwandi (West),West
ORD-10267,CUST-1687,2025-05-27,Surgical & Critical Care,Surgical Electrocautery Unit,4,38347.15,9.6,Credit Card,Delivered,Ramesh Rao,WH-Gurugram (North),North
ORD-10268,CUST-1790,2026-05-28,Surgical & Critical Care,Defibrillator & AED,5,31894.5,7.8,Net Banking,Cancelled,Anjali Nair,WH-Bengaluru (South),South
ORD-10269,CUST-1691,2026-07-09,Respiratory Care,High-Flow Nasal Cannula System,5,42845.81,11.9,Credit Card,Delivered,Priya Sharma,WH-Bhiwandi (West),West
ORD-10270,CUST-1972,2026-06-18,Respiratory Care,Mesh Nebulizer,4,25965.23,10.6,Debit Card,Shipped,Sanjay Verma,WH-Bengaluru (South),South
ORD-10271,CUST-1197,2026-04-26,Respiratory Care,Mesh Nebulizer,3,13125.85,8.5,UPI,Shipped,Ramesh Rao,WH-Kolkata (East),East
ORD-10272,CUST-1303,2025-11-24,Diagnostic & Monitoring,Vascular Doppler,3,29274.69,6.6,COD,Delivered,Vikram Patel,WH-Gurugram (North),North
ORD-10273,CUST-1375,2026-06-29,Home Healthcare,Digital Vein Finder,3,21908.79,7.0,Debit Card,Returned,Priya Sharma,WH-Kolkata (East),East
ORD-10274,CUST-1687,2025-06-07,Diagnostic & Monitoring,Continuous Glucose Monitor (CGM),1,4971.96,11.1,Net Banking,Delivered,Priya Sharma,WH-Bengaluru (South),South
ORD-10275,CUST-1085,2026-04-09,Sterilization & Lab,Ultrasound Cleaner,3,22561.99,6.6,Net Banking,Cancelled,Priya Sharma,WH-Bengaluru (South),South
ORD-10276,CUST-1769,2024-09-19,Home Healthcare,Peak Flow Meter,1,28794.9,14.6,COD,Processing,Vikram Patel,WH-Bengaluru (South),South
ORD-10277,CUST-1552,2026-05-03,Sterilization & Lab,Tabletop Steam Autoclave,2,25839.6,7.6,Credit Card,Returned,Priya Sharma,WH-Gurugram (North),North
ORD-10278,CUST-1433,2026-03-25,Infusion & Vascular,IV Cannula (18G-24G),1,36267.62,10.4,Credit Card,Shipped,Ramesh Rao,WH-Gurugram (North),North
ORD-10279,CUST-1478,2026-04-03,Sterilization & Lab,Digital Centrifuge Machine,5,13589.7,8.9,Credit Card,Delivered,Priya Sharma,WH-Gurugram (North),North
ORD-10280,CUST-1345,2025-06-30,Sterilization & Lab,Tabletop Steam Autoclave,5,1372.76,12.6,COD,Shipped,Vikram Patel,WH-Gurugram (North),North
ORD-10281,CUST-1326,2026-03-15,Diabetes Care,Insulin Pump,2,10257.88,4.4,Debit Card,Shipped,Anjali Nair,WH-Gurugram (North),North
ORD-10282,CUST-1308,2026-03-20,Surgical & Critical Care,LED Surgical OT Light,3,17038.78,7.7,Debit Card,Delivered,Ramesh Rao,WH-Kolkata (East),East
ORD-10283,CUST-1628,2026-06-27,Respiratory Care,Auto CPAP Machine,3,37485.02,3.3,Debit Card,Returned,Anjali Nair,WH-Kolkata (East),East
ORD-10284,CUST-1823,2025-03-22,Infusion & Vascular,Syringe Driver Pump,3,5295.68,12.0,COD,Returned,Sanjay Verma,WH-Bhiwandi (West),West
ORD-10285,CUST-1723,2026-07-07,Orthopedic & Mobility,Walking Frame with Castors,3,12487.32,8.0,COD,Returned,Vikram Patel,WH-Bhiwandi (West),West
ORD-10286,CUST-1767,2025-08-11,Diagnostic & Monitoring,Stethoscope (Cardiology Grade),5,25775.75,2.3,Net Banking,Delivered,Ramesh Rao,WH-Bhiwandi (West),West
ORD-10287,CUST-1915,2026-01-07,Orthopedic & Mobility,Motorized Wheelchair,4,20188.09,1.3,Debit Card,Delivered,Sanjay Verma,WH-Bengaluru (South),South
ORD-10288,CUST-1999,2025-03-18,Diagnostic & Monitoring,Fetal Doppler Heart Rate Monitor,2,44634.65,11.1,Credit Card,Processing,Priya Sharma,WH-Bengaluru (South),South
ORD-10289,CUST-1137,2026-07-03,Surgical & Critical Care,Laryngoscope Set,1,15396.85,0.4,Credit Card,Returned,Priya Sharma,WH-Bhiwandi (West),West
ORD-10290,CUST-1477,2026-07-07,Diagnostic & Monitoring,Continuous Glucose Monitor (CGM),2,5202.12,3.2,UPI,Processing,Anjali Nair,WH-Kolkata (East),East
ORD-10291,CUST-1448,2024-10-06,Home Healthcare,Peak Flow Meter,3,5571.73,9.2,Credit Card,Delivered,Anjali Nair,WH-Bengaluru (South),South
ORD-10292,CUST-1206,2026-07-09,Diagnostic & Monitoring,Digital Spirometer,1,26269.06,3.6,Net Banking,Cancelled,Sanjay Verma,WH-Kolkata (East),East
ORD-10293,CUST-1406,2026-03-13,Diagnostic & Monitoring,Capnograph Monitor,2,36675.67,14.9,COD,Processing,Sanjay Verma,WH-Kolkata (East),East
ORD-10294,CUST-1333,2026-05-22,Infusion & Vascular,Syringe Driver Pump,1,23773.43,1.5,Credit Card,Processing,Vikram Patel,WH-Gurugram (North),North
ORD-10295,CUST-1119,2024-08-24,Diagnostic & Monitoring,Digital Otoscope,2,2883.59,1.5,Debit Card,Cancelled,Priya Sharma,WH-Bengaluru (South),South
ORD-10296,CUST-1852,2026-03-30,Surgical & Critical Care,Electric Suction Apparatus,3,33142.02,7.0,Credit Card,Processing,Vikram Patel,WH-Bengaluru (South),South
ORD-10297,CUST-1245,2026-07-15,Home Healthcare,Peak Flow Meter,4,29657.65,9.2,UPI,Delivered,Priya Sharma,WH-Gurugram (North),North
ORD-10298,CUST-1155,2026-06-05,Orthopedic & Mobility,Motorized Wheelchair,4,3998.56,9.2,Net Banking,Delivered,Priya Sharma,WH-Bhiwandi (West),West
ORD-10299,CUST-1964,2025-09-15,Respiratory Care,High-Flow Nasal Cannula System,2,13073.28,8.3,Net Banking,Delivered,Priya Sharma,WH-Bengaluru (South),South
ORD-10300,CUST-1340,2025-07-11,Orthopedic & Mobility,Motorized Wheelchair,3,43293.79,8.1,Credit Card,Returned,Sanjay Verma,WH-Bengaluru (South),South
ORD-10301,CUST-1625,2026-07-14,Diagnostic & Monitoring,Capnograph Monitor,4,2511.25,11.8,UPI,Cancelled,Priya Sharma,WH-Kolkata (East),East
ORD-10302,CUST-1022,2026-04-26,Orthopedic & Mobility,Walking Frame with Castors,4,41976.67,14.5,UPI,Shipped,Ramesh Rao,WH-Bhiwandi (West),West
ORD-10303,CUST-1025,2026-02-16,Infusion & Vascular,IV Cannula (18G-24G),5,43027.56,13.1,Debit Card,Returned,Anjali Nair,WH-Gurugram (North),North
ORD-10304,CUST-1697,2026-06-23,Diagnostic & Monitoring,Stethoscope (Cardiology Grade),4,11301.18,9.1,COD,Returned,Vikram Patel,WH-Bhiwandi (West),West
ORD-10305,CUST-1353,2026-03-05,Respiratory Care,Auto CPAP Machine,2,28975.85,11.6,COD,Delivered,Anjali Nair,WH-Gurugram (North),North
ORD-10306,CUST-1217,2026-03-15,Surgical & Critical Care,Surgical Electrocautery Unit,1,18894.96,7.4,COD,Returned,Sanjay Verma,WH-Gurugram (North),North
ORD-10307,CUST-1042,2026-04-03,Diagnostic & Monitoring,Vascular Doppler,3,12050.76,8.0,Credit Card,Delivered,Vikram Patel,WH-Bhiwandi (West),West
ORD-10308,CUST-1477,2026-07-02,Sterilization & Lab,Tabletop Steam Autoclave,3,21158.16,1.6,COD,Returned,Anjali Nair,WH-Gurugram (North),North
ORD-10309,CUST-1034,2026-05-29,Infusion & Vascular,Dialysis Catheter,4,38931.66,1.4,COD,Returned,Vikram Patel,WH-Gurugram (North),North
ORD-10310,CUST-1229,2026-04-22,Infusion & Vascular,Syringe Driver Pump,5,21050.23,9.0,COD,Processing,Priya Sharma,WH-Bhiwandi (West),West
ORD-10311,CUST-1896,2026-04-28,Respiratory Care,Compressor Nebulizer,2,27394.59,5.7,Net Banking,Delivered,Sanjay Verma,WH-Gurugram (North),North
ORD-10312,CUST-1066,2025-10-24,Surgical & Critical Care,Defibrillator & AED,4,25901.05,8.8,COD,Returned,Ramesh Rao,WH-Bengaluru (South),South
ORD-10313,CUST-1327,2026-03-10,Diabetes Care,Blood Glucose Meter Kit,4,2995.89,3.2,UPI,Delivered,Vikram Patel,WH-Bengaluru (South),South
ORD-10314,CUST-1481,2026-06-17,Infusion & Vascular,Volumetric Infusion Pump,5,11340.48,10.1,Credit Card,Delivered,Ramesh Rao,WH-Gurugram (North),North
ORD-10315,CUST-1356,2026-07-14,Orthopedic & Mobility,Air Mattress for Bedsores,3,24639.09,6.7,Debit Card,Delivered,Ramesh Rao,WH-Kolkata (East),East
ORD-10316,CUST-1336,2025-10-31,Orthopedic & Mobility,Motorized Wheelchair,3,8250.3,5.7,UPI,Delivered,Vikram Patel,WH-Kolkata (East),East
ORD-10317,CUST-1886,2025-12-09,Diabetes Care,Lancet Device,5,19246.91,3.4,Credit Card,Delivered,Anjali Nair,WH-Bhiwandi (West),West
ORD-10318,CUST-1858,2026-05-16,Infusion & Vascular,Volumetric Infusion Pump,4,35644.09,4.0,Credit Card,Returned,Anjali Nair,WH-Gurugram (North),North
ORD-10319,CUST-1255,2026-02-07,Diagnostic & Monitoring,Digital Blood Pressure Monitor,5,32843.23,7.4,Debit Card,Shipped,Ramesh Rao,WH-Bhiwandi (West),West
ORD-10320,CUST-1141,2025-02-10,Respiratory Care,Incentive Spirometer,1,29699.57,4.0,Credit Card,Returned,Ramesh Rao,WH-Bengaluru (South),South
ORD-10321,CUST-1861,2026-02-24,Respiratory Care,Compressor Nebulizer,4,13077.32,12.0,Net Banking,Cancelled,Ramesh Rao,WH-Gurugram (North),North
ORD-10322,CUST-1843,2026-01-09,Home Healthcare,Digital Vein Finder,4,38150.02,9.9,Credit Card,Delivered,Vikram Patel,WH-Kolkata (East),East
ORD-10323,CUST-1626,2025-11-06,Respiratory Care,Suction Machine,5,44447.45,8.4,Net Banking,Returned,Priya Sharma,WH-Bengaluru (South),South
ORD-10324,CUST-1740,2025-11-25,Diagnostic & Monitoring,Stethoscope (Cardiology Grade),4,3143.09,14.0,Credit Card,Shipped,Ramesh Rao,WH-Gurugram (North),North
ORD-10325,CUST-1687,2026-03-09,Orthopedic & Mobility,Folding Lightweight Wheelchair,5,37375.74,13.3,UPI,Cancelled,Priya Sharma,WH-Bengaluru (South),South
ORD-10326,CUST-1298,2026-06-19,Surgical & Critical Care,LED Surgical OT Light,5,8080.87,8.2,Debit Card,Returned,Sanjay Verma,WH-Gurugram (North),North
ORD-10327,CUST-1642,2026-03-11,Diagnostic & Monitoring,Digital Blood Pressure Monitor,4,25254.33,5.3,Net Banking,Delivered,Vikram Patel,WH-Gurugram (North),North
ORD-10328,CUST-1609,2025-02-22,Diagnostic & Monitoring,Pulse Oximeter,1,17801.77,2.3,COD,Delivered,Anjali Nair,WH-Bhiwandi (West),West
ORD-10329,CUST-1971,2026-03-28,Diagnostic & Monitoring,Single-Channel ECG Machine,3,12139.45,6.4,Debit Card,Processing,Priya Sharma,WH-Gurugram (North),North
ORD-10330,CUST-1494,2025-11-13,Infusion & Vascular,Syringe Driver Pump,3,43715.4,7.4,Credit Card,Shipped,Priya Sharma,WH-Bengaluru (South),South
ORD-10331,CUST-1345,2025-06-21,Surgical & Critical Care,Surgical Electrocautery Unit,3,7703.17,10.1,Net Banking,Delivered,Sanjay Verma,WH-Kolkata (East),East
ORD-10332,CUST-1819,2026-03-14,Diagnostic & Monitoring,Stethoscope (Cardiology Grade),3,13471.3,1.0,Credit Card,Returned,Anjali Nair,WH-Gurugram (North),North
ORD-10333,CUST-1254,2026-04-25,Diagnostic & Monitoring,Continuous Glucose Monitor (CGM),4,42131.56,13.7,Credit Card,Delivered,Ramesh Rao,WH-Kolkata (East),East
ORD-10334,CUST-1802,2026-06-14,Respiratory Care,Compressor Nebulizer,3,36470.96,11.4,Credit Card,Delivered,Ramesh Rao,WH-Kolkata (East),East
ORD-10335,CUST-1174,2026-07-14,Diabetes Care,Insulin Pen Injector,2,8225.32,8.0,COD,Shipped,Priya Sharma,WH-Kolkata (East),East
ORD-10336,CUST-1058,2026-04-27,Respiratory Care,Suction Machine,5,14912.07,3.8,Credit Card,Cancelled,Sanjay Verma,WH-Bhiwandi (West),West
ORD-10337,CUST-1599,2026-03-08,Surgical & Critical Care,Surgical Stapler,3,31583.43,7.8,COD,Cancelled,Priya Sharma,WH-Bengaluru (South),South
ORD-10338,CUST-1610,2026-04-30,Surgical & Critical Care,LED Surgical OT Light,3,21792.95,6.1,UPI,Delivered,Sanjay Verma,WH-Gurugram (North),North
ORD-10339,CUST-1718,2025-11-02,Surgical & Critical Care,Surgical Electrocautery Unit,1,9686.73,14.4,Net Banking,Delivered,Ramesh Rao,WH-Kolkata (East),East
ORD-10340,CUST-1541,2026-06-24,Infusion & Vascular,Central Venous Catheter Kit,4,12591.06,3.1,COD,Processing,Priya Sharma,WH-Bengaluru (South),South
ORD-10341,CUST-1089,2026-01-03,Surgical & Critical Care,Pulse Generator Pacemaker,2,36655.17,2.3,COD,Delivered,Priya Sharma,WH-Bhiwandi (West),West
ORD-10342,CUST-1840,2026-06-12,Diagnostic & Monitoring,Digital Otoscope,1,9304.69,2.2,Net Banking,Returned,Sanjay Verma,WH-Bhiwandi (West),West
ORD-10343,CUST-1624,2025-03-22,Diagnostic & Monitoring,Fetal Doppler Heart Rate Monitor,1,39615.44,7.2,Debit Card,Delivered,Sanjay Verma,WH-Bengaluru (South),South
ORD-10344,CUST-1384,2026-03-16,Diabetes Care,Lancet Device,5,908.75,10.7,Net Banking,Delivered,Sanjay Verma,WH-Bengaluru (South),South
ORD-10345,CUST-1046,2025-11-26,Surgical & Critical Care,Anesthesia Workstation,1,5506.31,9.3,Debit Card,Delivered,Ramesh Rao,WH-Gurugram (North),North
ORD-10346,CUST-1930,2026-07-20,Diagnostic & Monitoring,Multi-Para Patient Monitor,3,19219.6,4.8,UPI,Shipped,Sanjay Verma,WH-Bengaluru (South),South
ORD-10347,CUST-1078,2026-03-30,Orthopedic & Mobility,TENS Physiotherapy Unit,1,10119.27,8.8,Credit Card,Cancelled,Ramesh Rao,WH-Gurugram (North),North
ORD-10348,CUST-1978,2025-12-22,Infusion & Vascular,IV Cannula (18G-24G),4,31454.89,1.0,Credit Card,Returned,Sanjay Verma,WH-Bengaluru (South),South
ORD-10349,CUST-1850,2025-11-15,Sterilization & Lab,Ultrasound Cleaner,3,5330.31,14.6,UPI,Cancelled,Anjali Nair,WH-Gurugram (North),North
ORD-10350,CUST-1713,2026-03-15,Surgical & Critical Care,LED Surgical OT Light,1,30448.43,11.5,Credit Card,Delivered,Priya Sharma,WH-Gurugram (North),North
ORD-10351,CUST-1079,2025-12-05,Diabetes Care,Blood Glucose Meter Kit,5,10498.48,9.1,Debit Card,Delivered,Anjali Nair,WH-Kolkata (East),East
ORD-10352,CUST-1833,2025-12-18,Infusion & Vascular,Volumetric Infusion Pump,5,11273.31,5.0,COD,Cancelled,Ramesh Rao,WH-Gurugram (North),North
ORD-10353,CUST-1933,2026-07-09,Diagnostic & Monitoring,Stethoscope (Cardiology Grade),4,39063.27,12.6,COD,Delivered,Sanjay Verma,WH-Kolkata (East),East
ORD-10354,CUST-1090,2026-05-19,Orthopedic & Mobility,Cervical Traction Unit,2,13978.97,10.9,COD,Shipped,Priya Sharma,WH-Bengaluru (South),South
ORD-10355,CUST-1636,2026-03-05,Sterilization & Lab,Ultrasound Cleaner,4,21762.76,7.0,Debit Card,Shipped,Anjali Nair,WH-Gurugram (North),North
ORD-10356,CUST-1382,2026-05-03,Diagnostic & Monitoring,Single-Channel ECG Machine,3,38270.26,2.6,Debit Card,Cancelled,Sanjay Verma,WH-Kolkata (East),East
ORD-10357,CUST-1838,2026-01-03,Diagnostic & Monitoring,Infrared Non-Contact Thermometer,5,31771.81,13.7,COD,Cancelled,Priya Sharma,WH-Bhiwandi (West),West
ORD-10358,CUST-1714,2026-07-15,Orthopedic & Mobility,TENS Physiotherapy Unit,5,42047.11,9.0,Net Banking,Delivered,Priya Sharma,WH-Bhiwandi (West),West
ORD-10359,CUST-1210,2026-06-16,Orthopedic & Mobility,Folding Lightweight Wheelchair,4,30222.05,8.1,UPI,Delivered,Priya Sharma,WH-Bengaluru (South),South
ORD-10360,CUST-1034,2026-06-21,Orthopedic & Mobility,Motorized Wheelchair,5,12447.73,7.6,UPI,Delivered,Priya Sharma,WH-Kolkata (East),East
ORD-10361,CUST-1062,2025-09-19,Diabetes Care,Insulin Pen Injector,1,13296.95,2.0,Debit Card,Delivered,Sanjay Verma,WH-Bhiwandi (West),West
ORD-10362,CUST-1587,2026-04-29,Diagnostic & Monitoring,Capnograph Monitor,2,12219.94,3.8,COD,Returned,Anjali Nair,WH-Gurugram (North),North
ORD-10363,CUST-1987,2026-06-07,Diagnostic & Monitoring,Fetal Doppler Heart Rate Monitor,5,2896.87,3.2,Credit Card,Cancelled,Vikram Patel,WH-Bhiwandi (West),West
ORD-10364,CUST-1455,2026-07-11,Infusion & Vascular,Volumetric Infusion Pump,5,21310.2,6.4,Debit Card,Delivered,Sanjay Verma,WH-Bhiwandi (West),West
ORD-10365,CUST-1454,2025-03-10,Respiratory Care,High-Flow Nasal Cannula System,1,41780.71,11.0,COD,Delivered,Vikram Patel,WH-Bhiwandi (West),West
ORD-10366,CUST-1576,2026-06-21,Surgical & Critical Care,Defibrillator & AED,3,9815.35,2.7,Net Banking,Shipped,Priya Sharma,WH-Gurugram (North),North
ORD-10367,CUST-1085,2026-02-23,Diabetes Care,Insulin Pump,4,16597.98,9.7,COD,Processing,Vikram Patel,WH-Kolkata (East),East
ORD-10368,CUST-1851,2025-02-17,Diabetes Care,Insulin Pump,1,34543.06,14.2,Credit Card,Delivered,Priya Sharma,WH-Gurugram (North),North
ORD-10369,CUST-1010,2025-10-25,Diagnostic & Monitoring,Infrared Non-Contact Thermometer,1,30576.28,3.0,Credit Card,Cancelled,Anjali Nair,WH-Gurugram (North),North
ORD-10370,CUST-1014,2026-01-29,Orthopedic & Mobility,TENS Physiotherapy Unit,3,19200.07,4.7,UPI,Delivered,Sanjay Verma,WH-Bengaluru (South),South
ORD-10371,CUST-1453,2026-06-22,Respiratory Care,High-Flow Nasal Cannula System,1,9562.94,13.9,Debit Card,Delivered,Sanjay Verma,WH-Bengaluru (South),South
ORD-10372,CUST-1569,2025-08-28,Infusion & Vascular,IV Cannula (18G-24G),4,24888.15,5.7,Debit Card,Delivered,Anjali Nair,WH-Bengaluru (South),South
ORD-10373,CUST-1080,2025-05-21,Diagnostic & Monitoring,Fetal Doppler Heart Rate Monitor,4,7460.86,5.5,Credit Card,Cancelled,Vikram Patel,WH-Bhiwandi (West),West
ORD-10374,CUST-1157,2026-03-17,Respiratory Care,High-Flow Nasal Cannula System,4,20438.04,9.8,Net Banking,Delivered,Sanjay Verma,WH-Bengaluru (South),South
ORD-10375,CUST-1945,2026-05-12,Sterilization & Lab,Ultrasound Cleaner,2,11092.78,0.0,COD,Processing,Anjali Nair,WH-Gurugram (North),North
ORD-10376,CUST-1210,2026-03-09,Diagnostic & Monitoring,Vascular Doppler,2,35131.04,9.5,COD,Delivered,Anjali Nair,WH-Kolkata (East),East
ORD-10377,CUST-1021,2026-06-06,Orthopedic & Mobility,Folding Lightweight Wheelchair,2,30305.91,0.1,COD,Returned,Priya Sharma,WH-Bhiwandi (West),West
ORD-10378,CUST-1186,2026-05-21,Sterilization & Lab,UV Sterilizer Box,3,11338.95,2.6,UPI,Delivered,Anjali Nair,WH-Bengaluru (South),South
ORD-10379,CUST-1941,2025-11-30,Respiratory Care,Suction Machine,2,14931.54,12.9,Credit Card,Delivered,Sanjay Verma,WH-Gurugram (North),North
ORD-10380,CUST-1130,2026-02-27,Sterilization & Lab,Ultrasound Cleaner,4,10219.23,0.5,COD,Processing,Ramesh Rao,WH-Gurugram (North),North
ORD-10381,CUST-1274,2025-11-20,Infusion & Vascular,Volumetric Infusion Pump,2,42413.54,6.1,Net Banking,Delivered,Priya Sharma,WH-Gurugram (North),North
ORD-10382,CUST-1684,2025-04-25,Surgical & Critical Care,Laryngoscope Set,5,5052.54,7.4,COD,Shipped,Ramesh Rao,WH-Bhiwandi (West),West
ORD-10383,CUST-1308,2025-11-11,Diabetes Care,Insulin Pump,5,26694.86,13.1,UPI,Shipped,Sanjay Verma,WH-Bengaluru (South),South
ORD-10384,CUST-1029,2026-03-17,Diagnostic & Monitoring,Digital Spirometer,1,25247.76,1.3,COD,Cancelled,Ramesh Rao,WH-Bhiwandi (West),West
ORD-10385,CUST-1928,2026-02-02,Orthopedic & Mobility,Folding Lightweight Wheelchair,5,20732.4,9.2,Debit Card,Delivered,Priya Sharma,WH-Bhiwandi (West),West
ORD-10386,CUST-1813,2026-03-28,Diagnostic & Monitoring,Single-Channel ECG Machine,5,30911.54,0.6,Net Banking,Delivered,Priya Sharma,WH-Bengaluru (South),South
ORD-10387,CUST-1207,2024-11-15,Surgical & Critical Care,Electric Suction Apparatus,2,31057.67,7.0,Debit Card,Delivered,Sanjay Verma,WH-Bengaluru (South),South
ORD-10388,CUST-1951,2026-01-15,Diabetes Care,Insulin Pen Injector,5,24686.93,8.9,Credit Card,Shipped,Priya Sharma,WH-Bengaluru (South),South
ORD-10389,CUST-1586,2026-07-17,Infusion & Vascular,Volumetric Infusion Pump,1,40870.18,12.0,UPI,Processing,Sanjay Verma,WH-Bengaluru (South),South
ORD-10390,CUST-1134,2026-06-30,Diagnostic & Monitoring,Digital Spirometer,1,29439.78,1.3,Debit Card,Cancelled,Sanjay Verma,WH-Gurugram (North),North
ORD-10391,CUST-1751,2026-01-05,Orthopedic & Mobility,Walking Frame with Castors,5,2892.32,12.1,Debit Card,Processing,Priya Sharma,WH-Kolkata (East),East
ORD-10392,CUST-1148,2026-04-30,Sterilization & Lab,UV Sterilizer Box,2,9193.76,4.1,UPI,Processing,Ramesh Rao,WH-Bengaluru (South),South
ORD-10393,CUST-1680,2026-03-22,Diagnostic & Monitoring,Stethoscope (Cardiology Grade),4,3229.16,4.6,COD,Cancelled,Ramesh Rao,WH-Bengaluru (South),South
ORD-10394,CUST-1596,2025-04-19,Sterilization & Lab,Ultrasound Cleaner,3,42431.12,10.7,Credit Card,Returned,Priya Sharma,WH-Kolkata (East),East
ORD-10395,CUST-1591,2026-02-28,Diagnostic & Monitoring,Multi-Para Patient Monitor,2,29637.84,5.3,Credit Card,Delivered,Vikram Patel,WH-Gurugram (North),North
ORD-10396,CUST-1913,2026-07-22,Surgical & Critical Care,Laryngoscope Set,4,9802.37,0.9,UPI,Cancelled,Anjali Nair,WH-Bhiwandi (West),West
ORD-10397,CUST-1844,2026-07-22,Orthopedic & Mobility,Folding Lightweight Wheelchair,3,22443.61,2.0,Credit Card,Delivered,Sanjay Verma,WH-Gurugram (North),North
ORD-10398,CUST-1984,2026-02-08,Sterilization & Lab,Digital Centrifuge Machine,1,25277.54,0.2,COD,Delivered,Ramesh Rao,WH-Gurugram (North),North
ORD-10399,CUST-1417,2026-07-21,Diabetes Care,Insulin Pump,4,24967.27,10.1,COD,Delivered,Sanjay Verma,WH-Bengaluru (South),South
ORD-10400,CUST-1435,2026-05-04,Respiratory Care,High-Flow Nasal Cannula System,3,24280.43,15.0,Debit Card,Cancelled,Ramesh Rao,WH-Bhiwandi (West),West
ORD-10401,CUST-1854,2026-07-12,Respiratory Care,Suction Machine,1,44701.69,2.4,UPI,Processing,Anjali Nair,WH-Bengaluru (South),South
ORD-10402,CUST-1376,2026-07-17,Diagnostic & Monitoring,Digital Otoscope,3,23406.47,10.1,COD,Delivered,Anjali Nair,WH-Bhiwandi (West),West
ORD-10403,CUST-1543,2026-07-07,Home Healthcare,Peak Flow Meter,4,13882.53,6.3,Net Banking,Processing,Priya Sharma,WH-Bhiwandi (West),West
ORD-10404,CUST-1764,2026-05-13,Sterilization & Lab,Digital Centrifuge Machine,4,5722.4,3.7,Credit Card,Processing,Priya Sharma,WH-Bhiwandi (West),West
ORD-10405,CUST-1464,2026-06-24,Diagnostic & Monitoring,Multi-Para Patient Monitor,4,39231.74,4.6,Net Banking,Delivered,Sanjay Verma,WH-Gurugram (North),North
ORD-10406,CUST-1083,2026-07-05,Respiratory Care,High-Flow Nasal Cannula System,4,42364.93,6.3,Credit Card,Shipped,Priya Sharma,WH-Gurugram (North),North
ORD-10407,CUST-1730,2025-09-01,Orthopedic & Mobility,Folding Lightweight Wheelchair,1,6195.46,5.7,UPI,Processing,Anjali Nair,WH-Bengaluru (South),South
ORD-10408,CUST-1009,2025-06-24,Diagnostic & Monitoring,Multi-Para Patient Monitor,5,14355.96,7.0,Net Banking,Delivered,Anjali Nair,WH-Bhiwandi (West),West
ORD-10409,CUST-1722,2026-03-16,Respiratory Care,Auto CPAP Machine,4,36998.02,7.5,UPI,Shipped,Ramesh Rao,WH-Bengaluru (South),South
ORD-10410,CUST-1020,2026-07-09,Orthopedic & Mobility,Air Mattress for Bedsores,3,1374.18,0.1,UPI,Delivered,Ramesh Rao,WH-Bhiwandi (West),West
ORD-10411,CUST-1652,2026-05-22,Surgical & Critical Care,Electric Suction Apparatus,3,24976.27,0.9,Credit Card,Processing,Sanjay Verma,WH-Bengaluru (South),South
ORD-10412,CUST-1638,2024-10-06,Infusion & Vascular,Dialysis Catheter,2,4971.44,12.4,Net Banking,Processing,Vikram Patel,WH-Bengaluru (South),South
ORD-10413,CUST-1247,2026-05-17,Surgical & Critical Care,Surgical Electrocautery Unit,2,17852.95,9.6,Debit Card,Shipped,Anjali Nair,WH-Bengaluru (South),South
ORD-10414,CUST-1402,2026-04-20,Home Healthcare,Peak Flow Meter,1,5473.08,7.0,Debit Card,Returned,Anjali Nair,WH-Bhiwandi (West),West
ORD-10415,CUST-1004,2026-06-17,Diabetes Care,Blood Glucose Meter Kit,3,40150.54,11.4,Net Banking,Cancelled,Anjali Nair,WH-Kolkata (East),East
ORD-10416,CUST-1334,2025-04-23,Home Healthcare,Electric Heating Pad,1,32284.11,10.5,Credit Card,Delivered,Anjali Nair,WH-Bengaluru (South),South
ORD-10417,CUST-1142,2026-06-20,Diagnostic & Monitoring,Fetal Doppler Heart Rate Monitor,1,36090.42,8.6,COD,Returned,Ramesh Rao,WH-Gurugram (North),North
ORD-10418,CUST-1523,2026-06-17,Infusion & Vascular,IV Cannula (18G-24G),5,34040.61,8.4,COD,Processing,Anjali Nair,WH-Bhiwandi (West),West
ORD-10419,CUST-1767,2026-01-27,Infusion & Vascular,Volumetric Infusion Pump,4,12347.76,10.3,UPI,Processing,Sanjay Verma,WH-Gurugram (North),North
ORD-10420,CUST-1496,2025-08-28,Infusion & Vascular,Volumetric Infusion Pump,2,32959.84,1.4,COD,Delivered,Anjali Nair,WH-Bhiwandi (West),West
ORD-10421,CUST-1734,2026-07-07,Diagnostic & Monitoring,Digital Otoscope,5,40208.6,7.3,Debit Card,Delivered,Ramesh Rao,WH-Bhiwandi (West),West
ORD-10422,CUST-1150,2026-04-26,Diabetes Care,Insulin Pen Injector,3,9777.55,1.5,Credit Card,Processing,Anjali Nair,WH-Kolkata (East),East
ORD-10423,CUST-1633,2026-06-28,Diabetes Care,Insulin Pump,1,31520.95,8.8,UPI,Returned,Priya Sharma,WH-Bhiwandi (West),West
ORD-10424,CUST-1276,2026-06-22,Diagnostic & Monitoring,Infrared Non-Contact Thermometer,1,26092.37,4.8,COD,Cancelled,Priya Sharma,WH-Bhiwandi (West),West
ORD-10425,CUST-1571,2026-02-19,Surgical & Critical Care,Surgical Electrocautery Unit,2,35552.59,0.0,COD,Returned,Ramesh Rao,WH-Kolkata (East),East
ORD-10426,CUST-1261,2024-09-18,Diabetes Care,Lancet Device,3,8333.42,8.0,COD,Returned,Priya Sharma,WH-Kolkata (East),East
ORD-10427,CUST-1806,2026-03-09,Surgical & Critical Care,Defibrillator & AED,4,4530.66,10.4,UPI,Delivered,Vikram Patel,WH-Gurugram (North),North
ORD-10428,CUST-1033,2026-03-28,Sterilization & Lab,Ultrasound Cleaner,1,26626.81,9.3,UPI,Returned,Sanjay Verma,WH-Gurugram (North),North
ORD-10429,CUST-1938,2026-02-17,Diagnostic & Monitoring,Stethoscope (Cardiology Grade),3,28834.28,13.0,Debit Card,Delivered,Vikram Patel,WH-Bengaluru (South),South
ORD-10430,CUST-1474,2025-07-10,Surgical & Critical Care,Anesthesia Workstation,3,19404.72,14.3,COD,Delivered,Sanjay Verma,WH-Gurugram (North),North
ORD-10431,CUST-1608,2025-12-14,Surgical & Critical Care,Anesthesia Workstation,5,36802.76,12.6,UPI,Shipped,Sanjay Verma,WH-Bengaluru (South),South
ORD-10432,CUST-1257,2026-01-25,Diabetes Care,Insulin Pen Injector,5,17159.6,4.3,Debit Card,Returned,Ramesh Rao,WH-Kolkata (East),East
ORD-10433,CUST-1629,2026-05-24,Diagnostic & Monitoring,Single-Channel ECG Machine,1,31298.2,11.0,UPI,Returned,Sanjay Verma,WH-Gurugram (North),North
ORD-10434,CUST-1411,2026-06-04,Sterilization & Lab,Digital Centrifuge Machine,4,12147.75,2.4,COD,Delivered,Ramesh Rao,WH-Gurugram (North),North
ORD-10435,CUST-1081,2026-04-13,Orthopedic & Mobility,Folding Lightweight Wheelchair,1,7202.55,3.1,COD,Cancelled,Priya Sharma,WH-Bengaluru (South),South
ORD-10436,CUST-1023,2025-09-24,Surgical & Critical Care,Pulse Generator Pacemaker,5,30152.15,0.6,Credit Card,Processing,Sanjay Verma,WH-Kolkata (East),East
ORD-10437,CUST-1343,2026-07-13,Surgical & Critical Care,Pulse Generator Pacemaker,1,17026.39,5.7,Debit Card,Cancelled,Sanjay Verma,WH-Bhiwandi (West),West
ORD-10438,CUST-1794,2025-12-25,Surgical & Critical Care,LED Surgical OT Light,3,13951.81,12.2,UPI,Shipped,Ramesh Rao,WH-Kolkata (East),East
ORD-10439,CUST-1834,2026-07-06,Home Healthcare,Peak Flow Meter,4,34976.21,7.2,Credit Card,Returned,Anjali Nair,WH-Gurugram (North),North
ORD-10440,CUST-1058,2026-02-07,Surgical & Critical Care,Pulse Generator Pacemaker,3,20489.12,14.2,Debit Card,Cancelled,Vikram Patel,WH-Kolkata (East),East
ORD-10441,CUST-1626,2026-03-16,Sterilization & Lab,UV Sterilizer Box,2,10729.02,12.9,Net Banking,Processing,Vikram Patel,WH-Gurugram (North),North
ORD-10442,CUST-1840,2026-05-03,Orthopedic & Mobility,TENS Physiotherapy Unit,5,18388.72,5.2,COD,Cancelled,Ramesh Rao,WH-Bhiwandi (West),West
ORD-10443,CUST-1698,2026-07-08,Respiratory Care,Mesh Nebulizer,1,6962.6,12.1,Credit Card,Delivered,Priya Sharma,WH-Kolkata (East),East
ORD-10444,CUST-1584,2025-10-12,Diabetes Care,Insulin Pen Injector,1,38000.93,2.6,Net Banking,Shipped,Sanjay Verma,WH-Bengaluru (South),South
ORD-10445,CUST-1544,2025-05-12,Diagnostic & Monitoring,Continuous Glucose Monitor (CGM),4,27092.25,3.1,UPI,Delivered,Sanjay Verma,WH-Bengaluru (South),South
ORD-10446,CUST-1547,2026-03-31,Diabetes Care,Insulin Pump,3,42288.25,0.5,Debit Card,Delivered,Sanjay Verma,WH-Kolkata (East),East
ORD-10447,CUST-1564,2026-02-07,Diagnostic & Monitoring,Digital Otoscope,2,22922.51,9.2,Credit Card,Delivered,Sanjay Verma,WH-Gurugram (North),North
ORD-10448,CUST-1829,2026-04-25,Surgical & Critical Care,Laryngoscope Set,2,14064.3,11.7,UPI,Cancelled,Sanjay Verma,WH-Gurugram (North),North
ORD-10449,CUST-1555,2026-03-06,Orthopedic & Mobility,Cervical Traction Unit,4,14950.39,6.2,UPI,Delivered,Priya Sharma,WH-Bengaluru (South),South
ORD-10450,CUST-1154,2026-06-27,Respiratory Care,Suction Machine,2,32088.06,14.1,COD,Shipped,Vikram Patel,WH-Bengaluru (South),South
ORD-10451,CUST-1391,2026-06-14,Infusion & Vascular,Dialysis Catheter,2,36212.36,12.3,Credit Card,Delivered,Anjali Nair,WH-Kolkata (East),East
ORD-10452,CUST-1602,2025-12-18,Infusion & Vascular,Syringe Driver Pump,4,18346.92,3.9,Credit Card,Delivered,Ramesh Rao,WH-Bengaluru (South),South
ORD-10453,CUST-1044,2025-08-31,Orthopedic & Mobility,Air Mattress for Bedsores,2,16537.68,12.7,Debit Card,Shipped,Anjali Nair,WH-Gurugram (North),North
ORD-10454,CUST-1151,2026-07-09,Diagnostic & Monitoring,Digital Otoscope,4,29644.03,0.5,UPI,Delivered,Vikram Patel,WH-Bengaluru (South),South
ORD-10455,CUST-1920,2026-05-30,Respiratory Care,Incentive Spirometer,1,23725.67,13.3,COD,Cancelled,Sanjay Verma,WH-Kolkata (East),East
ORD-10456,CUST-1787,2026-02-20,Infusion & Vascular,IV Cannula (18G-24G),1,3350.5,13.3,COD,Cancelled,Sanjay Verma,WH-Bengaluru (South),South
ORD-10457,CUST-1001,2025-06-27,Surgical & Critical Care,Anesthesia Workstation,2,31070.39,7.5,UPI,Delivered,Ramesh Rao,WH-Bengaluru (South),South
ORD-10458,CUST-1618,2026-06-24,Diagnostic & Monitoring,Stethoscope (Cardiology Grade),2,40895.26,5.6,Net Banking,Processing,Ramesh Rao,WH-Kolkata (East),East
ORD-10459,CUST-1468,2025-02-17,Infusion & Vascular,IV Cannula (18G-24G),4,26908.08,14.2,Credit Card,Processing,Anjali Nair,WH-Kolkata (East),East
ORD-10460,CUST-1771,2026-07-22,Surgical & Critical Care,LED Surgical OT Light,2,2988.24,10.4,Credit Card,Returned,Vikram Patel,WH-Bhiwandi (West),West
ORD-10461,CUST-1832,2025-07-05,Respiratory Care,Mesh Nebulizer,4,4005.15,14.2,UPI,Shipped,Vikram Patel,WH-Gurugram (North),North
ORD-10462,CUST-1038,2026-06-29,Surgical & Critical Care,Pulse Generator Pacemaker,1,34480.99,5.8,COD,Cancelled,Anjali Nair,WH-Gurugram (North),North
ORD-10463,CUST-1205,2026-03-27,Diabetes Care,Insulin Pen Injector,1,26882.66,1.9,COD,Delivered,Priya Sharma,WH-Kolkata (East),East
ORD-10464,CUST-1685,2026-06-11,Infusion & Vascular,Central Venous Catheter Kit,5,22420.12,4.5,COD,Delivered,Priya Sharma,WH-Bengaluru (South),South
ORD-10465,CUST-1750,2024-11-16,Diagnostic & Monitoring,Digital Spirometer,3,8739.45,2.0,COD,Shipped,Vikram Patel,WH-Gurugram (North),North
ORD-10466,CUST-1872,2026-03-27,Diagnostic & Monitoring,Single-Channel ECG Machine,2,5382.45,11.6,Credit Card,Shipped,Vikram Patel,WH-Gurugram (North),North
ORD-10467,CUST-1634,2026-07-10,Orthopedic & Mobility,Walking Frame with Castors,3,34108.31,12.4,Net Banking,Cancelled,Ramesh Rao,WH-Gurugram (North),North
ORD-10468,CUST-1024,2026-02-10,Surgical & Critical Care,Defibrillator & AED,5,8946.18,1.1,Credit Card,Returned,Sanjay Verma,WH-Bhiwandi (West),West
ORD-10469,CUST-1036,2026-07-04,Respiratory Care,Suction Machine,5,15797.71,1.9,UPI,Shipped,Vikram Patel,WH-Bhiwandi (West),West
ORD-10470,CUST-1895,2026-05-26,Respiratory Care,Portable Oxygen Concentrator (5L),5,9889.79,12.0,UPI,Shipped,Vikram Patel,WH-Bengaluru (South),South
ORD-10471,CUST-1523,2026-04-04,Diabetes Care,Blood Glucose Meter Kit,3,29385.87,8.7,Credit Card,Returned,Priya Sharma,WH-Bengaluru (South),South
ORD-10472,CUST-1614,2026-01-12,Respiratory Care,BiPAP Machine,2,13659.56,6.0,COD,Delivered,Ramesh Rao,WH-Gurugram (North),North
ORD-10473,CUST-1036,2026-07-12,Surgical & Critical Care,Defibrillator & AED,5,9286.09,11.3,Credit Card,Delivered,Anjali Nair,WH-Bengaluru (South),South
ORD-10474,CUST-1425,2026-02-01,Diabetes Care,Lancet Device,1,31155.24,11.6,UPI,Delivered,Priya Sharma,WH-Kolkata (East),East
ORD-10475,CUST-1793,2026-03-09,Diagnostic & Monitoring,Stethoscope (Cardiology Grade),5,4162.4,4.3,COD,Delivered,Vikram Patel,WH-Kolkata (East),East
ORD-10476,CUST-1083,2026-07-08,Diabetes Care,Lancet Device,4,9437.0,12.9,COD,Shipped,Sanjay Verma,WH-Bhiwandi (West),West
ORD-10477,CUST-1395,2026-07-12,Respiratory Care,Suction Machine,5,35638.95,7.8,Credit Card,Processing,Ramesh Rao,WH-Gurugram (North),North
ORD-10478,CUST-1371,2026-01-30,Diabetes Care,Lancet Device,4,30973.76,8.5,Net Banking,Returned,Sanjay Verma,WH-Bengaluru (South),South
ORD-10479,CUST-1603,2025-07-31,Surgical & Critical Care,Anesthesia Workstation,1,15337.69,4.6,Net Banking,Shipped,Anjali Nair,WH-Bhiwandi (West),West
ORD-10480,CUST-1849,2026-01-22,Diabetes Care,Lancet Device,4,11909.62,9.5,COD,Shipped,Anjali Nair,WH-Kolkata (East),East
ORD-10481,CUST-1052,2026-05-19,Orthopedic & Mobility,Motorized Wheelchair,3,11878.38,14.7,UPI,Delivered,Vikram Patel,WH-Kolkata (East),East
ORD-10482,CUST-1868,2026-05-29,Sterilization & Lab,UV Sterilizer Box,3,42589.08,10.9,Debit Card,Delivered,Vikram Patel,WH-Kolkata (East),East
ORD-10483,CUST-1290,2026-05-12,Surgical & Critical Care,Defibrillator & AED,5,9058.31,5.0,Credit Card,Returned,Anjali Nair,WH-Bengaluru (South),South
ORD-10484,CUST-1913,2026-06-16,Respiratory Care,Suction Machine,1,14893.03,10.0,COD,Processing,Anjali Nair,WH-Gurugram (North),North
ORD-10485,CUST-1629,2026-06-03,Respiratory Care,Compressor Nebulizer,2,18881.0,11.2,COD,Shipped,Anjali Nair,WH-Bengaluru (South),South
ORD-10486,CUST-1640,2026-01-12,Surgical & Critical Care,Anesthesia Workstation,3,3503.21,1.2,UPI,Processing,Vikram Patel,WH-Bhiwandi (West),West
ORD-10487,CUST-1708,2026-07-18,Surgical & Critical Care,Pulse Generator Pacemaker,4,29724.46,7.7,COD,Cancelled,Sanjay Verma,WH-Gurugram (North),North
ORD-10488,CUST-1570,2025-09-07,Diagnostic & Monitoring,Single-Channel ECG Machine,3,35226.14,9.4,UPI,Cancelled,Ramesh Rao,WH-Bhiwandi (West),West
ORD-10489,CUST-1184,2026-01-04,Surgical & Critical Care,Defibrillator & AED,3,24688.28,13.5,UPI,Delivered,Sanjay Verma,WH-Bhiwandi (West),West
ORD-10490,CUST-1016,2025-05-24,Surgical & Critical Care,Pulse Generator Pacemaker,5,13438.45,9.7,COD,Delivered,Anjali Nair,WH-Kolkata (East),East
ORD-10491,CUST-1231,2026-02-22,Diabetes Care,Insulin Pen Injector,2,40793.21,6.3,UPI,Shipped,Ramesh Rao,WH-Gurugram (North),North
ORD-10492,CUST-1899,2025-12-09,Surgical & Critical Care,LED Surgical OT Light,5,37102.98,1.6,Debit Card,Processing,Vikram Patel,WH-Kolkata (East),East
ORD-10493,CUST-1794,2025-11-18,Diagnostic & Monitoring,Digital Spirometer,2,763.57,2.7,UPI,Shipped,Priya Sharma,WH-Kolkata (East),East
ORD-10494,CUST-1865,2025-06-10,Orthopedic & Mobility,TENS Physiotherapy Unit,1,31120.4,4.5,Net Banking,Delivered,Sanjay Verma,WH-Bhiwandi (West),West
ORD-10495,CUST-1042,2025-07-28,Infusion & Vascular,Syringe Driver Pump,5,11460.38,7.6,Debit Card,Delivered,Priya Sharma,WH-Kolkata (East),East
ORD-10496,CUST-1109,2025-08-07,Respiratory Care,Compressor Nebulizer,5,17372.64,3.9,Credit Card,Processing,Priya Sharma,WH-Bhiwandi (West),West
ORD-10497,CUST-1546,2025-11-18,Orthopedic & Mobility,Air Mattress for Bedsores,1,36805.92,11.1,COD,Processing,Vikram Patel,WH-Bengaluru (South),South
ORD-10498,CUST-1804,2026-03-12,Respiratory Care,High-Flow Nasal Cannula System,4,25069.91,7.2,COD,Cancelled,Priya Sharma,WH-Kolkata (East),East
ORD-10499,CUST-1545,2025-11-01,Diabetes Care,Blood Glucose Meter Kit,3,41346.34,6.1,Net Banking,Cancelled,Vikram Patel,WH-Kolkata (East),East
ORD-10500,CUST-1814,2026-02-02,Orthopedic & Mobility,Walking Frame with Castors,1,31774.05,11.7,UPI,Delivered,Sanjay Verma,WH-Bengaluru (South),South
ORD-10501,CUST-1441,2025-09-08,Diagnostic & Monitoring,Digital Otoscope,3,33376.1,6.5,Debit Card,Delivered,Sanjay Verma,WH-Bengaluru (South),South
ORD-10502,CUST-1204,2025-11-23,Surgical & Critical Care,Surgical Electrocautery Unit,1,27318.75,9.4,Debit Card,Returned,Sanjay Verma,WH-Kolkata (East),East
ORD-10503,CUST-1429,2025-12-14,Diagnostic & Monitoring,Stethoscope (Cardiology Grade),3,17778.36,4.9,COD,Delivered,Sanjay Verma,WH-Gurugram (North),North
ORD-10504,CUST-1626,2026-06-04,Sterilization & Lab,Ultrasound Cleaner,4,23018.23,0.6,UPI,Returned,Ramesh Rao,WH-Kolkata (East),East
ORD-10505,CUST-1203,2025-12-03,Respiratory Care,Compressor Nebulizer,3,43073.61,5.7,COD,Shipped,Sanjay Verma,WH-Bengaluru (South),South
ORD-10506,CUST-1567,2026-03-20,Diagnostic & Monitoring,Fetal Doppler Heart Rate Monitor,4,22716.76,3.6,COD,Cancelled,Ramesh Rao,WH-Bhiwandi (West),West
ORD-10507,CUST-1287,2025-02-10,Diagnostic & Monitoring,Digital Spirometer,4,9947.29,14.2,UPI,Shipped,Anjali Nair,WH-Kolkata (East),East
ORD-10508,CUST-1871,2026-07-12,Surgical & Critical Care,Surgical Electrocautery Unit,3,14383.43,7.9,Net Banking,Shipped,Anjali Nair,WH-Kolkata (East),East
ORD-10509,CUST-1721,2024-11-20,Surgical & Critical Care,Electric Suction Apparatus,5,7830.72,5.1,COD,Processing,Vikram Patel,WH-Bengaluru (South),South
ORD-10510,CUST-1550,2026-05-12,Home Healthcare,Peak Flow Meter,1,5846.59,7.2,COD,Delivered,Vikram Patel,WH-Bengaluru (South),South
ORD-10511,CUST-1095,2026-07-07,Orthopedic & Mobility,TENS Physiotherapy Unit,3,1495.82,8.5,Credit Card,Delivered,Ramesh Rao,WH-Gurugram (North),North
ORD-10512,CUST-1592,2026-07-20,Diagnostic & Monitoring,Multi-Para Patient Monitor,5,44420.7,2.7,COD,Shipped,Anjali Nair,WH-Bhiwandi (West),West
ORD-10513,CUST-1715,2026-05-27,Respiratory Care,Mesh Nebulizer,4,41693.95,6.1,Net Banking,Delivered,Sanjay Verma,WH-Kolkata (East),East
ORD-10514,CUST-1862,2026-06-11,Diagnostic & Monitoring,Digital Spirometer,2,39090.14,3.8,Credit Card,Cancelled,Sanjay Verma,WH-Bengaluru (South),South
ORD-10515,CUST-1682,2026-03-05,Respiratory Care,Incentive Spirometer,1,22195.14,5.3,COD,Cancelled,Vikram Patel,WH-Bengaluru (South),South
ORD-10516,CUST-1502,2026-07-03,Surgical & Critical Care,LED Surgical OT Light,2,43300.73,1.2,Debit Card,Returned,Ramesh Rao,WH-Bhiwandi (West),West
ORD-10517,CUST-1335,2026-06-30,Respiratory Care,Suction Machine,1,6958.23,12.6,Net Banking,Delivered,Sanjay Verma,WH-Kolkata (East),East
ORD-10518,CUST-1501,2026-05-31,Surgical & Critical Care,Anesthesia Workstation,5,6134.93,8.0,COD,Cancelled,Anjali Nair,WH-Kolkata (East),East
ORD-10519,CUST-1790,2025-11-27,Diagnostic & Monitoring,Pulse Oximeter,4,6865.58,10.9,Debit Card,Delivered,Priya Sharma,WH-Gurugram (North),North
ORD-10520,CUST-1623,2025-02-20,Respiratory Care,Suction Machine,3,33531.93,0.0,Debit Card,Processing,Sanjay Verma,WH-Bengaluru (South),South
ORD-10521,CUST-1982,2026-05-28,Diagnostic & Monitoring,Stethoscope (Cardiology Grade),2,6392.61,4.8,Debit Card,Cancelled,Anjali Nair,WH-Bhiwandi (West),West
ORD-10522,CUST-1665,2026-06-05,Respiratory Care,BiPAP Machine,4,44414.44,4.4,Debit Card,Returned,Priya Sharma,WH-Bengaluru (South),South
ORD-10523,CUST-1106,2026-02-19,Respiratory Care,Mesh Nebulizer,2,41622.38,14.4,COD,Returned,Anjali Nair,WH-Bhiwandi (West),West
ORD-10524,CUST-1755,2026-01-10,Diabetes Care,Insulin Pen Injector,4,42963.95,9.4,Net Banking,Returned,Priya Sharma,WH-Gurugram (North),North
ORD-10525,CUST-1603,2025-10-17,Surgical & Critical Care,Surgical Electrocautery Unit,1,6757.91,9.7,Debit Card,Delivered,Vikram Patel,WH-Bengaluru (South),South
ORD-10526,CUST-1544,2025-10-13,Respiratory Care,Incentive Spirometer,1,27749.95,11.9,COD,Returned,Vikram Patel,WH-Bhiwandi (West),West
ORD-10527,CUST-1087,2026-06-05,Infusion & Vascular,Central Venous Catheter Kit,2,23568.62,8.4,Credit Card,Cancelled,Vikram Patel,WH-Gurugram (North),North
ORD-10528,CUST-1272,2026-07-11,Surgical & Critical Care,Electric Suction Apparatus,3,9409.78,11.6,COD,Processing,Sanjay Verma,WH-Bengaluru (South),South
ORD-10529,CUST-1432,2025-01-15,Infusion & Vascular,IV Cannula (18G-24G),3,20973.59,8.6,Credit Card,Returned,Ramesh Rao,WH-Bhiwandi (West),West
ORD-10530,CUST-1881,2026-07-01,Diagnostic & Monitoring,Fetal Doppler Heart Rate Monitor,2,15448.18,15.0,Credit Card,Delivered,Ramesh Rao,WH-Kolkata (East),East
ORD-10531,CUST-1251,2026-07-09,Diagnostic & Monitoring,Fetal Doppler Heart Rate Monitor,4,25785.79,10.6,Credit Card,Delivered,Sanjay Verma,WH-Bhiwandi (West),West
ORD-10532,CUST-1215,2026-07-01,Infusion & Vascular,Syringe Driver Pump,4,27485.89,0.4,Debit Card,Returned,Anjali Nair,WH-Kolkata (East),East
ORD-10533,CUST-1032,2025-10-29,Respiratory Care,Portable Oxygen Concentrator (5L),3,24398.69,10.8,Net Banking,Shipped,Priya Sharma,WH-Gurugram (North),North
ORD-10534,CUST-1829,2026-05-20,Respiratory Care,Portable Oxygen Concentrator (5L),3,28430.23,15.0,Net Banking,Delivered,Sanjay Verma,WH-Kolkata (East),East
ORD-10535,CUST-1378,2026-05-14,Home Healthcare,Peak Flow Meter,3,35797.62,14.7,UPI,Delivered,Vikram Patel,WH-Kolkata (East),East
ORD-10536,CUST-1931,2026-05-25,Sterilization & Lab,Tabletop Steam Autoclave,4,14144.86,8.5,Credit Card,Shipped,Ramesh Rao,WH-Gurugram (North),North
ORD-10537,CUST-1219,2026-02-11,Surgical & Critical Care,Pulse Generator Pacemaker,5,14055.55,1.3,Net Banking,Delivered,Anjali Nair,WH-Bengaluru (South),South
ORD-10538,CUST-1986,2025-10-04,Respiratory Care,Auto CPAP Machine,5,506.9,7.2,Debit Card,Processing,Anjali Nair,WH-Gurugram (North),North
ORD-10539,CUST-1791,2025-08-04,Surgical & Critical Care,Anesthesia Workstation,5,10952.3,7.8,Credit Card,Cancelled,Anjali Nair,WH-Kolkata (East),East
ORD-10540,CUST-1241,2026-02-15,Surgical & Critical Care,Electric Suction Apparatus,4,18732.61,10.5,UPI,Delivered,Priya Sharma,WH-Bhiwandi (West),West
ORD-10541,CUST-1248,2025-06-17,Diagnostic & Monitoring,Fetal Doppler Heart Rate Monitor,1,21327.18,0.5,COD,Delivered,Vikram Patel,WH-Gurugram (North),North
ORD-10542,CUST-1212,2026-02-09,Sterilization & Lab,Ultrasound Cleaner,1,21836.21,12.6,Debit Card,Shipped,Vikram Patel,WH-Gurugram (North),North
ORD-10543,CUST-1883,2026-01-06,Respiratory Care,High-Flow Nasal Cannula System,1,44620.88,6.5,Credit Card,Delivered,Ramesh Rao,WH-Bengaluru (South),South
ORD-10544,CUST-1419,2026-03-30,Surgical & Critical Care,Electric Suction Apparatus,2,23105.88,0.2,COD,Delivered,Vikram Patel,WH-Kolkata (East),East
ORD-10545,CUST-1442,2025-06-12,Respiratory Care,Suction Machine,3,38344.47,14.6,COD,Cancelled,Sanjay Verma,WH-Kolkata (East),East
ORD-10546,CUST-1182,2025-09-30,Infusion & Vascular,IV Cannula (18G-24G),5,10683.53,4.7,Net Banking,Processing,Priya Sharma,WH-Bhiwandi (West),West
ORD-10547,CUST-1499,2026-03-31,Diagnostic & Monitoring,Single-Channel ECG Machine,1,28642.95,5.8,UPI,Processing,Ramesh Rao,WH-Kolkata (East),East
ORD-10548,CUST-1460,2026-05-11,Diagnostic & Monitoring,Infrared Non-Contact Thermometer,5,27624.88,12.3,Debit Card,Processing,Sanjay Verma,WH-Kolkata (East),East
ORD-10549,CUST-1328,2026-07-21,Diagnostic & Monitoring,Single-Channel ECG Machine,3,20306.5,13.7,Net Banking,Delivered,Ramesh Rao,WH-Bhiwandi (West),West
ORD-10550,CUST-1482,2025-10-15,Diabetes Care,Insulin Pen Injector,3,33998.09,6.9,Debit Card,Shipped,Sanjay Verma,WH-Bhiwandi (West),West
ORD-10551,CUST-1489,2026-04-22,Surgical & Critical Care,Anesthesia Workstation,5,12644.89,13.0,Net Banking,Delivered,Sanjay Verma,WH-Gurugram (North),North
ORD-10552,CUST-1963,2025-03-25,Home Healthcare,Peak Flow Meter,1,7012.03,7.3,Debit Card,Cancelled,Sanjay Verma,WH-Bengaluru (South),South
ORD-10553,CUST-1972,2026-07-14,Orthopedic & Mobility,Motorized Wheelchair,4,23689.42,7.5,Credit Card,Delivered,Sanjay Verma,WH-Bhiwandi (West),West
ORD-10554,CUST-1836,2025-10-14,Diagnostic & Monitoring,Fetal Doppler Heart Rate Monitor,3,29896.03,13.2,Net Banking,Returned,Ramesh Rao,WH-Bhiwandi (West),West
ORD-10555,CUST-1609,2025-08-19,Diagnostic & Monitoring,Digital Blood Pressure Monitor,2,36112.8,10.9,Net Banking,Processing,Vikram Patel,WH-Bhiwandi (West),West
ORD-10556,CUST-1995,2025-12-04,Orthopedic & Mobility,TENS Physiotherapy Unit,3,43624.08,8.1,UPI,Returned,Priya Sharma,WH-Bengaluru (South),South
ORD-10557,CUST-1325,2025-12-22,Diagnostic & Monitoring,Digital Otoscope,1,27548.82,8.4,Credit Card,Returned,Priya Sharma,WH-Gurugram (North),North
ORD-10558,CUST-1540,2026-03-14,Diagnostic & Monitoring,Digital Spirometer,5,38617.25,11.1,Debit Card,Cancelled,Vikram Patel,WH-Bengaluru (South),South
ORD-10559,CUST-1491,2026-07-20,Diagnostic & Monitoring,Vascular Doppler,4,34280.81,0.3,COD,Delivered,Vikram Patel,WH-Kolkata (East),East
ORD-10560,CUST-1677,2026-01-10,Infusion & Vascular,Volumetric Infusion Pump,5,6939.02,5.0,UPI,Delivered,Priya Sharma,WH-Bhiwandi (West),West
ORD-10561,CUST-1117,2026-06-20,Surgical & Critical Care,Surgical Electrocautery Unit,5,19151.74,3.4,COD,Cancelled,Priya Sharma,WH-Gurugram (North),North
ORD-10562,CUST-1295,2026-03-29,Diagnostic & Monitoring,Digital Blood Pressure Monitor,4,44075.43,3.5,Credit Card,Shipped,Sanjay Verma,WH-Kolkata (East),East
ORD-10563,CUST-1184,2026-06-21,Diagnostic & Monitoring,Capnograph Monitor,2,43683.61,8.7,UPI,Returned,Priya Sharma,WH-Bengaluru (South),South
ORD-10564,CUST-1890,2026-04-25,Respiratory Care,Mesh Nebulizer,2,21683.32,6.7,Credit Card,Delivered,Ramesh Rao,WH-Bengaluru (South),South
ORD-10565,CUST-1781,2025-08-29,Diabetes Care,Blood Glucose Meter Kit,3,7160.15,2.9,Credit Card,Delivered,Vikram Patel,WH-Gurugram (North),North
ORD-10566,CUST-1814,2026-03-29,Sterilization & Lab,Tabletop Steam Autoclave,2,25636.01,4.7,Debit Card,Cancelled,Anjali Nair,WH-Bhiwandi (West),West
ORD-10567,CUST-1951,2026-06-09,Infusion & Vascular,IV Cannula (18G-24G),5,24591.57,12.6,UPI,Delivered,Sanjay Verma,WH-Bhiwandi (West),West
ORD-10568,CUST-1112,2026-05-28,Infusion & Vascular,Dialysis Catheter,5,19466.09,9.7,Debit Card,Returned,Anjali Nair,WH-Gurugram (North),North
ORD-10569,CUST-1041,2026-07-02,Diagnostic & Monitoring,Single-Channel ECG Machine,5,9027.0,8.0,UPI,Cancelled,Sanjay Verma,WH-Bengaluru (South),South
ORD-10570,CUST-1296,2024-08-16,Orthopedic & Mobility,Walking Frame with Castors,1,35301.76,12.3,Debit Card,Returned,Anjali Nair,WH-Kolkata (East),East
ORD-10571,CUST-1154,2026-06-12,Respiratory Care,Compressor Nebulizer,4,22042.96,10.5,Debit Card,Shipped,Vikram Patel,WH-Bengaluru (South),South
ORD-10572,CUST-1693,2026-04-30,Infusion & Vascular,Dialysis Catheter,4,16527.73,10.8,COD,Returned,Anjali Nair,WH-Bengaluru (South),South
ORD-10573,CUST-1581,2026-05-29,Respiratory Care,Compressor Nebulizer,5,25801.57,5.6,Net Banking,Returned,Priya Sharma,WH-Kolkata (East),East
ORD-10574,CUST-1784,2026-05-19,Diagnostic & Monitoring,Stethoscope (Cardiology Grade),3,24412.76,12.2,UPI,Returned,Priya Sharma,WH-Kolkata (East),East
ORD-10575,CUST-1255,2026-01-29,Surgical & Critical Care,LED Surgical OT Light,1,20846.68,14.6,UPI,Processing,Priya Sharma,WH-Bengaluru (South),South
ORD-10576,CUST-1608,2025-03-12,Orthopedic & Mobility,TENS Physiotherapy Unit,3,8710.36,6.5,UPI,Delivered,Ramesh Rao,WH-Bhiwandi (West),West
ORD-10577,CUST-1798,2025-10-22,Respiratory Care,Compressor Nebulizer,1,25930.86,14.5,COD,Delivered,Sanjay Verma,WH-Gurugram (North),North
ORD-10578,CUST-1409,2026-05-12,Infusion & Vascular,Syringe Driver Pump,5,40624.12,14.2,COD,Delivered,Sanjay Verma,WH-Kolkata (East),East
ORD-10579,CUST-1074,2025-07-11,Infusion & Vascular,Dialysis Catheter,4,43757.56,8.8,Net Banking,Returned,Sanjay Verma,WH-Gurugram (North),North
ORD-10580,CUST-1210,2025-11-14,Infusion & Vascular,Central Venous Catheter Kit,5,16768.11,13.5,Credit Card,Cancelled,Vikram Patel,WH-Gurugram (North),North
ORD-10581,CUST-1669,2026-04-17,Respiratory Care,Compressor Nebulizer,5,41771.32,7.4,UPI,Returned,Vikram Patel,WH-Bhiwandi (West),West
ORD-10582,CUST-1251,2026-03-25,Orthopedic & Mobility,Air Mattress for Bedsores,2,12299.57,5.6,Net Banking,Delivered,Anjali Nair,WH-Bengaluru (South),South
ORD-10583,CUST-1867,2025-08-11,Diabetes Care,Blood Glucose Meter Kit,2,26859.42,2.1,UPI,Processing,Vikram Patel,WH-Bengaluru (South),South
ORD-10584,CUST-1050,2025-12-06,Surgical & Critical Care,Pulse Generator Pacemaker,4,13594.3,13.3,Net Banking,Returned,Sanjay Verma,WH-Bengaluru (South),South
ORD-10585,CUST-1969,2026-06-27,Home Healthcare,Electric Heating Pad,3,12865.36,9.6,Debit Card,Cancelled,Sanjay Verma,WH-Bengaluru (South),South
ORD-10586,CUST-1930,2026-04-10,Infusion & Vascular,Volumetric Infusion Pump,3,25907.77,10.3,Net Banking,Cancelled,Vikram Patel,WH-Bengaluru (South),South
ORD-10587,CUST-1979,2025-07-12,Respiratory Care,Mesh Nebulizer,4,14394.97,5.2,Debit Card,Delivered,Priya Sharma,WH-Gurugram (North),North
ORD-10588,CUST-1156,2026-05-02,Respiratory Care,High-Flow Nasal Cannula System,3,42306.96,4.3,Net Banking,Shipped,Sanjay Verma,WH-Kolkata (East),East
ORD-10589,CUST-1099,2026-03-07,Surgical & Critical Care,Surgical Stapler,1,36196.97,12.2,Net Banking,Delivered,Sanjay Verma,WH-Bhiwandi (West),West
ORD-10590,CUST-1423,2026-04-27,Diagnostic & Monitoring,Fetal Doppler Heart Rate Monitor,5,26505.68,11.9,Credit Card,Delivered,Sanjay Verma,WH-Bengaluru (South),South
ORD-10591,CUST-1724,2026-03-04,Respiratory Care,Suction Machine,3,28144.95,5.5,COD,Delivered,Sanjay Verma,WH-Bhiwandi (West),West
ORD-10592,CUST-1737,2024-12-26,Diagnostic & Monitoring,Digital Spirometer,3,31394.51,1.2,Credit Card,Cancelled,Vikram Patel,WH-Gurugram (North),North
ORD-10593,CUST-1212,2026-03-06,Respiratory Care,Auto CPAP Machine,5,16503.45,3.4,Net Banking,Cancelled,Priya Sharma,WH-Bhiwandi (West),West
ORD-10594,CUST-1104,2026-07-20,Diagnostic & Monitoring,Digital Spirometer,2,30989.92,10.2,COD,Delivered,Ramesh Rao,WH-Bengaluru (South),South
ORD-10595,CUST-1060,2025-12-29,Surgical & Critical Care,Anesthesia Workstation,1,883.76,3.7,Credit Card,Cancelled,Vikram Patel,WH-Kolkata (East),East
ORD-10596,CUST-1382,2026-05-01,Respiratory Care,Mesh Nebulizer,2,34695.93,7.5,Net Banking,Processing,Anjali Nair,WH-Kolkata (East),East
ORD-10597,CUST-1913,2026-05-13,Diagnostic & Monitoring,Pulse Oximeter,2,34024.58,0.0,UPI,Returned,Sanjay Verma,WH-Bhiwandi (West),West
ORD-10598,CUST-1956,2026-03-27,Infusion & Vascular,Volumetric Infusion Pump,5,7931.8,8.9,UPI,Shipped,Sanjay Verma,WH-Bhiwandi (West),West
ORD-10599,CUST-1760,2025-10-31,Diagnostic & Monitoring,Infrared Non-Contact Thermometer,1,13484.16,13.7,COD,Shipped,Priya Sharma,WH-Gurugram (North),North
ORD-10600,CUST-1294,2026-01-24,Orthopedic & Mobility,Folding Lightweight Wheelchair,5,42900.62,0.9,UPI,Shipped,Sanjay Verma,WH-Bengaluru (South),South
ORD-10601,CUST-1749,2026-06-20,Home Healthcare,Peak Flow Meter,2,38154.11,0.7,Debit Card,Processing,Anjali Nair,WH-Bhiwandi (West),West
ORD-10602,CUST-1623,2026-03-04,Respiratory Care,Compressor Nebulizer,1,5695.43,3.5,Credit Card,Delivered,Ramesh Rao,WH-Gurugram (North),North
ORD-10603,CUST-1448,2025-08-16,Orthopedic & Mobility,TENS Physiotherapy Unit,4,9875.57,14.6,Debit Card,Processing,Priya Sharma,WH-Kolkata (East),East
ORD-10604,CUST-1137,2025-10-13,Diagnostic & Monitoring,Continuous Glucose Monitor (CGM),1,23606.84,12.6,COD,Delivered,Vikram Patel,WH-Bhiwandi (West),West
ORD-10605,CUST-1074,2024-08-23,Diabetes Care,Blood Glucose Meter Kit,4,18377.31,14.8,COD,Shipped,Vikram Patel,WH-Kolkata (East),East
ORD-10606,CUST-1960,2026-02-05,Diabetes Care,Lancet Device,4,7071.57,5.8,Debit Card,Cancelled,Ramesh Rao,WH-Kolkata (East),East
ORD-10607,CUST-1417,2026-04-11,Infusion & Vascular,Syringe Driver Pump,3,6996.33,0.7,UPI,Delivered,Anjali Nair,WH-Kolkata (East),East
ORD-10608,CUST-1706,2025-08-15,Surgical & Critical Care,Surgical Stapler,1,44878.31,3.8,UPI,Delivered,Priya Sharma,WH-Gurugram (North),North
ORD-10609,CUST-1310,2025-08-31,Sterilization & Lab,Digital Centrifuge Machine,1,16033.11,4.1,COD,Shipped,Ramesh Rao,WH-Bhiwandi (West),West
ORD-10610,CUST-1507,2026-07-21,Sterilization & Lab,Ultrasound Cleaner,2,2268.63,2.5,Credit Card,Delivered,Ramesh Rao,WH-Kolkata (East),East
ORD-10611,CUST-1603,2026-05-01,Infusion & Vascular,Volumetric Infusion Pump,5,13586.83,12.8,Credit Card,Cancelled,Ramesh Rao,WH-Bengaluru (South),South
ORD-10612,CUST-1564,2026-03-15,Home Healthcare,Electric Heating Pad,1,38804.64,6.8,Credit Card,Cancelled,Anjali Nair,WH-Bhiwandi (West),West
ORD-10613,CUST-1945,2025-04-18,Sterilization & Lab,Tabletop Steam Autoclave,2,43325.64,8.9,Net Banking,Delivered,Ramesh Rao,WH-Gurugram (North),North
ORD-10614,CUST-1435,2025-11-09,Diagnostic & Monitoring,Digital Otoscope,5,36260.38,7.1,UPI,Delivered,Priya Sharma,WH-Bengaluru (South),South
ORD-10615,CUST-1598,2026-01-21,Diagnostic & Monitoring,Continuous Glucose Monitor (CGM),5,29904.12,7.6,Debit Card,Delivered,Anjali Nair,WH-Gurugram (North),North
ORD-10616,CUST-1305,2026-05-27,Respiratory Care,BiPAP Machine,5,3655.62,13.8,UPI,Cancelled,Ramesh Rao,WH-Bhiwandi (West),West
ORD-10617,CUST-1488,2026-06-14,Surgical & Critical Care,Defibrillator & AED,1,17316.25,5.2,UPI,Delivered,Ramesh Rao,WH-Bengaluru (South),South
ORD-10618,CUST-1263,2025-09-06,Orthopedic & Mobility,TENS Physiotherapy Unit,5,14015.55,5.3,Net Banking,Delivered,Vikram Patel,WH-Bengaluru (South),South
ORD-10619,CUST-1943,2025-12-17,Respiratory Care,Suction Machine,5,30050.69,1.2,Credit Card,Shipped,Vikram Patel,WH-Kolkata (East),East
ORD-10620,CUST-1407,2026-07-09,Respiratory Care,Mesh Nebulizer,1,3695.95,5.3,UPI,Shipped,Ramesh Rao,WH-Bengaluru (South),South
ORD-10621,CUST-1377,2026-06-13,Diabetes Care,Lancet Device,1,4166.5,7.5,Net Banking,Cancelled,Ramesh Rao,WH-Kolkata (East),East
ORD-10622,CUST-1972,2026-06-20,Respiratory Care,Compressor Nebulizer,4,23486.79,7.3,Credit Card,Delivered,Priya Sharma,WH-Bhiwandi (West),West
ORD-10623,CUST-1340,2026-03-05,Respiratory Care,Portable Oxygen Concentrator (5L),4,33452.52,0.0,COD,Delivered,Vikram Patel,WH-Bengaluru (South),South
ORD-10624,CUST-1139,2026-05-01,Orthopedic & Mobility,Folding Lightweight Wheelchair,2,21280.02,10.8,Net Banking,Delivered,Vikram Patel,WH-Gurugram (North),North
ORD-10625,CUST-1789,2024-09-12,Surgical & Critical Care,Anesthesia Workstation,1,38557.67,1.4,Credit Card,Delivered,Anjali Nair,WH-Bengaluru (South),South
ORD-10626,CUST-1355,2024-11-24,Diagnostic & Monitoring,Vascular Doppler,1,36115.39,7.3,Credit Card,Cancelled,Sanjay Verma,WH-Bhiwandi (West),West
ORD-10627,CUST-1260,2026-03-22,Diabetes Care,Blood Glucose Meter Kit,1,39050.22,14.5,COD,Processing,Anjali Nair,WH-Kolkata (East),East
ORD-10628,CUST-1321,2025-07-22,Diagnostic & Monitoring,Fetal Doppler Heart Rate Monitor,4,14366.68,2.1,Net Banking,Shipped,Anjali Nair,WH-Bhiwandi (West),West
ORD-10629,CUST-1460,2026-06-01,Surgical & Critical Care,LED Surgical OT Light,2,35055.7,0.2,Net Banking,Delivered,Sanjay Verma,WH-Bengaluru (South),South
ORD-10630,CUST-1520,2026-02-08,Diabetes Care,Insulin Pump,4,33098.57,3.5,Net Banking,Processing,Vikram Patel,WH-Bhiwandi (West),West
ORD-10631,CUST-1839,2026-04-22,Orthopedic & Mobility,TENS Physiotherapy Unit,5,16359.87,1.5,COD,Delivered,Ramesh Rao,WH-Bengaluru (South),South
ORD-10632,CUST-1712,2026-07-03,Infusion & Vascular,IV Cannula (18G-24G),3,7217.55,3.4,COD,Shipped,Priya Sharma,WH-Kolkata (East),East
ORD-10633,CUST-1781,2026-03-05,Surgical & Critical Care,Laryngoscope Set,5,34339.79,13.6,Debit Card,Processing,Anjali Nair,WH-Kolkata (East),East
ORD-10634,CUST-1924,2024-11-11,Diagnostic & Monitoring,Digital Blood Pressure Monitor,3,19653.59,11.3,COD,Delivered,Vikram Patel,WH-Gurugram (North),North
ORD-10635,CUST-1921,2026-04-25,Surgical & Critical Care,Surgical Stapler,4,17391.35,1.7,UPI,Delivered,Sanjay Verma,WH-Bengaluru (South),South
ORD-10636,CUST-1590,2025-05-02,Diabetes Care,Insulin Pump,2,36697.49,13.6,Debit Card,Cancelled,Vikram Patel,WH-Gurugram (North),North
ORD-10637,CUST-1531,2026-01-08,Diabetes Care,Insulin Pen Injector,5,5535.44,0.4,Debit Card,Cancelled,Ramesh Rao,WH-Bengaluru (South),South
ORD-10638,CUST-1353,2026-05-07,Surgical & Critical Care,Defibrillator & AED,1,44259.48,2.6,COD,Shipped,Priya Sharma,WH-Bhiwandi (West),West
ORD-10639,CUST-1417,2026-01-23,Diabetes Care,Blood Glucose Meter Kit,1,36863.85,6.0,Net Banking,Delivered,Priya Sharma,WH-Gurugram (North),North
ORD-10640,CUST-1153,2026-05-29,Diagnostic & Monitoring,Digital Otoscope,2,28592.43,6.3,Net Banking,Shipped,Sanjay Verma,WH-Gurugram (North),North
ORD-10641,CUST-1271,2025-11-23,Surgical & Critical Care,Defibrillator & AED,2,7744.76,13.8,Debit Card,Returned,Ramesh Rao,WH-Gurugram (North),North
ORD-10642,CUST-1032,2025-08-29,Diagnostic & Monitoring,Digital Blood Pressure Monitor,4,3485.78,7.4,UPI,Delivered,Vikram Patel,WH-Bengaluru (South),South
ORD-10643,CUST-1124,2025-10-07,Home Healthcare,Peak Flow Meter,4,42769.44,12.5,Credit Card,Delivered,Vikram Patel,WH-Bengaluru (South),South
ORD-10644,CUST-1650,2026-02-25,Infusion & Vascular,Volumetric Infusion Pump,1,3952.89,0.4,UPI,Shipped,Sanjay Verma,WH-Kolkata (East),East
ORD-10645,CUST-1919,2026-07-22,Respiratory Care,Mesh Nebulizer,3,35259.41,0.3,Debit Card,Delivered,Sanjay Verma,WH-Bhiwandi (West),West
ORD-10646,CUST-1695,2025-05-31,Diagnostic & Monitoring,Single-Channel ECG Machine,5,35948.6,9.7,Credit Card,Cancelled,Sanjay Verma,WH-Bengaluru (South),South
ORD-10647,CUST-1716,2025-07-16,Diabetes Care,Insulin Pen Injector,2,39383.01,7.1,UPI,Cancelled,Anjali Nair,WH-Bengaluru (South),South
ORD-10648,CUST-1194,2026-01-16,Orthopedic & Mobility,TENS Physiotherapy Unit,3,13921.59,11.5,Debit Card,Cancelled,Vikram Patel,WH-Kolkata (East),East
ORD-10649,CUST-1478,2026-02-28,Infusion & Vascular,Central Venous Catheter Kit,3,17465.48,11.9,UPI,Returned,Anjali Nair,WH-Bhiwandi (West),West
ORD-10650,CUST-1533,2026-02-03,Orthopedic & Mobility,Air Mattress for Bedsores,2,25755.49,10.2,Credit Card,Delivered,Vikram Patel,WH-Gurugram (North),North
ORD-10651,CUST-1469,2026-04-21,Home Healthcare,Digital Vein Finder,3,31387.67,4.0,Net Banking,Processing,Ramesh Rao,WH-Kolkata (East),East
ORD-10652,CUST-1440,2025-06-12,Respiratory Care,Compressor Nebulizer,4,21914.4,9.1,Debit Card,Delivered,Sanjay Verma,WH-Gurugram (North),North
ORD-10653,CUST-1503,2026-06-29,Orthopedic & Mobility,Motorized Wheelchair,1,15018.51,2.5,Net Banking,Processing,Priya Sharma,WH-Bengaluru (South),South
ORD-10654,CUST-1015,2026-07-20,Diagnostic & Monitoring,Stethoscope (Cardiology Grade),2,2884.12,11.9,COD,Processing,Sanjay Verma,WH-Bhiwandi (West),West
ORD-10655,CUST-1147,2026-01-16,Diabetes Care,Blood Glucose Meter Kit,1,12864.14,14.0,Credit Card,Delivered,Vikram Patel,WH-Bengaluru (South),South
ORD-10656,CUST-1405,2026-06-21,Surgical & Critical Care,Defibrillator & AED,1,12192.94,13.5,Debit Card,Delivered,Priya Sharma,WH-Bhiwandi (West),West
ORD-10657,CUST-1948,2026-07-19,Sterilization & Lab,UV Sterilizer Box,1,31340.04,5.7,Net Banking,Returned,Priya Sharma,WH-Gurugram (North),North
ORD-10658,CUST-1451,2026-07-12,Diagnostic & Monitoring,Pulse Oximeter,4,29752.37,1.7,Net Banking,Delivered,Ramesh Rao,WH-Gurugram (North),North
ORD-10659,CUST-1134,2025-08-27,Home Healthcare,Digital Vein Finder,2,2079.62,3.5,Credit Card,Delivered,Sanjay Verma,WH-Kolkata (East),East
ORD-10660,CUST-1077,2026-03-09,Orthopedic & Mobility,TENS Physiotherapy Unit,3,25586.28,1.3,COD,Returned,Ramesh Rao,WH-Bengaluru (South),South
ORD-10661,CUST-1515,2025-07-16,Orthopedic & Mobility,Cervical Traction Unit,3,2550.53,5.8,Credit Card,Delivered,Priya Sharma,WH-Bhiwandi (West),West
ORD-10662,CUST-1448,2025-09-12,Diagnostic & Monitoring,Single-Channel ECG Machine,2,41785.77,5.7,COD,Cancelled,Anjali Nair,WH-Gurugram (North),North
ORD-10663,CUST-1135,2026-01-21,Diagnostic & Monitoring,Digital Blood Pressure Monitor,2,9197.76,13.8,Net Banking,Delivered,Priya Sharma,WH-Gurugram (North),North
ORD-10664,CUST-1032,2025-08-13,Diagnostic & Monitoring,Pulse Oximeter,3,7631.95,2.6,Net Banking,Shipped,Vikram Patel,WH-Gurugram (North),North
ORD-10665,CUST-1234,2026-02-19,Diagnostic & Monitoring,Infrared Non-Contact Thermometer,4,1121.3,12.7,UPI,Returned,Priya Sharma,WH-Kolkata (East),East
ORD-10666,CUST-1944,2026-05-10,Home Healthcare,Electric Heating Pad,5,23061.99,3.6,Net Banking,Returned,Ramesh Rao,WH-Gurugram (North),North
ORD-10667,CUST-1694,2026-05-08,Respiratory Care,Auto CPAP Machine,1,41366.66,0.9,UPI,Delivered,Vikram Patel,WH-Bhiwandi (West),West
ORD-10668,CUST-1056,2026-06-30,Diagnostic & Monitoring,Continuous Glucose Monitor (CGM),3,11384.08,1.9,Credit Card,Processing,Vikram Patel,WH-Gurugram (North),North
ORD-10669,CUST-1492,2026-05-11,Orthopedic & Mobility,TENS Physiotherapy Unit,1,5205.46,8.8,COD,Returned,Vikram Patel,WH-Gurugram (North),North
ORD-10670,CUST-1659,2025-07-17,Infusion & Vascular,Syringe Driver Pump,4,34663.03,0.5,Net Banking,Shipped,Vikram Patel,WH-Bhiwandi (West),West
ORD-10671,CUST-1281,2026-03-12,Diabetes Care,Insulin Pump,5,38548.55,2.7,COD,Delivered,Vikram Patel,WH-Bhiwandi (West),West
ORD-10672,CUST-1396,2026-04-26,Diagnostic & Monitoring,Infrared Non-Contact Thermometer,2,32963.7,8.6,Debit Card,Delivered,Vikram Patel,WH-Kolkata (East),East
ORD-10673,CUST-1765,2025-03-16,Orthopedic & Mobility,Folding Lightweight Wheelchair,2,31753.09,14.1,Debit Card,Delivered,Vikram Patel,WH-Gurugram (North),North
ORD-10674,CUST-1611,2025-12-30,Orthopedic & Mobility,Motorized Wheelchair,1,16539.28,0.5,Debit Card,Processing,Priya Sharma,WH-Gurugram (North),North
ORD-10675,CUST-1456,2026-03-05,Diagnostic & Monitoring,Digital Otoscope,1,2279.5,12.8,UPI,Shipped,Ramesh Rao,WH-Gurugram (North),North
ORD-10676,CUST-1133,2024-12-23,Orthopedic & Mobility,Air Mattress for Bedsores,3,9540.5,14.1,Net Banking,Delivered,Anjali Nair,WH-Gurugram (North),North
ORD-10677,CUST-1914,2025-04-18,Infusion & Vascular,Central Venous Catheter Kit,5,32246.4,7.3,COD,Returned,Priya Sharma,WH-Kolkata (East),East
ORD-10678,CUST-1896,2025-09-03,Diagnostic & Monitoring,Capnograph Monitor,3,24910.37,14.9,COD,Delivered,Vikram Patel,WH-Bhiwandi (West),West
ORD-10679,CUST-1054,2026-05-25,Infusion & Vascular,Volumetric Infusion Pump,2,29679.97,5.8,Debit Card,Delivered,Ramesh Rao,WH-Kolkata (East),East
ORD-10680,CUST-1918,2025-10-22,Diagnostic & Monitoring,Single-Channel ECG Machine,3,44456.44,0.7,UPI,Delivered,Sanjay Verma,WH-Kolkata (East),East
ORD-10681,CUST-1096,2025-10-23,Diagnostic & Monitoring,Infrared Non-Contact Thermometer,3,22616.31,7.9,Net Banking,Cancelled,Priya Sharma,WH-Kolkata (East),East
ORD-10682,CUST-1429,2025-11-30,Infusion & Vascular,Syringe Driver Pump,5,8308.43,7.6,COD,Processing,Sanjay Verma,WH-Gurugram (North),North
ORD-10683,CUST-1149,2026-07-20,Diabetes Care,Insulin Pen Injector,1,25202.21,0.0,UPI,Delivered,Priya Sharma,WH-Bengaluru (South),South
ORD-10684,CUST-1969,2026-07-22,Infusion & Vascular,IV Cannula (18G-24G),3,41125.89,2.3,Net Banking,Cancelled,Anjali Nair,WH-Gurugram (North),North
ORD-10685,CUST-1374,2025-08-23,Surgical & Critical Care,Electric Suction Apparatus,1,44347.57,14.8,Net Banking,Cancelled,Anjali Nair,WH-Gurugram (North),North
ORD-10686,CUST-1692,2025-08-06,Infusion & Vascular,Dialysis Catheter,1,3595.89,0.5,Debit Card,Delivered,Anjali Nair,WH-Bengaluru (South),South
ORD-10687,CUST-1714,2025-07-12,Respiratory Care,Mesh Nebulizer,1,28285.47,14.6,Credit Card,Cancelled,Priya Sharma,WH-Bhiwandi (West),West
ORD-10688,CUST-1783,2026-07-10,Surgical & Critical Care,LED Surgical OT Light,3,44203.48,4.1,UPI,Processing,Vikram Patel,WH-Kolkata (East),East
ORD-10689,CUST-1488,2026-05-08,Orthopedic & Mobility,Cervical Traction Unit,5,14673.99,5.3,UPI,Delivered,Priya Sharma,WH-Gurugram (North),North
ORD-10690,CUST-1081,2025-03-05,Orthopedic & Mobility,Motorized Wheelchair,5,44426.52,12.1,Credit Card,Delivered,Ramesh Rao,WH-Bhiwandi (West),West
ORD-10691,CUST-1608,2025-04-07,Orthopedic & Mobility,Walking Frame with Castors,3,36962.41,14.8,Credit Card,Shipped,Priya Sharma,WH-Gurugram (North),North
ORD-10692,CUST-1094,2025-06-16,Diagnostic & Monitoring,Digital Blood Pressure Monitor,3,5459.7,1.2,COD,Shipped,Vikram Patel,WH-Gurugram (North),North
ORD-10693,CUST-1039,2026-03-02,Respiratory Care,BiPAP Machine,1,30809.94,11.8,COD,Delivered,Ramesh Rao,WH-Bengaluru (South),South
ORD-10694,CUST-1288,2025-09-13,Sterilization & Lab,UV Sterilizer Box,4,40735.98,4.3,Credit Card,Shipped,Priya Sharma,WH-Bhiwandi (West),West
ORD-10695,CUST-1602,2025-08-23,Infusion & Vascular,Volumetric Infusion Pump,1,39693.62,0.5,UPI,Delivered,Vikram Patel,WH-Kolkata (East),East
ORD-10696,CUST-1812,2025-11-10,Diabetes Care,Blood Glucose Meter Kit,4,15471.32,1.6,Net Banking,Delivered,Sanjay Verma,WH-Kolkata (East),East
ORD-10697,CUST-1451,2026-07-16,Orthopedic & Mobility,Walking Frame with Castors,2,10455.34,2.1,Credit Card,Delivered,Priya Sharma,WH-Kolkata (East),East
ORD-10698,CUST-1231,2025-08-25,Diabetes Care,Lancet Device,3,7623.78,8.8,UPI,Delivered,Anjali Nair,WH-Kolkata (East),East
ORD-10699,CUST-1600,2025-11-05,Orthopedic & Mobility,Motorized Wheelchair,3,37912.63,0.1,UPI,Delivered,Sanjay Verma,WH-Bengaluru (South),South
ORD-10700,CUST-1705,2026-02-11,Sterilization & Lab,Tabletop Steam Autoclave,4,13274.0,1.4,UPI,Delivered,Sanjay Verma,WH-Gurugram (North),North
ORD-10701,CUST-1248,2025-06-25,Respiratory Care,High-Flow Nasal Cannula System,3,44854.59,15.0,COD,Shipped,Vikram Patel,WH-Gurugram (North),North
ORD-10702,CUST-1499,2026-05-23,Diagnostic & Monitoring,Pulse Oximeter,4,40581.46,10.9,COD,Delivered,Anjali Nair,WH-Bhiwandi (West),West
ORD-10703,CUST-1648,2026-05-16,Orthopedic & Mobility,Air Mattress for Bedsores,1,1421.18,2.4,COD,Delivered,Anjali Nair,WH-Bengaluru (South),South
ORD-10704,CUST-1318,2026-05-14,Respiratory Care,Suction Machine,3,15564.26,5.6,Net Banking,Processing,Anjali Nair,WH-Kolkata (East),East
ORD-10705,CUST-1065,2026-06-28,Diabetes Care,Insulin Pump,3,34187.76,5.2,Debit Card,Delivered,Vikram Patel,WH-Kolkata (East),East
ORD-10706,CUST-1410,2026-07-22,Orthopedic & Mobility,Cervical Traction Unit,2,38558.31,7.0,UPI,Processing,Anjali Nair,WH-Gurugram (North),North
ORD-10707,CUST-1946,2026-07-21,Sterilization & Lab,Digital Centrifuge Machine,4,28794.53,4.2,Debit Card,Processing,Vikram Patel,WH-Bhiwandi (West),West
ORD-10708,CUST-1138,2026-07-06,Respiratory Care,Suction Machine,3,22220.64,12.5,Net Banking,Cancelled,Vikram Patel,WH-Gurugram (North),North
ORD-10709,CUST-1742,2026-01-14,Home Healthcare,Electric Heating Pad,3,34280.26,11.1,UPI,Delivered,Anjali Nair,WH-Bhiwandi (West),West
ORD-10710,CUST-1466,2026-02-07,Diagnostic & Monitoring,Fetal Doppler Heart Rate Monitor,3,44010.77,6.4,Credit Card,Shipped,Ramesh Rao,WH-Gurugram (North),North
ORD-10711,CUST-1311,2025-08-23,Surgical & Critical Care,Laryngoscope Set,3,6736.77,5.9,Net Banking,Delivered,Anjali Nair,WH-Bhiwandi (West),West
ORD-10712,CUST-1897,2025-12-14,Home Healthcare,Peak Flow Meter,3,3531.85,9.1,Debit Card,Delivered,Ramesh Rao,WH-Bengaluru (South),South
ORD-10713,CUST-1606,2025-05-13,Respiratory Care,Incentive Spirometer,2,14635.71,11.2,Net Banking,Delivered,Sanjay Verma,WH-Gurugram (North),North
ORD-10714,CUST-1250,2026-06-06,Surgical & Critical Care,LED Surgical OT Light,2,7797.9,1.7,COD,Delivered,Anjali Nair,WH-Bengaluru (South),South
ORD-10715,CUST-1788,2026-03-16,Surgical & Critical Care,LED Surgical OT Light,3,9567.77,12.0,Net Banking,Delivered,Ramesh Rao,WH-Kolkata (East),East
ORD-10716,CUST-1909,2026-05-22,Surgical & Critical Care,Anesthesia Workstation,1,29078.38,14.2,Net Banking,Cancelled,Anjali Nair,WH-Bhiwandi (West),West
ORD-10717,CUST-1007,2026-07-18,Diagnostic & Monitoring,Capnograph Monitor,4,4029.53,7.1,COD,Delivered,Ramesh Rao,WH-Bhiwandi (West),West
ORD-10718,CUST-1836,2026-05-13,Diagnostic & Monitoring,Stethoscope (Cardiology Grade),5,28376.03,9.5,UPI,Processing,Sanjay Verma,WH-Bhiwandi (West),West
ORD-10719,CUST-1105,2026-07-01,Respiratory Care,High-Flow Nasal Cannula System,5,11855.43,12.8,Credit Card,Returned,Priya Sharma,WH-Bhiwandi (West),West
ORD-10720,CUST-1130,2026-03-14,Surgical & Critical Care,LED Surgical OT Light,3,24164.23,4.7,Net Banking,Delivered,Priya Sharma,WH-Bhiwandi (West),West
ORD-10721,CUST-1503,2026-06-07,Surgical & Critical Care,Laryngoscope Set,1,18024.47,6.8,COD,Shipped,Vikram Patel,WH-Bhiwandi (West),West
ORD-10722,CUST-1320,2026-07-13,Diabetes Care,Insulin Pen Injector,3,36754.47,10.1,Credit Card,Processing,Priya Sharma,WH-Kolkata (East),East
ORD-10723,CUST-1584,2025-12-15,Diagnostic & Monitoring,Single-Channel ECG Machine,2,41707.95,10.4,Credit Card,Delivered,Sanjay Verma,WH-Bengaluru (South),South
ORD-10724,CUST-1089,2026-01-12,Orthopedic & Mobility,Cervical Traction Unit,3,39705.56,11.0,UPI,Cancelled,Vikram Patel,WH-Bhiwandi (West),West
ORD-10725,CUST-1880,2025-08-22,Infusion & Vascular,Volumetric Infusion Pump,1,22275.53,2.9,COD,Returned,Anjali Nair,WH-Bengaluru (South),South
ORD-10726,CUST-1187,2026-04-18,Infusion & Vascular,Dialysis Catheter,2,3126.98,10.5,Credit Card,Processing,Vikram Patel,WH-Bhiwandi (West),West
ORD-10727,CUST-1831,2025-09-16,Diagnostic & Monitoring,Digital Blood Pressure Monitor,1,40853.54,7.6,UPI,Returned,Anjali Nair,WH-Bengaluru (South),South
ORD-10728,CUST-1954,2026-02-10,Surgical & Critical Care,Anesthesia Workstation,3,8623.94,9.9,Credit Card,Delivered,Vikram Patel,WH-Bhiwandi (West),West
ORD-10729,CUST-1909,2026-05-18,Respiratory Care,Suction Machine,5,7064.3,10.9,Credit Card,Returned,Priya Sharma,WH-Kolkata (East),East
ORD-10730,CUST-1187,2026-01-16,Respiratory Care,Compressor Nebulizer,3,29885.72,1.7,Credit Card,Shipped,Ramesh Rao,WH-Bengaluru (South),South
ORD-10731,CUST-1391,2026-05-24,Diabetes Care,Lancet Device,3,33399.78,13.2,Credit Card,Cancelled,Vikram Patel,WH-Bhiwandi (West),West
ORD-10732,CUST-1092,2026-05-25,Surgical & Critical Care,Surgical Stapler,3,23359.97,11.4,Debit Card,Shipped,Anjali Nair,WH-Gurugram (North),North
ORD-10733,CUST-1350,2026-07-20,Diagnostic & Monitoring,Digital Otoscope,3,2404.92,6.8,Credit Card,Delivered,Sanjay Verma,WH-Gurugram (North),North
ORD-10734,CUST-1144,2026-05-31,Diagnostic & Monitoring,Stethoscope (Cardiology Grade),4,25466.97,12.9,COD,Delivered,Vikram Patel,WH-Kolkata (East),East
ORD-10735,CUST-1352,2026-06-18,Respiratory Care,Incentive Spirometer,2,7553.64,4.4,UPI,Delivered,Sanjay Verma,WH-Bhiwandi (West),West
ORD-10736,CUST-1153,2026-06-30,Infusion & Vascular,IV Cannula (18G-24G),5,40977.96,14.3,Credit Card,Delivered,Sanjay Verma,WH-Kolkata (East),East
ORD-10737,CUST-1551,2025-10-26,Diabetes Care,Lancet Device,1,32541.59,0.8,Debit Card,Shipped,Ramesh Rao,WH-Kolkata (East),East
ORD-10738,CUST-1656,2026-03-06,Infusion & Vascular,Volumetric Infusion Pump,1,14643.34,12.2,UPI,Processing,Sanjay Verma,WH-Bhiwandi (West),West
ORD-10739,CUST-1918,2026-06-11,Orthopedic & Mobility,Air Mattress for Bedsores,4,44030.23,9.6,COD,Processing,Vikram Patel,WH-Bhiwandi (West),West
ORD-10740,CUST-1666,2026-01-25,Respiratory Care,Auto CPAP Machine,3,14106.18,3.3,COD,Cancelled,Ramesh Rao,WH-Gurugram (North),North
ORD-10741,CUST-1838,2025-10-29,Orthopedic & Mobility,Cervical Traction Unit,2,29207.6,5.0,COD,Shipped,Anjali Nair,WH-Kolkata (East),East
ORD-10742,CUST-1080,2026-06-26,Home Healthcare,Digital Vein Finder,2,17920.91,8.8,Net Banking,Returned,Anjali Nair,WH-Kolkata (East),East
ORD-10743,CUST-1562,2026-07-01,Infusion & Vascular,Central Venous Catheter Kit,4,34362.2,4.0,UPI,Processing,Anjali Nair,WH-Bengaluru (South),South
ORD-10744,CUST-1664,2026-05-17,Surgical & Critical Care,Laryngoscope Set,4,42878.87,9.9,UPI,Delivered,Priya Sharma,WH-Bengaluru (South),South
ORD-10745,CUST-1104,2026-07-20,Diagnostic & Monitoring,Continuous Glucose Monitor (CGM),4,8247.9,1.4,COD,Cancelled,Vikram Patel,WH-Bhiwandi (West),West
ORD-10746,CUST-1820,2026-01-06,Respiratory Care,High-Flow Nasal Cannula System,2,34207.83,4.6,UPI,Delivered,Ramesh Rao,WH-Bhiwandi (West),West
ORD-10747,CUST-1375,2026-06-24,Diabetes Care,Insulin Pen Injector,2,39216.46,14.9,Debit Card,Cancelled,Vikram Patel,WH-Bhiwandi (West),West
ORD-10748,CUST-1671,2025-03-25,Orthopedic & Mobility,Motorized Wheelchair,4,14423.72,4.6,Credit Card,Delivered,Ramesh Rao,WH-Kolkata (East),East
ORD-10749,CUST-1420,2024-09-23,Diabetes Care,Insulin Pen Injector,2,5423.73,4.0,Net Banking,Shipped,Ramesh Rao,WH-Bhiwandi (West),West
ORD-10750,CUST-1305,2026-06-03,Respiratory Care,Auto CPAP Machine,5,31191.28,9.7,COD,Shipped,Vikram Patel,WH-Gurugram (North),North
ORD-10751,CUST-1955,2026-05-19,Home Healthcare,Electric Heating Pad,1,3718.87,9.8,Credit Card,Cancelled,Priya Sharma,WH-Gurugram (North),North
ORD-10752,CUST-1075,2024-08-09,Infusion & Vascular,IV Cannula (18G-24G),3,36411.89,13.9,Debit Card,Delivered,Sanjay Verma,WH-Kolkata (East),East
ORD-10753,CUST-1076,2024-10-09,Diagnostic & Monitoring,Digital Otoscope,2,23959.68,12.7,Debit Card,Delivered,Priya Sharma,WH-Bengaluru (South),South
ORD-10754,CUST-1843,2025-12-14,Diagnostic & Monitoring,Digital Otoscope,4,19732.5,13.5,Net Banking,Cancelled,Sanjay Verma,WH-Bhiwandi (West),West
ORD-10755,CUST-1399,2026-07-12,Surgical & Critical Care,LED Surgical OT Light,1,35819.58,7.7,Net Banking,Delivered,Sanjay Verma,WH-Bengaluru (South),South
ORD-10756,CUST-1812,2026-03-04,Sterilization & Lab,Digital Centrifuge Machine,1,30021.89,0.9,Net Banking,Cancelled,Vikram Patel,WH-Kolkata (East),East
ORD-10757,CUST-1339,2026-07-21,Respiratory Care,Incentive Spirometer,2,6621.76,3.8,UPI,Delivered,Ramesh Rao,WH-Bengaluru (South),South
ORD-10758,CUST-1895,2026-05-10,Diabetes Care,Lancet Device,5,19871.69,10.0,Credit Card,Delivered,Priya Sharma,WH-Kolkata (East),East
ORD-10759,CUST-1061,2026-07-11,Surgical & Critical Care,Surgical Stapler,1,41615.21,10.1,COD,Processing,Vikram Patel,WH-Kolkata (East),East
ORD-10760,CUST-1926,2026-01-26,Respiratory Care,Suction Machine,4,1095.43,0.6,COD,Returned,Vikram Patel,WH-Bhiwandi (West),West
ORD-10761,CUST-1151,2026-06-17,Surgical & Critical Care,LED Surgical OT Light,1,24059.01,1.5,Credit Card,Shipped,Sanjay Verma,WH-Bengaluru (South),South
ORD-10762,CUST-1508,2025-08-04,Diagnostic & Monitoring,Stethoscope (Cardiology Grade),4,30664.54,12.3,Net Banking,Cancelled,Anjali Nair,WH-Bengaluru (South),South
ORD-10763,CUST-1912,2025-07-06,Diagnostic & Monitoring,Pulse Oximeter,3,13050.75,5.1,Net Banking,Delivered,Ramesh Rao,WH-Gurugram (North),North
ORD-10764,CUST-1698,2026-05-28,Sterilization & Lab,UV Sterilizer Box,5,29649.07,11.5,COD,Cancelled,Priya Sharma,WH-Gurugram (North),North
ORD-10765,CUST-1577,2024-12-26,Infusion & Vascular,Syringe Driver Pump,5,529.9,13.3,Debit Card,Processing,Sanjay Verma,WH-Kolkata (East),East
ORD-10766,CUST-1022,2026-01-29,Respiratory Care,Portable Oxygen Concentrator (5L),3,4898.78,5.1,Net Banking,Returned,Ramesh Rao,WH-Kolkata (East),East
ORD-10767,CUST-1645,2025-10-03,Diagnostic & Monitoring,Single-Channel ECG Machine,2,3370.67,10.3,UPI,Returned,Vikram Patel,WH-Gurugram (North),North
ORD-10768,CUST-1388,2025-06-19,Sterilization & Lab,Tabletop Steam Autoclave,3,20520.44,10.7,Net Banking,Returned,Priya Sharma,WH-Kolkata (East),East
ORD-10769,CUST-1604,2026-01-11,Diagnostic & Monitoring,Capnograph Monitor,1,30459.92,12.8,UPI,Shipped,Vikram Patel,WH-Gurugram (North),North
ORD-10770,CUST-1786,2026-02-11,Surgical & Critical Care,Surgical Electrocautery Unit,3,33266.16,5.0,Credit Card,Delivered,Anjali Nair,WH-Bhiwandi (West),West
ORD-10771,CUST-1687,2025-12-08,Surgical & Critical Care,Anesthesia Workstation,1,8561.29,7.2,COD,Delivered,Priya Sharma,WH-Bengaluru (South),South
ORD-10772,CUST-1546,2026-07-18,Diagnostic & Monitoring,Stethoscope (Cardiology Grade),3,13950.36,11.9,UPI,Delivered,Anjali Nair,WH-Gurugram (North),North
ORD-10773,CUST-1932,2026-06-24,Diagnostic & Monitoring,Vascular Doppler,1,29545.83,3.2,UPI,Shipped,Sanjay Verma,WH-Bhiwandi (West),West
ORD-10774,CUST-1418,2024-10-08,Diagnostic & Monitoring,Stethoscope (Cardiology Grade),1,19651.58,13.1,UPI,Delivered,Anjali Nair,WH-Bengaluru (South),South
ORD-10775,CUST-1629,2025-07-13,Diagnostic & Monitoring,Stethoscope (Cardiology Grade),4,39467.85,14.2,UPI,Shipped,Ramesh Rao,WH-Bhiwandi (West),West
ORD-10776,CUST-1180,2025-10-15,Surgical & Critical Care,Laryngoscope Set,5,10852.92,8.7,Net Banking,Cancelled,Ramesh Rao,WH-Bengaluru (South),South
ORD-10777,CUST-1518,2026-01-11,Orthopedic & Mobility,Folding Lightweight Wheelchair,5,39329.24,12.9,UPI,Cancelled,Sanjay Verma,WH-Bengaluru (South),South
ORD-10778,CUST-1445,2026-05-11,Diabetes Care,Lancet Device,2,33965.89,10.8,COD,Shipped,Vikram Patel,WH-Bengaluru (South),South
ORD-10779,CUST-1460,2026-06-17,Home Healthcare,Peak Flow Meter,3,37487.79,2.4,Credit Card,Cancelled,Vikram Patel,WH-Kolkata (East),East
ORD-10780,CUST-1372,2025-03-11,Diagnostic & Monitoring,Stethoscope (Cardiology Grade),3,40685.09,5.6,Credit Card,Processing,Anjali Nair,WH-Kolkata (East),East
ORD-10781,CUST-1181,2026-06-03,Diagnostic & Monitoring,Fetal Doppler Heart Rate Monitor,3,43627.9,10.5,Debit Card,Cancelled,Priya Sharma,WH-Bhiwandi (West),West
ORD-10782,CUST-1535,2024-12-21,Diagnostic & Monitoring,Infrared Non-Contact Thermometer,3,19485.42,6.8,UPI,Processing,Ramesh Rao,WH-Gurugram (North),North
ORD-10783,CUST-1114,2026-07-02,Respiratory Care,Incentive Spirometer,1,2225.16,0.6,COD,Delivered,Ramesh Rao,WH-Kolkata (East),East
ORD-10784,CUST-1756,2026-06-18,Respiratory Care,Incentive Spirometer,2,29181.49,2.7,Debit Card,Delivered,Sanjay Verma,WH-Bengaluru (South),South
ORD-10785,CUST-1829,2026-06-21,Sterilization & Lab,Tabletop Steam Autoclave,4,29015.09,10.7,COD,Delivered,Anjali Nair,WH-Bhiwandi (West),West
ORD-10786,CUST-1079,2025-12-07,Orthopedic & Mobility,Motorized Wheelchair,1,37090.87,6.6,Credit Card,Returned,Sanjay Verma,WH-Bengaluru (South),South
ORD-10787,CUST-1653,2025-04-04,Diabetes Care,Blood Glucose Meter Kit,3,10590.87,3.1,Debit Card,Shipped,Vikram Patel,WH-Bhiwandi (West),West
ORD-10788,CUST-1250,2025-08-20,Diagnostic & Monitoring,Continuous Glucose Monitor (CGM),1,3851.84,2.6,Debit Card,Delivered,Vikram Patel,WH-Kolkata (East),East
ORD-10789,CUST-1403,2025-09-12,Orthopedic & Mobility,Cervical Traction Unit,3,32849.55,2.1,COD,Returned,Vikram Patel,WH-Bhiwandi (West),West
ORD-10790,CUST-1619,2025-12-02,Home Healthcare,Digital Vein Finder,3,41602.07,9.8,Credit Card,Cancelled,Anjali Nair,WH-Kolkata (East),East
ORD-10791,CUST-1870,2026-04-26,Diagnostic & Monitoring,Continuous Glucose Monitor (CGM),4,1011.52,1.2,Net Banking,Cancelled,Priya Sharma,WH-Bhiwandi (West),West
ORD-10792,CUST-2000,2026-06-19,Infusion & Vascular,Volumetric Infusion Pump,2,26714.73,14.8,Credit Card,Delivered,Vikram Patel,WH-Kolkata (East),East
ORD-10793,CUST-1395,2026-06-06,Surgical & Critical Care,Pulse Generator Pacemaker,4,34512.3,10.9,Credit Card,Delivered,Sanjay Verma,WH-Bhiwandi (West),West
ORD-10794,CUST-1604,2026-01-28,Sterilization & Lab,Ultrasound Cleaner,3,29506.49,2.5,COD,Cancelled,Vikram Patel,WH-Bhiwandi (West),West
ORD-10795,CUST-1170,2026-07-22,Surgical & Critical Care,LED Surgical OT Light,5,18644.38,4.3,UPI,Processing,Ramesh Rao,WH-Kolkata (East),East
ORD-10796,CUST-1215,2026-07-11,Respiratory Care,Compressor Nebulizer,1,10432.6,6.7,Credit Card,Processing,Priya Sharma,WH-Bhiwandi (West),West
ORD-10797,CUST-1330,2025-07-03,Infusion & Vascular,Volumetric Infusion Pump,2,20556.39,5.6,UPI,Processing,Vikram Patel,WH-Gurugram (North),North
ORD-10798,CUST-1747,2026-06-13,Diagnostic & Monitoring,Digital Otoscope,2,4896.97,9.1,Debit Card,Returned,Ramesh Rao,WH-Kolkata (East),East
ORD-10799,CUST-1640,2025-11-10,Diabetes Care,Insulin Pen Injector,1,9270.95,10.3,Credit Card,Delivered,Priya Sharma,WH-Kolkata (East),East
ORD-10800,CUST-1104,2026-07-19,Diabetes Care,Insulin Pen Injector,5,23994.1,8.0,Credit Card,Cancelled,Ramesh Rao,WH-Bhiwandi (West),West
ORD-10801,CUST-1897,2026-02-16,Surgical & Critical Care,Surgical Electrocautery Unit,2,9414.17,7.0,COD,Shipped,Sanjay Verma,WH-Bengaluru (South),South
ORD-10802,CUST-1406,2026-03-29,Diagnostic & Monitoring,Multi-Para Patient Monitor,1,18532.17,13.0,Debit Card,Delivered,Vikram Patel,WH-Gurugram (North),North
ORD-10803,CUST-1289,2025-07-21,Orthopedic & Mobility,Folding Lightweight Wheelchair,2,4633.51,6.2,Credit Card,Cancelled,Anjali Nair,WH-Kolkata (East),East
ORD-10804,CUST-1036,2026-07-06,Surgical & Critical Care,Electric Suction Apparatus,3,32321.5,4.7,UPI,Processing,Ramesh Rao,WH-Bengaluru (South),South
ORD-10805,CUST-1402,2025-10-15,Diagnostic & Monitoring,Infrared Non-Contact Thermometer,3,25432.71,1.0,Net Banking,Returned,Priya Sharma,WH-Gurugram (North),North
ORD-10806,CUST-1276,2026-04-28,Surgical & Critical Care,Surgical Stapler,5,26367.24,3.9,COD,Shipped,Anjali Nair,WH-Bhiwandi (West),West
ORD-10807,CUST-1579,2026-05-13,Sterilization & Lab,UV Sterilizer Box,1,10858.05,4.1,Net Banking,Delivered,Ramesh Rao,WH-Bengaluru (South),South
ORD-10808,CUST-1088,2025-11-23,Sterilization & Lab,Tabletop Steam Autoclave,1,6783.42,8.2,COD,Delivered,Priya Sharma,WH-Gurugram (North),North
ORD-10809,CUST-1198,2026-02-13,Respiratory Care,Portable Oxygen Concentrator (5L),2,24598.63,6.1,COD,Delivered,Vikram Patel,WH-Kolkata (East),East
ORD-10810,CUST-1580,2026-03-30,Surgical & Critical Care,Defibrillator & AED,2,39121.31,12.5,Net Banking,Delivered,Vikram Patel,WH-Bengaluru (South),South
ORD-10811,CUST-1725,2026-05-23,Surgical & Critical Care,Pulse Generator Pacemaker,5,3149.1,7.9,Credit Card,Delivered,Sanjay Verma,WH-Kolkata (East),East
ORD-10812,CUST-1560,2025-08-26,Sterilization & Lab,Tabletop Steam Autoclave,4,43788.07,6.3,COD,Processing,Sanjay Verma,WH-Bengaluru (South),South
ORD-10813,CUST-1020,2026-07-11,Diabetes Care,Blood Glucose Meter Kit,3,40402.37,3.4,Credit Card,Delivered,Anjali Nair,WH-Gurugram (North),North
ORD-10814,CUST-1328,2026-03-20,Diabetes Care,Lancet Device,2,25790.43,3.2,Debit Card,Processing,Anjali Nair,WH-Gurugram (North),North
ORD-10815,CUST-1705,2026-06-02,Diagnostic & Monitoring,Digital Spirometer,5,22356.32,4.6,Debit Card,Delivered,Anjali Nair,WH-Bhiwandi (West),West
ORD-10816,CUST-1740,2024-11-12,Diabetes Care,Lancet Device,2,6936.69,13.9,Debit Card,Cancelled,Vikram Patel,WH-Kolkata (East),East
ORD-10817,CUST-1638,2026-06-28,Respiratory Care,Auto CPAP Machine,5,40177.29,13.8,Net Banking,Shipped,Sanjay Verma,WH-Gurugram (North),North
ORD-10818,CUST-1998,2026-07-04,Diagnostic & Monitoring,Stethoscope (Cardiology Grade),4,13243.09,8.9,Net Banking,Processing,Sanjay Verma,WH-Bhiwandi (West),West
ORD-10819,CUST-1497,2025-12-06,Diagnostic & Monitoring,Fetal Doppler Heart Rate Monitor,4,22155.61,10.2,Net Banking,Returned,Priya Sharma,WH-Bengaluru (South),South
ORD-10820,CUST-1227,2026-03-25,Surgical & Critical Care,Defibrillator & AED,4,20510.2,9.3,Net Banking,Returned,Ramesh Rao,WH-Bengaluru (South),South
ORD-10821,CUST-1538,2026-04-03,Orthopedic & Mobility,Walking Frame with Castors,1,19445.17,12.8,Net Banking,Delivered,Priya Sharma,WH-Gurugram (North),North
ORD-10822,CUST-1665,2026-06-15,Respiratory Care,Portable Oxygen Concentrator (5L),1,43810.62,13.4,UPI,Returned,Sanjay Verma,WH-Kolkata (East),East
ORD-10823,CUST-1716,2025-07-11,Diabetes Care,Blood Glucose Meter Kit,4,36655.37,5.2,COD,Delivered,Priya Sharma,WH-Kolkata (East),East
ORD-10824,CUST-1508,2026-05-16,Diagnostic & Monitoring,Digital Blood Pressure Monitor,3,41010.64,0.9,Credit Card,Delivered,Ramesh Rao,WH-Bhiwandi (West),West
ORD-10825,CUST-1052,2025-10-21,Sterilization & Lab,Digital Centrifuge Machine,4,36380.58,8.1,COD,Delivered,Priya Sharma,WH-Kolkata (East),East
ORD-10826,CUST-1704,2026-04-08,Surgical & Critical Care,Electric Suction Apparatus,4,3042.19,12.2,COD,Shipped,Anjali Nair,WH-Gurugram (North),North
ORD-10827,CUST-1870,2026-05-26,Diagnostic & Monitoring,Digital Blood Pressure Monitor,3,38736.9,7.8,COD,Delivered,Priya Sharma,WH-Gurugram (North),North
ORD-10828,CUST-1375,2026-06-10,Respiratory Care,Portable Oxygen Concentrator (5L),3,14979.65,7.7,Credit Card,Returned,Priya Sharma,WH-Gurugram (North),North
ORD-10829,CUST-1555,2026-03-13,Respiratory Care,Incentive Spirometer,1,33391.44,10.9,UPI,Delivered,Vikram Patel,WH-Bhiwandi (West),West
ORD-10830,CUST-1330,2025-03-22,Diabetes Care,Lancet Device,1,27502.81,6.3,Debit Card,Processing,Anjali Nair,WH-Bengaluru (South),South
ORD-10831,CUST-1771,2026-07-05,Diagnostic & Monitoring,Multi-Para Patient Monitor,4,6800.78,7.0,COD,Returned,Sanjay Verma,WH-Bhiwandi (West),West
ORD-10832,CUST-1784,2025-12-11,Orthopedic & Mobility,Folding Lightweight Wheelchair,3,26176.88,8.9,UPI,Shipped,Sanjay Verma,WH-Bengaluru (South),South
ORD-10833,CUST-1287,2026-06-13,Home Healthcare,Digital Vein Finder,3,30970.08,1.5,COD,Delivered,Anjali Nair,WH-Gurugram (North),North
ORD-10834,CUST-1412,2026-06-16,Diagnostic & Monitoring,Digital Spirometer,1,26740.19,3.4,Debit Card,Delivered,Priya Sharma,WH-Gurugram (North),North
ORD-10835,CUST-1314,2026-07-04,Home Healthcare,Digital Vein Finder,3,31815.68,0.9,UPI,Delivered,Sanjay Verma,WH-Bengaluru (South),South
ORD-10836,CUST-1206,2026-02-16,Diagnostic & Monitoring,Digital Spirometer,5,10329.07,3.4,UPI,Returned,Priya Sharma,WH-Bhiwandi (West),West
ORD-10837,CUST-1316,2025-06-17,Diagnostic & Monitoring,Digital Blood Pressure Monitor,2,40405.25,1.0,Net Banking,Delivered,Vikram Patel,WH-Bhiwandi (West),West
ORD-10838,CUST-1344,2026-04-01,Home Healthcare,Peak Flow Meter,1,37797.57,5.4,COD,Delivered,Sanjay Verma,WH-Bengaluru (South),South
ORD-10839,CUST-1952,2025-08-14,Infusion & Vascular,Central Venous Catheter Kit,3,5130.65,14.8,Credit Card,Delivered,Ramesh Rao,WH-Bhiwandi (West),West
ORD-10840,CUST-1344,2026-06-22,Sterilization & Lab,UV Sterilizer Box,2,28796.73,14.3,Debit Card,Cancelled,Anjali Nair,WH-Bengaluru (South),South
ORD-10841,CUST-1502,2026-01-14,Diagnostic & Monitoring,Fetal Doppler Heart Rate Monitor,5,5555.22,7.8,Credit Card,Delivered,Anjali Nair,WH-Gurugram (North),North
ORD-10842,CUST-1727,2026-05-06,Surgical & Critical Care,Pulse Generator Pacemaker,3,7049.52,5.9,Debit Card,Delivered,Priya Sharma,WH-Gurugram (North),North
ORD-10843,CUST-1619,2026-06-09,Surgical & Critical Care,Pulse Generator Pacemaker,2,27187.2,14.9,COD,Cancelled,Ramesh Rao,WH-Kolkata (East),East
ORD-10844,CUST-1310,2026-05-07,Home Healthcare,Digital Vein Finder,3,33400.52,12.6,UPI,Delivered,Ramesh Rao,WH-Gurugram (North),North
ORD-10845,CUST-1675,2026-01-29,Sterilization & Lab,UV Sterilizer Box,4,12399.7,3.7,Credit Card,Processing,Vikram Patel,WH-Gurugram (North),North
ORD-10846,CUST-1734,2026-07-03,Sterilization & Lab,Ultrasound Cleaner,2,36546.17,10.2,COD,Returned,Anjali Nair,WH-Gurugram (North),North
ORD-10847,CUST-1186,2026-04-22,Infusion & Vascular,Volumetric Infusion Pump,4,43084.11,0.5,Net Banking,Shipped,Priya Sharma,WH-Bhiwandi (West),West
ORD-10848,CUST-1016,2025-10-23,Sterilization & Lab,Tabletop Steam Autoclave,5,10386.46,6.3,COD,Processing,Ramesh Rao,WH-Bhiwandi (West),West
ORD-10849,CUST-1425,2025-11-10,Home Healthcare,Electric Heating Pad,5,34233.99,12.6,COD,Delivered,Vikram Patel,WH-Kolkata (East),East
ORD-10850,CUST-1906,2026-06-14,Diabetes Care,Lancet Device,2,14911.94,14.0,UPI,Shipped,Anjali Nair,WH-Kolkata (East),East
ORD-10851,CUST-1559,2025-12-09,Infusion & Vascular,IV Cannula (18G-24G),5,3299.79,4.0,Debit Card,Returned,Priya Sharma,WH-Bengaluru (South),South
ORD-10852,CUST-1492,2026-05-04,Diabetes Care,Blood Glucose Meter Kit,2,15338.13,12.6,Net Banking,Returned,Anjali Nair,WH-Gurugram (North),North
ORD-10853,CUST-1429,2026-07-17,Diagnostic & Monitoring,Continuous Glucose Monitor (CGM),3,25804.84,12.2,Debit Card,Cancelled,Ramesh Rao,WH-Kolkata (East),East
ORD-10854,CUST-1593,2024-09-27,Sterilization & Lab,Ultrasound Cleaner,2,18004.45,7.8,UPI,Delivered,Vikram Patel,WH-Gurugram (North),North
ORD-10855,CUST-1706,2025-06-12,Diabetes Care,Insulin Pump,4,11115.33,2.3,Credit Card,Cancelled,Anjali Nair,WH-Kolkata (East),East
ORD-10856,CUST-1638,2025-03-10,Infusion & Vascular,Volumetric Infusion Pump,4,1974.72,14.9,Net Banking,Returned,Vikram Patel,WH-Kolkata (East),East
ORD-10857,CUST-1043,2025-11-02,Orthopedic & Mobility,Cervical Traction Unit,2,4334.82,7.2,COD,Delivered,Priya Sharma,WH-Bhiwandi (West),West
ORD-10858,CUST-1706,2025-11-24,Respiratory Care,Compressor Nebulizer,1,4931.64,12.6,Net Banking,Delivered,Priya Sharma,WH-Kolkata (East),East
ORD-10859,CUST-1190,2026-07-17,Home Healthcare,Peak Flow Meter,1,40888.14,5.5,UPI,Delivered,Anjali Nair,WH-Bengaluru (South),South
ORD-10860,CUST-1060,2026-02-16,Diabetes Care,Lancet Device,3,10070.73,9.8,UPI,Returned,Vikram Patel,WH-Gurugram (North),North
ORD-10861,CUST-1999,2025-09-02,Infusion & Vascular,Dialysis Catheter,1,39203.12,10.6,COD,Cancelled,Priya Sharma,WH-Bengaluru (South),South
ORD-10862,CUST-1226,2026-03-15,Surgical & Critical Care,Laryngoscope Set,2,19699.15,3.0,UPI,Shipped,Vikram Patel,WH-Bengaluru (South),South
ORD-10863,CUST-1326,2025-12-16,Diabetes Care,Insulin Pen Injector,3,27627.1,11.9,Credit Card,Delivered,Priya Sharma,WH-Bhiwandi (West),West
ORD-10864,CUST-1832,2025-09-05,Surgical & Critical Care,Electric Suction Apparatus,3,29482.24,5.2,Credit Card,Cancelled,Ramesh Rao,WH-Bhiwandi (West),West
ORD-10865,CUST-1074,2025-05-09,Orthopedic & Mobility,Walking Frame with Castors,2,28141.52,2.9,UPI,Delivered,Sanjay Verma,WH-Gurugram (North),North
ORD-10866,CUST-1970,2025-06-14,Diagnostic & Monitoring,Pulse Oximeter,3,28167.58,2.6,COD,Delivered,Priya Sharma,WH-Gurugram (North),North
ORD-10867,CUST-1356,2026-07-05,Home Healthcare,Digital Vein Finder,5,37709.82,1.4,Credit Card,Returned,Priya Sharma,WH-Gurugram (North),North
ORD-10868,CUST-1946,2026-07-21,Infusion & Vascular,Central Venous Catheter Kit,4,29894.98,4.4,COD,Processing,Anjali Nair,WH-Gurugram (North),North
ORD-10869,CUST-1790,2025-07-31,Home Healthcare,Digital Vein Finder,5,10611.03,5.1,COD,Delivered,Priya Sharma,WH-Kolkata (East),East
ORD-10870,CUST-1788,2025-12-31,Diagnostic & Monitoring,Infrared Non-Contact Thermometer,3,15933.17,6.4,COD,Delivered,Anjali Nair,WH-Gurugram (North),North
ORD-10871,CUST-1599,2026-07-07,Diagnostic & Monitoring,Capnograph Monitor,4,35273.84,8.2,UPI,Shipped,Anjali Nair,WH-Bengaluru (South),South
ORD-10872,CUST-1211,2025-08-27,Diagnostic & Monitoring,Digital Blood Pressure Monitor,3,508.24,1.4,Credit Card,Shipped,Vikram Patel,WH-Kolkata (East),East
ORD-10873,CUST-1466,2025-07-07,Diagnostic & Monitoring,Single-Channel ECG Machine,3,4717.63,13.6,Debit Card,Processing,Vikram Patel,WH-Bengaluru (South),South
ORD-10874,CUST-1538,2026-03-22,Diagnostic & Monitoring,Stethoscope (Cardiology Grade),4,34020.93,13.7,COD,Delivered,Vikram Patel,WH-Kolkata (East),East
ORD-10875,CUST-1018,2026-07-15,Respiratory Care,BiPAP Machine,2,6638.09,1.7,Credit Card,Returned,Sanjay Verma,WH-Bengaluru (South),South
ORD-10876,CUST-1432,2024-12-13,Infusion & Vascular,IV Cannula (18G-24G),4,29892.67,2.4,COD,Delivered,Sanjay Verma,WH-Kolkata (East),East
ORD-10877,CUST-1731,2026-01-18,Infusion & Vascular,Dialysis Catheter,1,40044.94,10.9,COD,Delivered,Priya Sharma,WH-Gurugram (North),North
ORD-10878,CUST-1066,2025-05-18,Respiratory Care,Suction Machine,1,19681.42,9.8,Debit Card,Processing,Priya Sharma,WH-Kolkata (East),East
ORD-10879,CUST-1813,2026-03-09,Surgical & Critical Care,Surgical Electrocautery Unit,5,12864.24,11.0,Net Banking,Returned,Sanjay Verma,WH-Gurugram (North),North
ORD-10880,CUST-1494,2026-03-03,Diagnostic & Monitoring,Vascular Doppler,4,28902.8,2.7,Credit Card,Delivered,Anjali Nair,WH-Gurugram (North),North
ORD-10881,CUST-1767,2025-08-23,Sterilization & Lab,UV Sterilizer Box,3,29287.11,12.4,COD,Delivered,Vikram Patel,WH-Gurugram (North),North
ORD-10882,CUST-1975,2026-01-14,Home Healthcare,Electric Heating Pad,5,16094.14,0.3,UPI,Processing,Ramesh Rao,WH-Bhiwandi (West),West
ORD-10883,CUST-1633,2026-06-04,Diagnostic & Monitoring,Infrared Non-Contact Thermometer,3,34152.28,2.3,COD,Returned,Priya Sharma,WH-Bhiwandi (West),West
ORD-10884,CUST-1444,2025-11-11,Orthopedic & Mobility,Walking Frame with Castors,4,39434.17,4.1,Debit Card,Returned,Priya Sharma,WH-Gurugram (North),North
ORD-10885,CUST-1668,2026-07-12,Home Healthcare,Peak Flow Meter,4,36351.19,0.4,Net Banking,Delivered,Vikram Patel,WH-Gurugram (North),North
ORD-10886,CUST-1422,2026-01-22,Diagnostic & Monitoring,Stethoscope (Cardiology Grade),5,8709.79,7.5,COD,Returned,Sanjay Verma,WH-Gurugram (North),North
ORD-10887,CUST-1007,2026-07-22,Surgical & Critical Care,Pulse Generator Pacemaker,5,41649.37,6.2,Credit Card,Delivered,Priya Sharma,WH-Gurugram (North),North
ORD-10888,CUST-1061,2026-07-15,Orthopedic & Mobility,Air Mattress for Bedsores,4,31890.13,10.3,Debit Card,Delivered,Anjali Nair,WH-Kolkata (East),East
ORD-10889,CUST-1706,2025-08-02,Diagnostic & Monitoring,Digital Otoscope,4,37719.13,5.1,UPI,Delivered,Vikram Patel,WH-Bengaluru (South),South
ORD-10890,CUST-1269,2026-03-28,Respiratory Care,High-Flow Nasal Cannula System,5,15957.38,4.0,Net Banking,Delivered,Anjali Nair,WH-Kolkata (East),East
ORD-10891,CUST-1570,2026-06-13,Surgical & Critical Care,Defibrillator & AED,5,2311.95,0.0,Debit Card,Delivered,Priya Sharma,WH-Gurugram (North),North
ORD-10892,CUST-1810,2026-06-19,Home Healthcare,Digital Vein Finder,4,36514.22,9.3,UPI,Returned,Priya Sharma,WH-Bhiwandi (West),West
ORD-10893,CUST-1329,2026-02-08,Diagnostic & Monitoring,Single-Channel ECG Machine,3,650.63,1.4,Credit Card,Cancelled,Priya Sharma,WH-Kolkata (East),East
ORD-10894,CUST-1493,2026-02-20,Home Healthcare,Digital Vein Finder,3,5929.89,5.0,COD,Processing,Ramesh Rao,WH-Gurugram (North),North
ORD-10895,CUST-1313,2025-08-05,Home Healthcare,Peak Flow Meter,2,31925.57,4.5,Net Banking,Processing,Priya Sharma,WH-Bengaluru (South),South
ORD-10896,CUST-1630,2026-07-16,Diagnostic & Monitoring,Single-Channel ECG Machine,3,33847.54,3.0,COD,Returned,Ramesh Rao,WH-Kolkata (East),East
ORD-10897,CUST-1408,2025-09-25,Diagnostic & Monitoring,Stethoscope (Cardiology Grade),5,28340.12,1.8,Credit Card,Cancelled,Sanjay Verma,WH-Kolkata (East),East
ORD-10898,CUST-1790,2026-01-30,Orthopedic & Mobility,Folding Lightweight Wheelchair,3,2318.18,1.4,Debit Card,Delivered,Priya Sharma,WH-Gurugram (North),North
ORD-10899,CUST-1514,2026-06-21,Surgical & Critical Care,LED Surgical OT Light,3,43853.4,12.7,UPI,Processing,Anjali Nair,WH-Bengaluru (South),South
ORD-10900,CUST-1957,2025-05-13,Respiratory Care,Auto CPAP Machine,3,13915.14,14.6,Credit Card,Delivered,Priya Sharma,WH-Kolkata (East),East
ORD-10901,CUST-1885,2026-07-09,Orthopedic & Mobility,TENS Physiotherapy Unit,2,17005.35,13.0,Credit Card,Cancelled,Ramesh Rao,WH-Bhiwandi (West),West
ORD-10902,CUST-1812,2026-03-02,Diagnostic & Monitoring,Vascular Doppler,5,36257.95,12.4,COD,Delivered,Anjali Nair,WH-Gurugram (North),North
ORD-10903,CUST-1647,2026-06-24,Diagnostic & Monitoring,Digital Blood Pressure Monitor,4,15283.68,13.7,Credit Card,Returned,Ramesh Rao,WH-Bhiwandi (West),West
ORD-10904,CUST-1431,2026-07-08,Diabetes Care,Insulin Pump,4,41872.72,11.0,COD,Delivered,Vikram Patel,WH-Bengaluru (South),South
ORD-10905,CUST-1132,2026-06-03,Diagnostic & Monitoring,Vascular Doppler,3,21172.35,5.7,Debit Card,Delivered,Vikram Patel,WH-Bhiwandi (West),West
ORD-10906,CUST-1831,2026-06-22,Diagnostic & Monitoring,Multi-Para Patient Monitor,1,34384.26,0.3,Debit Card,Delivered,Vikram Patel,WH-Gurugram (North),North
ORD-10907,CUST-1975,2025-08-28,Respiratory Care,Compressor Nebulizer,2,11772.01,14.6,Credit Card,Returned,Vikram Patel,WH-Gurugram (North),North
ORD-10908,CUST-1473,2026-03-24,Diagnostic & Monitoring,Digital Otoscope,3,23579.28,14.1,UPI,Delivered,Sanjay Verma,WH-Bengaluru (South),South
ORD-10909,CUST-1895,2026-07-19,Surgical & Critical Care,LED Surgical OT Light,1,39818.77,4.0,COD,Processing,Anjali Nair,WH-Bhiwandi (West),West
ORD-10910,CUST-1697,2024-11-25,Home Healthcare,Peak Flow Meter,2,16051.99,13.2,Net Banking,Returned,Priya Sharma,WH-Gurugram (North),North
ORD-10911,CUST-1092,2025-11-01,Surgical & Critical Care,Surgical Stapler,3,17736.24,14.1,COD,Delivered,Ramesh Rao,WH-Gurugram (North),North
ORD-10912,CUST-1222,2025-01-23,Home Healthcare,Peak Flow Meter,1,16301.57,3.3,Credit Card,Cancelled,Vikram Patel,WH-Kolkata (East),East
ORD-10913,CUST-1781,2025-10-16,Surgical & Critical Care,Surgical Stapler,2,20608.46,2.2,UPI,Processing,Priya Sharma,WH-Kolkata (East),East
ORD-10914,CUST-1648,2026-05-27,Diabetes Care,Insulin Pump,3,14342.72,2.7,Debit Card,Delivered,Ramesh Rao,WH-Gurugram (North),North
ORD-10915,CUST-1647,2026-07-12,Diagnostic & Monitoring,Capnograph Monitor,2,18585.6,1.7,UPI,Shipped,Vikram Patel,WH-Bhiwandi (West),West
ORD-10916,CUST-1712,2026-05-29,Diagnostic & Monitoring,Fetal Doppler Heart Rate Monitor,2,3506.44,12.7,COD,Delivered,Priya Sharma,WH-Bhiwandi (West),West
ORD-10917,CUST-1296,2024-12-28,Diagnostic & Monitoring,Multi-Para Patient Monitor,4,3373.34,0.4,Credit Card,Delivered,Ramesh Rao,WH-Gurugram (North),North
ORD-10918,CUST-1532,2025-12-11,Surgical & Critical Care,Laryngoscope Set,3,21781.14,3.6,UPI,Processing,Sanjay Verma,WH-Bengaluru (South),South
ORD-10919,CUST-1811,2025-11-05,Diagnostic & Monitoring,Vascular Doppler,2,23707.04,2.7,Debit Card,Shipped,Anjali Nair,WH-Bengaluru (South),South
ORD-10920,CUST-1901,2026-07-04,Orthopedic & Mobility,Walking Frame with Castors,4,32612.5,10.9,COD,Processing,Priya Sharma,WH-Bengaluru (South),South
ORD-10921,CUST-1406,2026-05-10,Respiratory Care,High-Flow Nasal Cannula System,3,44121.49,10.2,COD,Delivered,Ramesh Rao,WH-Gurugram (North),North
ORD-10922,CUST-1185,2026-07-02,Infusion & Vascular,Volumetric Infusion Pump,3,954.74,2.5,Credit Card,Delivered,Anjali Nair,WH-Bhiwandi (West),West
ORD-10923,CUST-1895,2026-07-01,Infusion & Vascular,Central Venous Catheter Kit,3,41839.37,11.7,COD,Shipped,Vikram Patel,WH-Bhiwandi (West),West
ORD-10924,CUST-1819,2026-05-22,Orthopedic & Mobility,Walking Frame with Castors,1,26924.22,12.8,Debit Card,Shipped,Priya Sharma,WH-Bhiwandi (West),West
ORD-10925,CUST-1827,2026-06-13,Sterilization & Lab,Tabletop Steam Autoclave,4,14917.33,2.3,COD,Delivered,Anjali Nair,WH-Bhiwandi (West),West
ORD-10926,CUST-1781,2026-07-16,Diagnostic & Monitoring,Fetal Doppler Heart Rate Monitor,2,17945.19,13.5,Credit Card,Cancelled,Vikram Patel,WH-Gurugram (North),North
ORD-10927,CUST-1565,2026-07-06,Home Healthcare,Electric Heating Pad,1,24199.86,13.5,COD,Delivered,Sanjay Verma,WH-Gurugram (North),North
ORD-10928,CUST-1680,2026-06-11,Respiratory Care,High-Flow Nasal Cannula System,1,15101.86,0.7,Net Banking,Delivered,Ramesh Rao,WH-Kolkata (East),East
ORD-10929,CUST-1480,2026-07-09,Home Healthcare,Electric Heating Pad,5,18940.92,13.7,Debit Card,Delivered,Ramesh Rao,WH-Bengaluru (South),South
ORD-10930,CUST-1913,2026-07-22,Respiratory Care,Mesh Nebulizer,2,6918.42,14.5,COD,Processing,Priya Sharma,WH-Kolkata (East),East
ORD-10931,CUST-1211,2025-11-29,Orthopedic & Mobility,Folding Lightweight Wheelchair,4,31731.71,11.7,UPI,Cancelled,Ramesh Rao,WH-Gurugram (North),North
ORD-10932,CUST-1700,2025-07-04,Infusion & Vascular,IV Cannula (18G-24G),2,40455.86,11.2,Debit Card,Returned,Anjali Nair,WH-Gurugram (North),North
ORD-10933,CUST-1878,2025-12-28,Sterilization & Lab,UV Sterilizer Box,2,7424.82,4.8,COD,Delivered,Sanjay Verma,WH-Kolkata (East),East
ORD-10934,CUST-1688,2026-04-29,Respiratory Care,High-Flow Nasal Cannula System,4,20336.42,7.9,COD,Returned,Sanjay Verma,WH-Bhiwandi (West),West
ORD-10935,CUST-1135,2026-01-27,Respiratory Care,Mesh Nebulizer,3,26206.51,7.2,Net Banking,Shipped,Priya Sharma,WH-Bengaluru (South),South
ORD-10936,CUST-1521,2026-05-20,Infusion & Vascular,Dialysis Catheter,1,12549.28,8.6,Net Banking,Processing,Sanjay Verma,WH-Gurugram (North),North
ORD-10937,CUST-1469,2026-03-30,Sterilization & Lab,Digital Centrifuge Machine,2,1797.26,14.2,Net Banking,Shipped,Vikram Patel,WH-Gurugram (North),North
ORD-10938,CUST-1102,2026-03-28,Respiratory Care,Suction Machine,2,44457.08,1.5,Debit Card,Shipped,Anjali Nair,WH-Kolkata (East),East
ORD-10939,CUST-1040,2026-03-30,Respiratory Care,BiPAP Machine,2,40925.08,2.0,Net Banking,Processing,Sanjay Verma,WH-Bhiwandi (West),West
ORD-10940,CUST-1887,2026-03-15,Orthopedic & Mobility,TENS Physiotherapy Unit,3,42123.69,3.0,UPI,Processing,Priya Sharma,WH-Bengaluru (South),South
ORD-10941,CUST-1924,2024-09-12,Infusion & Vascular,IV Cannula (18G-24G),4,11082.0,6.0,COD,Delivered,Ramesh Rao,WH-Bhiwandi (West),West
ORD-10942,CUST-1402,2025-04-05,Respiratory Care,Mesh Nebulizer,4,1473.99,12.5,Credit Card,Returned,Anjali Nair,WH-Kolkata (East),East
ORD-10943,CUST-1189,2026-06-24,Surgical & Critical Care,Anesthesia Workstation,4,27540.07,8.9,Credit Card,Delivered,Ramesh Rao,WH-Gurugram (North),North
ORD-10944,CUST-1486,2025-05-28,Diagnostic & Monitoring,Digital Spirometer,1,37217.56,8.1,Credit Card,Processing,Priya Sharma,WH-Bengaluru (South),South
ORD-10945,CUST-1264,2026-03-16,Diagnostic & Monitoring,Capnograph Monitor,2,18630.72,8.2,UPI,Delivered,Sanjay Verma,WH-Bengaluru (South),South
ORD-10946,CUST-1618,2026-01-21,Orthopedic & Mobility,Motorized Wheelchair,3,15511.23,8.2,Credit Card,Delivered,Priya Sharma,WH-Bhiwandi (West),West
ORD-10947,CUST-1108,2025-10-03,Respiratory Care,Compressor Nebulizer,4,22934.88,3.0,Net Banking,Delivered,Sanjay Verma,WH-Kolkata (East),East
ORD-10948,CUST-1070,2026-06-07,Diabetes Care,Lancet Device,1,42789.02,12.5,UPI,Cancelled,Ramesh Rao,WH-Bengaluru (South),South
ORD-10949,CUST-1126,2026-06-07,Home Healthcare,Peak Flow Meter,3,7395.39,8.0,Debit Card,Processing,Anjali Nair,WH-Bhiwandi (West),West
ORD-10950,CUST-1778,2026-07-08,Surgical & Critical Care,Electric Suction Apparatus,4,9906.96,12.5,Debit Card,Delivered,Priya Sharma,WH-Bengaluru (South),South
ORD-10951,CUST-1291,2026-07-17,Respiratory Care,High-Flow Nasal Cannula System,5,22736.07,4.5,Debit Card,Processing,Priya Sharma,WH-Gurugram (North),North
ORD-10952,CUST-1615,2025-09-01,Surgical & Critical Care,Surgical Electrocautery Unit,5,34329.7,10.3,COD,Delivered,Anjali Nair,WH-Bengaluru (South),South
ORD-10953,CUST-1007,2026-07-22,Respiratory Care,Incentive Spirometer,2,33232.4,9.8,Net Banking,Delivered,Ramesh Rao,WH-Bhiwandi (West),West
ORD-10954,CUST-1742,2026-01-12,Surgical & Critical Care,Anesthesia Workstation,2,29945.73,7.4,COD,Shipped,Ramesh Rao,WH-Kolkata (East),East
ORD-10955,CUST-1134,2025-07-23,Surgical & Critical Care,Surgical Electrocautery Unit,5,29862.55,4.2,Credit Card,Processing,Priya Sharma,WH-Bengaluru (South),South
ORD-10956,CUST-1804,2026-06-06,Infusion & Vascular,IV Cannula (18G-24G),5,40025.74,11.3,COD,Cancelled,Anjali Nair,WH-Bhiwandi (West),West
ORD-10957,CUST-1621,2025-09-08,Orthopedic & Mobility,Folding Lightweight Wheelchair,1,7688.25,5.6,UPI,Shipped,Priya Sharma,WH-Bhiwandi (West),West
ORD-10958,CUST-1718,2025-07-24,Surgical & Critical Care,Pulse Generator Pacemaker,2,43790.31,14.7,COD,Returned,Priya Sharma,WH-Bengaluru (South),South
ORD-10959,CUST-1526,2026-07-02,Surgical & Critical Care,Laryngoscope Set,5,21221.0,8.9,Net Banking,Cancelled,Priya Sharma,WH-Bhiwandi (West),West
ORD-10960,CUST-1221,2026-07-18,Diagnostic & Monitoring,Digital Otoscope,3,35726.69,11.4,Credit Card,Shipped,Vikram Patel,WH-Kolkata (East),East
ORD-10961,CUST-1341,2026-01-19,Diabetes Care,Insulin Pump,2,23607.36,5.8,Net Banking,Cancelled,Anjali Nair,WH-Bhiwandi (West),West
ORD-10962,CUST-1028,2026-03-24,Diagnostic & Monitoring,Digital Otoscope,2,17041.99,0.4,UPI,Delivered,Vikram Patel,WH-Gurugram (North),North
ORD-10963,CUST-1192,2025-09-16,Respiratory Care,Compressor Nebulizer,1,37193.45,6.5,Net Banking,Delivered,Priya Sharma,WH-Bengaluru (South),South
ORD-10964,CUST-1049,2025-06-20,Respiratory Care,Suction Machine,3,27962.82,8.1,COD,Cancelled,Sanjay Verma,WH-Gurugram (North),North
ORD-10965,CUST-1689,2025-12-29,Respiratory Care,Suction Machine,1,32320.59,2.0,Net Banking,Delivered,Sanjay Verma,WH-Bengaluru (South),South
ORD-10966,CUST-1846,2026-04-12,Diagnostic & Monitoring,Continuous Glucose Monitor (CGM),4,14910.86,10.9,Credit Card,Processing,Priya Sharma,WH-Kolkata (East),East
ORD-10967,CUST-1466,2025-11-04,Surgical & Critical Care,Surgical Stapler,4,33026.81,12.0,Net Banking,Shipped,Priya Sharma,WH-Gurugram (North),North
ORD-10968,CUST-1424,2025-09-02,Diagnostic & Monitoring,Digital Spirometer,1,7956.59,5.4,UPI,Delivered,Vikram Patel,WH-Bengaluru (South),South
ORD-10969,CUST-1160,2026-07-16,Respiratory Care,BiPAP Machine,5,34923.5,4.5,Credit Card,Returned,Priya Sharma,WH-Bengaluru (South),South
ORD-10970,CUST-1457,2026-01-22,Orthopedic & Mobility,Cervical Traction Unit,4,40407.96,1.3,Net Banking,Cancelled,Anjali Nair,WH-Bengaluru (South),South
ORD-10971,CUST-1421,2025-12-15,Surgical & Critical Care,Surgical Electrocautery Unit,4,16707.45,2.5,Debit Card,Cancelled,Vikram Patel,WH-Bhiwandi (West),West
ORD-10972,CUST-1690,2026-03-07,Infusion & Vascular,Central Venous Catheter Kit,5,3418.39,11.1,COD,Delivered,Vikram Patel,WH-Kolkata (East),East
ORD-10973,CUST-1846,2026-03-14,Surgical & Critical Care,LED Surgical OT Light,5,16877.66,13.9,Debit Card,Processing,Ramesh Rao,WH-Bengaluru (South),South
ORD-10974,CUST-1555,2026-06-23,Infusion & Vascular,Dialysis Catheter,1,12916.25,11.9,Debit Card,Returned,Sanjay Verma,WH-Bengaluru (South),South
ORD-10975,CUST-1958,2026-07-10,Sterilization & Lab,UV Sterilizer Box,2,20526.87,10.0,Debit Card,Returned,Sanjay Verma,WH-Bengaluru (South),South
ORD-10976,CUST-1899,2026-03-31,Home Healthcare,Digital Vein Finder,1,44016.28,1.2,UPI,Delivered,Ramesh Rao,WH-Kolkata (East),East
ORD-10977,CUST-1234,2024-11-02,Diabetes Care,Lancet Device,5,41216.49,14.4,Debit Card,Delivered,Anjali Nair,WH-Bengaluru (South),South
ORD-10978,CUST-1334,2025-06-10,Diabetes Care,Lancet Device,4,13652.83,13.2,COD,Processing,Vikram Patel,WH-Bengaluru (South),South
ORD-10979,CUST-1730,2025-03-19,Diagnostic & Monitoring,Fetal Doppler Heart Rate Monitor,1,3374.56,11.8,Debit Card,Cancelled,Vikram Patel,WH-Bengaluru (South),South
ORD-10980,CUST-1186,2026-04-25,Sterilization & Lab,Ultrasound Cleaner,3,38870.69,2.2,COD,Cancelled,Priya Sharma,WH-Kolkata (East),East
ORD-10981,CUST-1190,2026-06-17,Orthopedic & Mobility,Walking Frame with Castors,5,550.28,4.0,UPI,Returned,Vikram Patel,WH-Bengaluru (South),South
ORD-10982,CUST-1509,2026-05-23,Respiratory Care,BiPAP Machine,2,13598.59,6.1,Debit Card,Returned,Priya Sharma,WH-Gurugram (North),North
ORD-10983,CUST-1695,2024-12-17,Orthopedic & Mobility,Folding Lightweight Wheelchair,4,38696.25,3.0,Credit Card,Returned,Vikram Patel,WH-Bengaluru (South),South
ORD-10984,CUST-1788,2026-04-13,Respiratory Care,High-Flow Nasal Cannula System,4,33186.87,7.6,Net Banking,Shipped,Sanjay Verma,WH-Bengaluru (South),South
ORD-10985,CUST-1855,2025-09-10,Respiratory Care,Compressor Nebulizer,5,8331.43,8.4,Net Banking,Delivered,Priya Sharma,WH-Bhiwandi (West),West
ORD-10986,CUST-1124,2026-02-05,Surgical & Critical Care,Defibrillator & AED,5,38026.62,8.4,UPI,Returned,Sanjay Verma,WH-Gurugram (North),North
ORD-10987,CUST-1386,2026-03-17,Orthopedic & Mobility,Cervical Traction Unit,2,2915.53,7.0,UPI,Shipped,Vikram Patel,WH-Kolkata (East),East
ORD-10988,CUST-1914,2026-02-08,Diagnostic & Monitoring,Stethoscope (Cardiology Grade),1,3652.99,4.9,COD,Shipped,Vikram Patel,WH-Kolkata (East),East
ORD-10989,CUST-1749,2026-06-17,Home Healthcare,Peak Flow Meter,2,39615.31,11.8,COD,Delivered,Vikram Patel,WH-Gurugram (North),North
ORD-10990,CUST-1727,2026-05-02,Orthopedic & Mobility,Air Mattress for Bedsores,5,22933.71,0.8,Debit Card,Processing,Vikram Patel,WH-Bhiwandi (West),West
ORD-10991,CUST-1908,2026-02-26,Diagnostic & Monitoring,Capnograph Monitor,3,39943.72,10.3,Credit Card,Delivered,Priya Sharma,WH-Bhiwandi (West),West
ORD-10992,CUST-1600,2025-04-03,Infusion & Vascular,Volumetric Infusion Pump,3,20900.21,3.0,COD,Processing,Sanjay Verma,WH-Gurugram (North),North
ORD-10993,CUST-1335,2026-06-08,Respiratory Care,Auto CPAP Machine,4,27258.19,2.0,Debit Card,Delivered,Anjali Nair,WH-Bhiwandi (West),West
ORD-10994,CUST-1091,2026-04-08,Infusion & Vascular,Dialysis Catheter,4,33137.07,3.9,Credit Card,Returned,Anjali Nair,WH-Gurugram (North),North
ORD-10995,CUST-1382,2026-07-08,Respiratory Care,Suction Machine,4,544.41,2.0,UPI,Shipped,Ramesh Rao,WH-Bengaluru (South),South
ORD-10996,CUST-1633,2026-06-25,Sterilization & Lab,Ultrasound Cleaner,3,22013.8,1.1,Credit Card,Processing,Vikram Patel,WH-Bengaluru (South),South
ORD-10997,CUST-1463,2026-06-01,Diagnostic & Monitoring,Multi-Para Patient Monitor,4,41944.62,1.6,Debit Card,Delivered,Priya Sharma,WH-Kolkata (East),East
ORD-10998,CUST-1629,2026-04-05,Orthopedic & Mobility,Air Mattress for Bedsores,5,3097.03,10.3,UPI,Shipped,Ramesh Rao,WH-Gurugram (North),North
ORD-10999,CUST-1889,2025-01-24,Infusion & Vascular,Central Venous Catheter Kit,3,25749.88,6.0,UPI,Returned,Ramesh Rao,WH-Bengaluru (South),South
ORD-11000,CUST-1245,2026-06-17,Respiratory Care,Suction Machine,1,4943.2,15.0,COD,Returned,Anjali Nair,WH-Bengaluru (South),South
ORD-11001,CUST-1639,2026-06-07,Infusion & Vascular,Syringe Driver Pump,5,42964.84,7.7,Debit Card,Delivered,Sanjay Verma,WH-Bengaluru (South),South
ORD-11002,CUST-1751,2025-08-16,Orthopedic & Mobility,TENS Physiotherapy Unit,5,14442.98,2.4,UPI,Processing,Sanjay Verma,WH-Gurugram (North),North
ORD-11003,CUST-1168,2025-08-10,Sterilization & Lab,Digital Centrifuge Machine,3,18443.08,1.2,COD,Returned,Sanjay Verma,WH-Bengaluru (South),South
ORD-11004,CUST-1154,2026-06-02,Surgical & Critical Care,LED Surgical OT Light,1,38644.58,10.5,Net Banking,Returned,Priya Sharma,WH-Gurugram (North),North
ORD-11005,CUST-1821,2026-06-30,Respiratory Care,Compressor Nebulizer,5,23503.99,5.7,COD,Delivered,Anjali Nair,WH-Bhiwandi (West),West
ORD-11006,CUST-1671,2025-09-02,Sterilization & Lab,Digital Centrifuge Machine,3,17119.29,4.5,UPI,Processing,Anjali Nair,WH-Bhiwandi (West),West
ORD-11007,CUST-1618,2025-09-13,Respiratory Care,Portable Oxygen Concentrator (5L),3,32555.51,6.2,UPI,Shipped,Priya Sharma,WH-Bengaluru (South),South
ORD-11008,CUST-1507,2026-04-13,Infusion & Vascular,Central Venous Catheter Kit,4,39186.05,3.1,UPI,Cancelled,Sanjay Verma,WH-Bhiwandi (West),West
ORD-11009,CUST-1075,2025-02-23,Sterilization & Lab,Ultrasound Cleaner,5,32030.97,9.0,UPI,Delivered,Anjali Nair,WH-Bhiwandi (West),West
ORD-11010,CUST-1407,2026-03-07,Respiratory Care,Mesh Nebulizer,5,44795.27,5.1,Debit Card,Processing,Anjali Nair,WH-Kolkata (East),East
ORD-11011,CUST-1365,2024-11-30,Infusion & Vascular,Volumetric Infusion Pump,4,20679.85,4.5,COD,Cancelled,Anjali Nair,WH-Bengaluru (South),South
ORD-11012,CUST-1854,2026-06-20,Diabetes Care,Lancet Device,2,38743.09,6.3,Debit Card,Shipped,Priya Sharma,WH-Bengaluru (South),South
ORD-11013,CUST-1422,2025-12-27,Diagnostic & Monitoring,Continuous Glucose Monitor (CGM),1,27218.54,13.4,Debit Card,Shipped,Priya Sharma,WH-Bhiwandi (West),West
ORD-11014,CUST-1922,2025-11-15,Respiratory Care,Mesh Nebulizer,4,20091.97,5.0,Credit Card,Delivered,Vikram Patel,WH-Kolkata (East),East
ORD-11015,CUST-1104,2026-07-21,Surgical & Critical Care,Pulse Generator Pacemaker,5,696.31,9.7,Debit Card,Processing,Priya Sharma,WH-Bengaluru (South),South
ORD-11016,CUST-1118,2026-07-13,Orthopedic & Mobility,Motorized Wheelchair,4,27401.93,12.4,UPI,Processing,Vikram Patel,WH-Bhiwandi (West),West
ORD-11017,CUST-1838,2026-07-14,Diagnostic & Monitoring,Single-Channel ECG Machine,5,11712.12,14.7,COD,Delivered,Anjali Nair,WH-Gurugram (North),North
ORD-11018,CUST-1430,2026-05-13,Diagnostic & Monitoring,Digital Blood Pressure Monitor,4,34671.6,1.9,Credit Card,Delivered,Sanjay Verma,WH-Bhiwandi (West),West
ORD-11019,CUST-1358,2025-12-07,Respiratory Care,Portable Oxygen Concentrator (5L),1,35508.72,12.4,Credit Card,Delivered,Ramesh Rao,WH-Bhiwandi (West),West
ORD-11020,CUST-1108,2025-11-04,Respiratory Care,Portable Oxygen Concentrator (5L),4,41555.83,1.8,Debit Card,Returned,Sanjay Verma,WH-Bengaluru (South),South
ORD-11021,CUST-1961,2026-04-18,Infusion & Vascular,Syringe Driver Pump,1,31984.27,13.2,Credit Card,Shipped,Anjali Nair,WH-Bengaluru (South),South
ORD-11022,CUST-1093,2025-06-14,Diagnostic & Monitoring,Digital Otoscope,5,7468.17,14.1,Debit Card,Cancelled,Anjali Nair,WH-Kolkata (East),East
ORD-11023,CUST-1698,2026-05-27,Diagnostic & Monitoring,Pulse Oximeter,4,40827.32,5.6,COD,Delivered,Sanjay Verma,WH-Gurugram (North),North
ORD-11024,CUST-1545,2026-01-08,Surgical & Critical Care,Electric Suction Apparatus,4,11041.76,14.0,COD,Delivered,Anjali Nair,WH-Gurugram (North),North
ORD-11025,CUST-1510,2026-03-07,Diabetes Care,Insulin Pump,4,11979.32,5.9,COD,Delivered,Priya Sharma,WH-Gurugram (North),North
ORD-11026,CUST-1968,2026-02-08,Diabetes Care,Insulin Pump,3,30809.14,7.6,COD,Processing,Ramesh Rao,WH-Bengaluru (South),South
ORD-11027,CUST-1434,2025-01-23,Diagnostic & Monitoring,Stethoscope (Cardiology Grade),4,44406.65,14.0,COD,Cancelled,Ramesh Rao,WH-Bhiwandi (West),West
ORD-11028,CUST-1230,2026-05-10,Surgical & Critical Care,Electric Suction Apparatus,2,10402.17,7.0,Net Banking,Delivered,Vikram Patel,WH-Bhiwandi (West),West
ORD-11029,CUST-1413,2026-06-24,Respiratory Care,Portable Oxygen Concentrator (5L),4,33907.49,6.3,UPI,Shipped,Ramesh Rao,WH-Bengaluru (South),South
ORD-11030,CUST-1197,2026-06-27,Diagnostic & Monitoring,Stethoscope (Cardiology Grade),2,37594.56,10.1,Debit Card,Delivered,Priya Sharma,WH-Gurugram (North),North
ORD-11031,CUST-1724,2026-06-06,Surgical & Critical Care,Surgical Stapler,1,19912.8,13.0,Net Banking,Returned,Sanjay Verma,WH-Bhiwandi (West),West
ORD-11032,CUST-1698,2026-07-06,Diagnostic & Monitoring,Pulse Oximeter,5,41508.92,11.2,Net Banking,Delivered,Priya Sharma,WH-Kolkata (East),East
ORD-11033,CUST-1499,2026-02-07,Home Healthcare,Peak Flow Meter,1,13575.39,14.8,Debit Card,Delivered,Vikram Patel,WH-Bhiwandi (West),West
ORD-11034,CUST-1888,2026-07-22,Sterilization & Lab,UV Sterilizer Box,4,39388.06,11.3,Credit Card,Delivered,Sanjay Verma,WH-Bengaluru (South),South
ORD-11035,CUST-1419,2026-05-14,Orthopedic & Mobility,Folding Lightweight Wheelchair,1,5501.78,14.2,UPI,Delivered,Vikram Patel,WH-Bengaluru (South),South
ORD-11036,CUST-1617,2025-07-16,Respiratory Care,Suction Machine,2,13445.25,6.8,Net Banking,Delivered,Anjali Nair,WH-Bengaluru (South),South
ORD-11037,CUST-1703,2026-06-12,Orthopedic & Mobility,Folding Lightweight Wheelchair,3,10321.29,0.2,Debit Card,Delivered,Sanjay Verma,WH-Bhiwandi (West),West
ORD-11038,CUST-1545,2025-08-04,Orthopedic & Mobility,Air Mattress for Bedsores,2,40579.4,12.1,COD,Returned,Priya Sharma,WH-Gurugram (North),North
ORD-11039,CUST-1392,2026-07-04,Diabetes Care,Blood Glucose Meter Kit,5,19388.45,9.1,Debit Card,Delivered,Priya Sharma,WH-Bengaluru (South),South
ORD-11040,CUST-1881,2026-07-07,Diagnostic & Monitoring,Digital Spirometer,1,35222.71,13.4,Credit Card,Returned,Anjali Nair,WH-Gurugram (North),North
ORD-11041,CUST-1958,2026-06-16,Home Healthcare,Electric Heating Pad,4,14829.03,5.7,Net Banking,Shipped,Ramesh Rao,WH-Bengaluru (South),South
ORD-11042,CUST-1360,2025-02-11,Diabetes Care,Insulin Pen Injector,2,44427.4,14.7,Net Banking,Processing,Priya Sharma,WH-Kolkata (East),East
ORD-11043,CUST-1252,2026-07-17,Diabetes Care,Insulin Pump,3,18157.04,14.9,Credit Card,Returned,Anjali Nair,WH-Bengaluru (South),South
ORD-11044,CUST-1153,2026-04-12,Diagnostic & Monitoring,Capnograph Monitor,4,40887.79,14.1,Credit Card,Returned,Vikram Patel,WH-Gurugram (North),North
ORD-11045,CUST-1233,2025-05-10,Surgical & Critical Care,Electric Suction Apparatus,2,21939.9,4.9,COD,Delivered,Priya Sharma,WH-Bhiwandi (West),West
ORD-11046,CUST-1166,2026-03-18,Diabetes Care,Insulin Pump,5,36774.06,13.1,Debit Card,Delivered,Vikram Patel,WH-Gurugram (North),North
ORD-11047,CUST-1042,2026-05-15,Diagnostic & Monitoring,Single-Channel ECG Machine,2,13468.29,6.6,Credit Card,Shipped,Anjali Nair,WH-Gurugram (North),North
ORD-11048,CUST-1238,2026-07-20,Orthopedic & Mobility,Walking Frame with Castors,2,39040.95,9.8,Credit Card,Delivered,Vikram Patel,WH-Bengaluru (South),South
ORD-11049,CUST-1691,2026-06-21,Diagnostic & Monitoring,Digital Spirometer,2,30128.45,4.8,COD,Returned,Sanjay Verma,WH-Bhiwandi (West),West
ORD-11050,CUST-1919,2026-07-11,Diagnostic & Monitoring,Multi-Para Patient Monitor,2,27183.64,0.1,COD,Delivered,Priya Sharma,WH-Gurugram (North),North
ORD-11051,CUST-1201,2026-06-07,Sterilization & Lab,Digital Centrifuge Machine,1,27978.66,8.4,UPI,Processing,Sanjay Verma,WH-Bengaluru (South),South
ORD-11052,CUST-1885,2026-06-30,Diabetes Care,Insulin Pump,1,15015.6,3.0,COD,Cancelled,Vikram Patel,WH-Bhiwandi (West),West
ORD-11053,CUST-1005,2026-07-17,Diabetes Care,Lancet Device,2,10051.21,1.0,Net Banking,Returned,Priya Sharma,WH-Bhiwandi (West),West
ORD-11054,CUST-1410,2026-07-15,Home Healthcare,Electric Heating Pad,1,10894.62,1.4,Credit Card,Returned,Priya Sharma,WH-Bhiwandi (West),West
ORD-11055,CUST-1635,2026-05-07,Sterilization & Lab,Tabletop Steam Autoclave,4,25976.71,13.4,UPI,Delivered,Sanjay Verma,WH-Kolkata (East),East
ORD-11056,CUST-1917,2026-01-26,Diabetes Care,Lancet Device,5,29302.32,11.2,Debit Card,Delivered,Sanjay Verma,WH-Bhiwandi (West),West
ORD-11057,CUST-1251,2026-06-10,Surgical & Critical Care,Surgical Electrocautery Unit,2,40130.27,2.3,Debit Card,Cancelled,Vikram Patel,WH-Kolkata (East),East
ORD-11058,CUST-1513,2026-01-31,Home Healthcare,Digital Vein Finder,1,40363.05,4.4,Net Banking,Delivered,Anjali Nair,WH-Gurugram (North),North
ORD-11059,CUST-1935,2025-11-19,Diagnostic & Monitoring,Capnograph Monitor,1,38899.72,6.2,Credit Card,Processing,Sanjay Verma,WH-Kolkata (East),East
ORD-11060,CUST-1532,2026-01-18,Orthopedic & Mobility,TENS Physiotherapy Unit,5,41912.57,7.0,COD,Processing,Anjali Nair,WH-Bengaluru (South),South
ORD-11061,CUST-1406,2025-12-15,Home Healthcare,Peak Flow Meter,4,9129.68,8.0,Debit Card,Processing,Sanjay Verma,WH-Gurugram (North),North
ORD-11062,CUST-1684,2025-05-06,Diagnostic & Monitoring,Pulse Oximeter,3,43277.28,11.2,Debit Card,Delivered,Priya Sharma,WH-Bhiwandi (West),West
ORD-11063,CUST-1370,2025-02-02,Respiratory Care,Auto CPAP Machine,2,25696.3,4.0,Net Banking,Shipped,Vikram Patel,WH-Bhiwandi (West),West
ORD-11064,CUST-1374,2025-02-15,Orthopedic & Mobility,Cervical Traction Unit,3,37701.28,0.7,Net Banking,Processing,Anjali Nair,WH-Kolkata (East),East
ORD-11065,CUST-1752,2026-05-01,Diabetes Care,Insulin Pen Injector,5,6245.56,9.6,Net Banking,Processing,Anjali Nair,WH-Kolkata (East),East
ORD-11066,CUST-1395,2026-07-18,Diagnostic & Monitoring,Infrared Non-Contact Thermometer,1,1035.81,12.1,COD,Cancelled,Ramesh Rao,WH-Kolkata (East),East
ORD-11067,CUST-1138,2026-04-12,Home Healthcare,Digital Vein Finder,5,17285.07,9.2,COD,Cancelled,Vikram Patel,WH-Gurugram (North),North
ORD-11068,CUST-1326,2026-05-01,Surgical & Critical Care,Anesthesia Workstation,1,7366.43,6.9,Credit Card,Delivered,Sanjay Verma,WH-Bengaluru (South),South
ORD-11069,CUST-1625,2026-07-18,Diagnostic & Monitoring,Fetal Doppler Heart Rate Monitor,5,37910.7,10.2,UPI,Returned,Ramesh Rao,WH-Gurugram (North),North
ORD-11070,CUST-1790,2025-07-14,Diagnostic & Monitoring,Digital Spirometer,1,4556.12,2.9,Credit Card,Returned,Sanjay Verma,WH-Bengaluru (South),South
ORD-11071,CUST-1082,2025-10-21,Diagnostic & Monitoring,Infrared Non-Contact Thermometer,3,34854.14,13.0,Credit Card,Delivered,Priya Sharma,WH-Bhiwandi (West),West
ORD-11072,CUST-1459,2026-05-30,Home Healthcare,Digital Vein Finder,4,11171.8,1.1,Net Banking,Shipped,Anjali Nair,WH-Kolkata (East),East
ORD-11073,CUST-1106,2025-11-10,Orthopedic & Mobility,Folding Lightweight Wheelchair,3,16928.38,3.5,Debit Card,Processing,Anjali Nair,WH-Kolkata (East),East
ORD-11074,CUST-1493,2025-10-28,Infusion & Vascular,Central Venous Catheter Kit,4,26389.2,14.2,COD,Delivered,Ramesh Rao,WH-Bhiwandi (West),West
ORD-11075,CUST-1548,2026-05-25,Respiratory Care,Suction Machine,1,4399.09,14.9,UPI,Delivered,Vikram Patel,WH-Bengaluru (South),South
ORD-11076,CUST-1274,2026-03-01,Surgical & Critical Care,LED Surgical OT Light,4,6693.29,2.4,UPI,Returned,Priya Sharma,WH-Gurugram (North),North
ORD-11077,CUST-1488,2026-03-30,Infusion & Vascular,Syringe Driver Pump,4,8860.0,6.1,Net Banking,Delivered,Vikram Patel,WH-Kolkata (East),East
ORD-11078,CUST-1902,2025-11-12,Surgical & Critical Care,Surgical Electrocautery Unit,4,43602.17,5.1,Credit Card,Delivered,Priya Sharma,WH-Bengaluru (South),South
ORD-11079,CUST-1170,2026-07-21,Surgical & Critical Care,Pulse Generator Pacemaker,5,22156.6,2.8,UPI,Delivered,Sanjay Verma,WH-Kolkata (East),East
ORD-11080,CUST-1968,2026-05-06,Diagnostic & Monitoring,Digital Blood Pressure Monitor,4,28004.27,11.0,Credit Card,Processing,Priya Sharma,WH-Bengaluru (South),South
ORD-11081,CUST-1783,2026-05-21,Surgical & Critical Care,Defibrillator & AED,1,43070.75,6.5,Debit Card,Returned,Vikram Patel,WH-Gurugram (North),North
ORD-11082,CUST-1429,2026-02-26,Diabetes Care,Insulin Pump,4,15631.05,0.1,Net Banking,Processing,Priya Sharma,WH-Bhiwandi (West),West
ORD-11083,CUST-1595,2026-01-23,Diagnostic & Monitoring,Capnograph Monitor,2,39922.4,12.9,COD,Processing,Ramesh Rao,WH-Bengaluru (South),South
ORD-11084,CUST-1841,2025-10-14,Respiratory Care,Compressor Nebulizer,1,34664.38,8.7,UPI,Shipped,Sanjay Verma,WH-Kolkata (East),East
ORD-11085,CUST-1882,2026-07-21,Respiratory Care,Mesh Nebulizer,2,35134.16,5.8,Debit Card,Delivered,Anjali Nair,WH-Kolkata (East),East
ORD-11086,CUST-1591,2026-06-05,Surgical & Critical Care,Surgical Stapler,5,15048.02,3.6,Net Banking,Processing,Anjali Nair,WH-Gurugram (North),North
ORD-11087,CUST-1453,2026-05-28,Respiratory Care,Incentive Spirometer,5,993.66,4.4,Credit Card,Delivered,Anjali Nair,WH-Kolkata (East),East
ORD-11088,CUST-1113,2026-04-04,Orthopedic & Mobility,Air Mattress for Bedsores,4,1183.85,15.0,Debit Card,Processing,Anjali Nair,WH-Gurugram (North),North
ORD-11089,CUST-1121,2026-07-20,Sterilization & Lab,UV Sterilizer Box,1,5270.68,4.7,Credit Card,Returned,Vikram Patel,WH-Gurugram (North),North
ORD-11090,CUST-1449,2026-06-02,Orthopedic & Mobility,Motorized Wheelchair,1,3417.66,12.6,Debit Card,Cancelled,Vikram Patel,WH-Bhiwandi (West),West
ORD-11091,CUST-1775,2026-05-27,Diagnostic & Monitoring,Digital Spirometer,1,2824.67,1.6,UPI,Returned,Priya Sharma,WH-Gurugram (North),North
ORD-11092,CUST-1437,2026-03-09,Surgical & Critical Care,Surgical Stapler,5,8727.93,11.5,UPI,Returned,Ramesh Rao,WH-Bhiwandi (West),West
ORD-11093,CUST-1204,2026-01-18,Sterilization & Lab,UV Sterilizer Box,1,18566.89,11.9,Debit Card,Processing,Vikram Patel,WH-Bengaluru (South),South
ORD-11094,CUST-1364,2026-04-10,Diagnostic & Monitoring,Digital Otoscope,3,31222.54,9.8,Credit Card,Shipped,Vikram Patel,WH-Gurugram (North),North
ORD-11095,CUST-1100,2026-04-11,Respiratory Care,Portable Oxygen Concentrator (5L),5,19882.62,13.3,Credit Card,Delivered,Ramesh Rao,WH-Kolkata (East),East
ORD-11096,CUST-1547,2025-07-20,Orthopedic & Mobility,Cervical Traction Unit,2,10502.52,9.8,COD,Shipped,Priya Sharma,WH-Kolkata (East),East
ORD-11097,CUST-1261,2026-02-21,Infusion & Vascular,Central Venous Catheter Kit,1,4665.72,7.3,Credit Card,Returned,Anjali Nair,WH-Bengaluru (South),South
ORD-11098,CUST-1469,2026-02-27,Diabetes Care,Blood Glucose Meter Kit,1,38981.76,0.9,UPI,Delivered,Vikram Patel,WH-Gurugram (North),North
ORD-11099,CUST-1009,2025-08-28,Respiratory Care,Mesh Nebulizer,4,30891.02,0.8,COD,Shipped,Anjali Nair,WH-Bengaluru (South),South
ORD-11100,CUST-1528,2025-11-08,Infusion & Vascular,IV Cannula (18G-24G),3,26380.45,3.5,Credit Card,Processing,Anjali Nair,WH-Bhiwandi (West),West
ORD-11101,CUST-1690,2026-03-15,Orthopedic & Mobility,Walking Frame with Castors,1,31525.99,14.3,Debit Card,Delivered,Anjali Nair,WH-Bhiwandi (West),West
ORD-11102,CUST-1968,2026-03-04,Diagnostic & Monitoring,Stethoscope (Cardiology Grade),2,3877.82,11.7,Net Banking,Delivered,Anjali Nair,WH-Gurugram (North),North
ORD-11103,CUST-1656,2025-06-04,Diabetes Care,Insulin Pump,3,20577.77,8.9,Net Banking,Processing,Vikram Patel,WH-Bengaluru (South),South
ORD-11104,CUST-1942,2025-10-02,Orthopedic & Mobility,Air Mattress for Bedsores,1,42571.99,11.5,COD,Delivered,Vikram Patel,WH-Bengaluru (South),South
ORD-11105,CUST-1574,2026-07-16,Surgical & Critical Care,Electric Suction Apparatus,5,37395.85,10.1,COD,Shipped,Anjali Nair,WH-Bhiwandi (West),West
ORD-11106,CUST-1724,2025-10-12,Diagnostic & Monitoring,Infrared Non-Contact Thermometer,3,7862.84,4.3,Net Banking,Delivered,Sanjay Verma,WH-Gurugram (North),North
ORD-11107,CUST-1110,2026-07-03,Respiratory Care,Mesh Nebulizer,2,42445.84,3.9,UPI,Returned,Sanjay Verma,WH-Kolkata (East),East
ORD-11108,CUST-1236,2025-12-12,Diagnostic & Monitoring,Digital Otoscope,3,17392.62,10.7,COD,Delivered,Sanjay Verma,WH-Kolkata (East),East
ORD-11109,CUST-1893,2026-05-31,Home Healthcare,Electric Heating Pad,4,25333.38,10.3,Credit Card,Delivered,Sanjay Verma,WH-Gurugram (North),North
ORD-11110,CUST-1066,2025-08-05,Diagnostic & Monitoring,Stethoscope (Cardiology Grade),5,24759.46,5.5,UPI,Returned,Sanjay Verma,WH-Bhiwandi (West),West
ORD-11111,CUST-1293,2026-07-22,Diabetes Care,Lancet Device,5,29572.27,2.1,Debit Card,Delivered,Priya Sharma,WH-Bengaluru (South),South
ORD-11112,CUST-1464,2026-02-03,Respiratory Care,Incentive Spirometer,3,43621.37,14.3,UPI,Delivered,Anjali Nair,WH-Gurugram (North),North
ORD-11113,CUST-1608,2026-05-18,Diagnostic & Monitoring,Digital Spirometer,3,6166.22,5.7,Net Banking,Shipped,Sanjay Verma,WH-Gurugram (North),North
ORD-11114,CUST-1960,2026-01-24,Surgical & Critical Care,Pulse Generator Pacemaker,3,668.68,6.7,Net Banking,Delivered,Vikram Patel,WH-Gurugram (North),North
ORD-11115,CUST-1396,2026-04-22,Respiratory Care,Suction Machine,1,31625.9,8.9,Debit Card,Delivered,Vikram Patel,WH-Bhiwandi (West),West
ORD-11116,CUST-1521,2026-06-30,Diagnostic & Monitoring,Digital Blood Pressure Monitor,4,3797.89,7.3,COD,Delivered,Vikram Patel,WH-Bengaluru (South),South
ORD-11117,CUST-1446,2025-09-16,Diagnostic & Monitoring,Digital Otoscope,1,7435.16,10.7,Debit Card,Delivered,Anjali Nair,WH-Gurugram (North),North
ORD-11118,CUST-1284,2024-10-10,Respiratory Care,Suction Machine,2,10701.51,12.7,UPI,Cancelled,Ramesh Rao,WH-Gurugram (North),North
ORD-11119,CUST-1263,2026-03-23,Surgical & Critical Care,Laryngoscope Set,1,41629.27,14.7,UPI,Delivered,Sanjay Verma,WH-Bhiwandi (West),West
ORD-11120,CUST-1831,2026-02-06,Surgical & Critical Care,Defibrillator & AED,3,22034.3,13.7,COD,Delivered,Priya Sharma,WH-Kolkata (East),East
ORD-11121,CUST-1738,2026-06-13,Respiratory Care,Compressor Nebulizer,3,1147.08,13.7,Credit Card,Cancelled,Priya Sharma,WH-Kolkata (East),East
ORD-11122,CUST-1562,2026-06-28,Home Healthcare,Electric Heating Pad,5,42509.56,3.4,Credit Card,Shipped,Anjali Nair,WH-Bhiwandi (West),West
ORD-11123,CUST-1438,2026-04-07,Respiratory Care,Portable Oxygen Concentrator (5L),3,20145.3,7.4,UPI,Delivered,Ramesh Rao,WH-Bengaluru (South),South
ORD-11124,CUST-1691,2026-06-25,Home Healthcare,Peak Flow Meter,3,34649.52,10.9,Credit Card,Delivered,Sanjay Verma,WH-Bengaluru (South),South
ORD-11125,CUST-1504,2025-06-08,Orthopedic & Mobility,Folding Lightweight Wheelchair,3,43117.16,10.5,Net Banking,Shipped,Ramesh Rao,WH-Kolkata (East),East
ORD-11126,CUST-1014,2026-07-16,Sterilization & Lab,Tabletop Steam Autoclave,5,17350.25,1.9,Credit Card,Cancelled,Priya Sharma,WH-Bhiwandi (West),West
ORD-11127,CUST-1447,2026-05-17,Orthopedic & Mobility,Folding Lightweight Wheelchair,5,44300.64,3.3,COD,Delivered,Anjali Nair,WH-Gurugram (North),North
ORD-11128,CUST-1711,2026-07-19,Infusion & Vascular,Syringe Driver Pump,5,11904.99,11.4,UPI,Shipped,Priya Sharma,WH-Bengaluru (South),South
ORD-11129,CUST-1483,2025-10-26,Surgical & Critical Care,Anesthesia Workstation,1,20112.34,10.2,Net Banking,Processing,Priya Sharma,WH-Kolkata (East),East
ORD-11130,CUST-1435,2026-07-16,Infusion & Vascular,Central Venous Catheter Kit,5,5945.9,0.7,Net Banking,Shipped,Priya Sharma,WH-Gurugram (North),North
ORD-11131,CUST-1478,2026-06-12,Diabetes Care,Blood Glucose Meter Kit,5,4852.05,5.7,Debit Card,Processing,Anjali Nair,WH-Bhiwandi (West),West
ORD-11132,CUST-1870,2026-05-16,Diagnostic & Monitoring,Fetal Doppler Heart Rate Monitor,1,30402.92,4.2,Net Banking,Processing,Vikram Patel,WH-Gurugram (North),North
ORD-11133,CUST-1502,2026-03-26,Diabetes Care,Insulin Pump,4,14213.18,6.8,COD,Shipped,Vikram Patel,WH-Gurugram (North),North
ORD-11134,CUST-1298,2025-11-18,Surgical & Critical Care,Electric Suction Apparatus,1,7228.24,14.8,COD,Shipped,Anjali Nair,WH-Kolkata (East),East
ORD-11135,CUST-1837,2026-07-17,Surgical & Critical Care,Defibrillator & AED,3,23582.43,14.0,COD,Delivered,Anjali Nair,WH-Bengaluru (South),South
ORD-11136,CUST-1003,2026-07-01,Diabetes Care,Lancet Device,2,6367.57,10.3,Net Banking,Processing,Anjali Nair,WH-Gurugram (North),North
ORD-11137,CUST-1606,2025-05-06,Respiratory Care,High-Flow Nasal Cannula System,2,18406.83,14.3,UPI,Delivered,Sanjay Verma,WH-Bengaluru (South),South
ORD-11138,CUST-1841,2026-06-14,Home Healthcare,Electric Heating Pad,2,29211.44,14.6,Debit Card,Delivered,Sanjay Verma,WH-Gurugram (North),North
ORD-11139,CUST-1253,2026-01-02,Orthopedic & Mobility,Air Mattress for Bedsores,2,3129.76,12.0,Net Banking,Returned,Ramesh Rao,WH-Bengaluru (South),South
ORD-11140,CUST-1344,2026-03-31,Sterilization & Lab,Ultrasound Cleaner,4,17229.5,4.5,COD,Delivered,Vikram Patel,WH-Bengaluru (South),South
ORD-11141,CUST-1737,2025-03-05,Diagnostic & Monitoring,Capnograph Monitor,2,26911.22,3.5,UPI,Delivered,Vikram Patel,WH-Bhiwandi (West),West
ORD-11142,CUST-1593,2025-12-03,Infusion & Vascular,Syringe Driver Pump,1,40366.8,11.5,COD,Processing,Anjali Nair,WH-Gurugram (North),North
ORD-11143,CUST-1637,2026-07-17,Diagnostic & Monitoring,Pulse Oximeter,3,9078.61,2.0,Credit Card,Shipped,Priya Sharma,WH-Bhiwandi (West),West
ORD-11144,CUST-1165,2026-01-16,Orthopedic & Mobility,Air Mattress for Bedsores,5,43036.28,14.0,UPI,Shipped,Sanjay Verma,WH-Kolkata (East),East
ORD-11145,CUST-1459,2026-06-21,Sterilization & Lab,Ultrasound Cleaner,5,37342.27,5.1,Debit Card,Delivered,Sanjay Verma,WH-Kolkata (East),East
ORD-11146,CUST-1633,2026-07-02,Orthopedic & Mobility,Walking Frame with Castors,1,23715.3,10.7,Net Banking,Processing,Sanjay Verma,WH-Kolkata (East),East
ORD-11147,CUST-1900,2026-05-07,Diabetes Care,Blood Glucose Meter Kit,4,41081.42,10.1,Net Banking,Processing,Priya Sharma,WH-Bengaluru (South),South
ORD-11148,CUST-1677,2026-03-14,Diagnostic & Monitoring,Single-Channel ECG Machine,1,18953.21,7.6,COD,Returned,Anjali Nair,WH-Gurugram (North),North
ORD-11149,CUST-1664,2026-05-20,Respiratory Care,Auto CPAP Machine,1,27817.52,11.7,Debit Card,Shipped,Priya Sharma,WH-Kolkata (East),East
ORD-11150,CUST-1673,2026-02-06,Respiratory Care,Incentive Spirometer,3,30537.95,1.5,UPI,Delivered,Sanjay Verma,WH-Bengaluru (South),South
ORD-11151,CUST-1656,2025-05-02,Diabetes Care,Lancet Device,1,16445.26,13.6,Net Banking,Delivered,Anjali Nair,WH-Bengaluru (South),South
ORD-11152,CUST-1767,2026-01-24,Respiratory Care,Auto CPAP Machine,4,31310.94,11.0,Debit Card,Processing,Vikram Patel,WH-Bengaluru (South),South
ORD-11153,CUST-1190,2026-06-14,Respiratory Care,Mesh Nebulizer,5,34806.74,13.1,COD,Cancelled,Priya Sharma,WH-Bengaluru (South),South
ORD-11154,CUST-1970,2026-03-15,Diagnostic & Monitoring,Digital Otoscope,4,13259.67,1.0,Credit Card,Shipped,Ramesh Rao,WH-Kolkata (East),East
ORD-11155,CUST-1778,2026-07-16,Respiratory Care,Auto CPAP Machine,1,5368.9,5.1,Net Banking,Delivered,Ramesh Rao,WH-Gurugram (North),North
ORD-11156,CUST-1907,2026-04-26,Surgical & Critical Care,Laryngoscope Set,3,9362.74,10.4,Debit Card,Cancelled,Sanjay Verma,WH-Bhiwandi (West),West
ORD-11157,CUST-1163,2025-05-13,Orthopedic & Mobility,Walking Frame with Castors,2,26476.26,6.3,Debit Card,Processing,Ramesh Rao,WH-Gurugram (North),North
ORD-11158,CUST-1433,2026-05-18,Home Healthcare,Electric Heating Pad,2,26946.85,10.5,Net Banking,Cancelled,Anjali Nair,WH-Kolkata (East),East
ORD-11159,CUST-1686,2025-12-19,Sterilization & Lab,UV Sterilizer Box,5,14049.7,0.5,UPI,Shipped,Anjali Nair,WH-Bhiwandi (West),West
ORD-11160,CUST-1598,2026-07-19,Diagnostic & Monitoring,Digital Spirometer,1,39008.43,10.3,Net Banking,Returned,Ramesh Rao,WH-Kolkata (East),East
ORD-11161,CUST-1439,2025-11-11,Diagnostic & Monitoring,Digital Spirometer,4,29967.7,2.0,COD,Cancelled,Ramesh Rao,WH-Bengaluru (South),South
ORD-11162,CUST-1109,2026-05-03,Orthopedic & Mobility,Folding Lightweight Wheelchair,3,38679.94,7.9,Net Banking,Delivered,Ramesh Rao,WH-Gurugram (North),North
ORD-11163,CUST-1112,2026-01-10,Infusion & Vascular,Dialysis Catheter,3,29805.3,13.8,Net Banking,Processing,Sanjay Verma,WH-Kolkata (East),East
ORD-11164,CUST-1082,2026-03-04,Sterilization & Lab,UV Sterilizer Box,3,24682.38,4.9,Debit Card,Returned,Anjali Nair,WH-Kolkata (East),East
ORD-11165,CUST-1080,2026-07-01,Surgical & Critical Care,LED Surgical OT Light,5,39285.21,13.2,Net Banking,Delivered,Vikram Patel,WH-Gurugram (North),North
ORD-11166,CUST-1734,2026-02-19,Orthopedic & Mobility,TENS Physiotherapy Unit,3,8150.7,5.9,Credit Card,Cancelled,Sanjay Verma,WH-Bhiwandi (West),West
ORD-11167,CUST-1170,2026-07-18,Diagnostic & Monitoring,Single-Channel ECG Machine,4,20644.04,3.3,COD,Delivered,Anjali Nair,WH-Bhiwandi (West),West
ORD-11168,CUST-1623,2025-03-01,Diabetes Care,Insulin Pump,1,13296.51,6.2,Net Banking,Returned,Ramesh Rao,WH-Bhiwandi (West),West
ORD-11169,CUST-1072,2026-07-22,Surgical & Critical Care,Laryngoscope Set,2,23301.33,0.7,COD,Returned,Sanjay Verma,WH-Bengaluru (South),South
ORD-11170,CUST-1159,2025-04-27,Infusion & Vascular,IV Cannula (18G-24G),4,11364.15,7.7,Net Banking,Delivered,Priya Sharma,WH-Kolkata (East),East
ORD-11171,CUST-1591,2026-04-09,Home Healthcare,Electric Heating Pad,5,43650.29,8.1,Credit Card,Delivered,Anjali Nair,WH-Kolkata (East),East
ORD-11172,CUST-1489,2025-12-17,Surgical & Critical Care,Laryngoscope Set,2,21448.67,12.6,Credit Card,Returned,Ramesh Rao,WH-Gurugram (North),North
ORD-11173,CUST-1938,2025-07-23,Diagnostic & Monitoring,Infrared Non-Contact Thermometer,4,43332.83,11.9,Net Banking,Processing,Priya Sharma,WH-Gurugram (North),North
ORD-11174,CUST-1851,2025-11-16,Infusion & Vascular,Syringe Driver Pump,4,31333.67,11.1,UPI,Delivered,Sanjay Verma,WH-Bhiwandi (West),West
ORD-11175,CUST-1495,2025-02-08,Home Healthcare,Digital Vein Finder,5,3591.38,14.5,Credit Card,Delivered,Sanjay Verma,WH-Bhiwandi (West),West
ORD-11176,CUST-1891,2025-10-28,Sterilization & Lab,Tabletop Steam Autoclave,4,29859.47,1.7,Net Banking,Delivered,Anjali Nair,WH-Kolkata (East),East
ORD-11177,CUST-1588,2026-06-22,Diagnostic & Monitoring,Continuous Glucose Monitor (CGM),2,905.53,10.0,COD,Returned,Priya Sharma,WH-Kolkata (East),East
ORD-11178,CUST-1853,2026-03-28,Diagnostic & Monitoring,Infrared Non-Contact Thermometer,3,25272.12,9.1,Net Banking,Delivered,Priya Sharma,WH-Kolkata (East),East
ORD-11179,CUST-1765,2026-04-10,Diabetes Care,Insulin Pump,5,4831.2,5.3,Net Banking,Delivered,Vikram Patel,WH-Kolkata (East),East
ORD-11180,CUST-1149,2025-10-22,Infusion & Vascular,Dialysis Catheter,2,13533.01,1.0,Net Banking,Cancelled,Priya Sharma,WH-Kolkata (East),East
ORD-11181,CUST-1405,2026-07-20,Surgical & Critical Care,Defibrillator & AED,2,20086.12,9.5,Debit Card,Shipped,Priya Sharma,WH-Bhiwandi (West),West
ORD-11182,CUST-1096,2025-11-05,Infusion & Vascular,Dialysis Catheter,4,12159.22,2.4,Debit Card,Processing,Priya Sharma,WH-Gurugram (North),North
ORD-11183,CUST-1187,2025-10-27,Respiratory Care,Portable Oxygen Concentrator (5L),4,23386.85,10.0,Net Banking,Delivered,Priya Sharma,WH-Kolkata (East),East
ORD-11184,CUST-1175,2026-06-16,Diagnostic & Monitoring,Infrared Non-Contact Thermometer,5,27684.71,10.4,Credit Card,Delivered,Vikram Patel,WH-Kolkata (East),East
ORD-11185,CUST-1558,2026-06-01,Diabetes Care,Insulin Pen Injector,2,25669.26,5.2,Net Banking,Cancelled,Sanjay Verma,WH-Bengaluru (South),South
ORD-11186,CUST-1799,2026-01-12,Diabetes Care,Insulin Pump,3,40519.58,7.7,COD,Cancelled,Sanjay Verma,WH-Bhiwandi (West),West
ORD-11187,CUST-1707,2025-04-17,Home Healthcare,Peak Flow Meter,1,25385.76,9.3,Credit Card,Cancelled,Priya Sharma,WH-Bengaluru (South),South
ORD-11188,CUST-1354,2026-06-23,Diagnostic & Monitoring,Pulse Oximeter,4,22642.92,5.1,COD,Delivered,Priya Sharma,WH-Bhiwandi (West),West
ORD-11189,CUST-1687,2026-02-10,Respiratory Care,Compressor Nebulizer,4,27315.68,0.2,Credit Card,Cancelled,Ramesh Rao,WH-Bengaluru (South),South
ORD-11190,CUST-1524,2026-05-02,Diabetes Care,Insulin Pen Injector,1,33774.76,5.2,UPI,Cancelled,Ramesh Rao,WH-Bengaluru (South),South
ORD-11191,CUST-1053,2026-07-18,Respiratory Care,BiPAP Machine,5,38926.85,6.6,COD,Returned,Priya Sharma,WH-Kolkata (East),East
ORD-11192,CUST-1922,2025-04-25,Respiratory Care,Incentive Spirometer,3,26715.17,15.0,UPI,Shipped,Sanjay Verma,WH-Bhiwandi (West),West
ORD-11193,CUST-1437,2026-03-03,Respiratory Care,BiPAP Machine,5,15142.16,6.6,Debit Card,Returned,Priya Sharma,WH-Kolkata (East),East
ORD-11194,CUST-1829,2026-05-28,Home Healthcare,Digital Vein Finder,3,10516.46,14.5,Credit Card,Delivered,Vikram Patel,WH-Gurugram (North),North
ORD-11195,CUST-1096,2026-05-01,Home Healthcare,Digital Vein Finder,4,13789.72,0.6,Net Banking,Cancelled,Anjali Nair,WH-Bengaluru (South),South
ORD-11196,CUST-1821,2026-06-12,Diagnostic & Monitoring,Digital Blood Pressure Monitor,3,11609.09,8.7,Debit Card,Processing,Anjali Nair,WH-Kolkata (East),East
ORD-11197,CUST-1479,2025-03-17,Orthopedic & Mobility,Cervical Traction Unit,1,30752.41,15.0,COD,Shipped,Ramesh Rao,WH-Kolkata (East),East
ORD-11198,CUST-1493,2025-07-19,Diagnostic & Monitoring,Vascular Doppler,3,3702.22,10.3,UPI,Shipped,Anjali Nair,WH-Gurugram (North),North
ORD-11199,CUST-1673,2025-11-03,Diagnostic & Monitoring,Continuous Glucose Monitor (CGM),2,5762.67,6.7,Credit Card,Cancelled,Sanjay Verma,WH-Kolkata (East),East
ORD-11200,CUST-1628,2026-06-03,Sterilization & Lab,Digital Centrifuge Machine,3,627.59,10.3,Net Banking,Delivered,Sanjay Verma,WH-Gurugram (North),North
ORD-11201,CUST-1272,2026-07-21,Infusion & Vascular,Central Venous Catheter Kit,3,4609.89,2.6,COD,Returned,Sanjay Verma,WH-Bengaluru (South),South
ORD-11202,CUST-1290,2026-06-25,Diabetes Care,Lancet Device,2,34348.63,9.1,COD,Delivered,Ramesh Rao,WH-Bengaluru (South),South
ORD-11203,CUST-1096,2025-12-02,Diagnostic & Monitoring,Multi-Para Patient Monitor,4,29812.21,9.7,Net Banking,Delivered,Vikram Patel,WH-Bhiwandi (West),West
ORD-11204,CUST-1432,2025-04-12,Home Healthcare,Peak Flow Meter,2,40760.32,1.9,Credit Card,Delivered,Vikram Patel,WH-Kolkata (East),East
ORD-11205,CUST-1088,2026-03-01,Diagnostic & Monitoring,Continuous Glucose Monitor (CGM),2,39108.63,3.0,Net Banking,Delivered,Vikram Patel,WH-Kolkata (East),East
ORD-11206,CUST-1454,2025-05-18,Diagnostic & Monitoring,Pulse Oximeter,5,30093.17,13.6,UPI,Delivered,Sanjay Verma,WH-Bhiwandi (West),West
ORD-11207,CUST-1317,2026-06-20,Respiratory Care,Suction Machine,3,37729.11,2.5,Credit Card,Delivered,Vikram Patel,WH-Kolkata (East),East
ORD-11208,CUST-1572,2026-04-11,Diabetes Care,Insulin Pump,3,29625.44,5.6,UPI,Delivered,Ramesh Rao,WH-Bengaluru (South),South
ORD-11209,CUST-1800,2026-06-29,Respiratory Care,Compressor Nebulizer,3,35343.27,1.4,Net Banking,Processing,Sanjay Verma,WH-Gurugram (North),North
ORD-11210,CUST-1687,2025-04-24,Respiratory Care,Incentive Spirometer,1,15134.48,9.8,COD,Delivered,Priya Sharma,WH-Bengaluru (South),South
ORD-11211,CUST-1749,2025-12-12,Surgical & Critical Care,LED Surgical OT Light,5,34327.98,11.6,Net Banking,Returned,Sanjay Verma,WH-Kolkata (East),East
ORD-11212,CUST-1713,2026-05-28,Surgical & Critical Care,Surgical Electrocautery Unit,3,6985.21,10.5,Debit Card,Shipped,Ramesh Rao,WH-Bengaluru (South),South
ORD-11213,CUST-1698,2026-06-05,Diagnostic & Monitoring,Continuous Glucose Monitor (CGM),2,32800.2,1.1,Net Banking,Delivered,Sanjay Verma,WH-Bhiwandi (West),West
ORD-11214,CUST-1728,2026-07-21,Respiratory Care,Auto CPAP Machine,4,9204.02,5.1,Debit Card,Returned,Vikram Patel,WH-Kolkata (East),East
ORD-11215,CUST-1068,2025-09-26,Diagnostic & Monitoring,Single-Channel ECG Machine,2,41312.29,5.0,Debit Card,Cancelled,Vikram Patel,WH-Bengaluru (South),South
ORD-11216,CUST-1970,2026-01-13,Surgical & Critical Care,Pulse Generator Pacemaker,3,19378.65,0.6,Net Banking,Delivered,Sanjay Verma,WH-Bhiwandi (West),West
ORD-11217,CUST-1314,2026-07-17,Surgical & Critical Care,Surgical Electrocautery Unit,5,10907.04,10.8,COD,Cancelled,Sanjay Verma,WH-Bhiwandi (West),West
ORD-11218,CUST-1116,2025-04-01,Sterilization & Lab,Ultrasound Cleaner,1,33168.3,8.2,Net Banking,Delivered,Priya Sharma,WH-Gurugram (North),North
ORD-11219,CUST-1968,2026-01-24,Orthopedic & Mobility,Motorized Wheelchair,1,15176.86,2.0,Debit Card,Cancelled,Vikram Patel,WH-Bhiwandi (West),West
ORD-11220,CUST-1242,2026-04-10,Orthopedic & Mobility,Folding Lightweight Wheelchair,2,28496.31,11.9,Credit Card,Returned,Anjali Nair,WH-Bengaluru (South),South
ORD-11221,CUST-1001,2026-01-26,Sterilization & Lab,UV Sterilizer Box,1,40248.1,7.1,UPI,Processing,Sanjay Verma,WH-Kolkata (East),East
ORD-11222,CUST-1380,2025-07-24,Sterilization & Lab,Digital Centrifuge Machine,1,6202.75,11.2,Debit Card,Delivered,Ramesh Rao,WH-Bengaluru (South),South
ORD-11223,CUST-1608,2024-10-07,Sterilization & Lab,UV Sterilizer Box,5,15666.13,14.1,COD,Delivered,Vikram Patel,WH-Kolkata (East),East
ORD-11224,CUST-1948,2026-07-16,Sterilization & Lab,Tabletop Steam Autoclave,1,14396.57,2.1,Debit Card,Processing,Sanjay Verma,WH-Bhiwandi (West),West
ORD-11225,CUST-1951,2025-04-23,Respiratory Care,Incentive Spirometer,4,38232.83,7.6,Debit Card,Processing,Anjali Nair,WH-Kolkata (East),East
ORD-11226,CUST-1280,2026-04-12,Diagnostic & Monitoring,Digital Otoscope,2,3166.15,11.4,Credit Card,Returned,Priya Sharma,WH-Bengaluru (South),South
ORD-11227,CUST-1431,2026-07-07,Diabetes Care,Blood Glucose Meter Kit,3,36459.14,5.8,Net Banking,Delivered,Sanjay Verma,WH-Bhiwandi (West),West
ORD-11228,CUST-1117,2025-11-10,Diagnostic & Monitoring,Continuous Glucose Monitor (CGM),1,3641.6,14.3,UPI,Delivered,Sanjay Verma,WH-Bhiwandi (West),West
ORD-11229,CUST-1596,2025-10-20,Sterilization & Lab,Ultrasound Cleaner,5,9642.4,13.0,COD,Delivered,Ramesh Rao,WH-Bengaluru (South),South
ORD-11230,CUST-1276,2026-02-22,Home Healthcare,Electric Heating Pad,1,40431.6,10.2,UPI,Delivered,Priya Sharma,WH-Bhiwandi (West),West
ORD-11231,CUST-1776,2026-07-12,Infusion & Vascular,IV Cannula (18G-24G),3,44633.11,7.4,COD,Delivered,Ramesh Rao,WH-Bhiwandi (West),West
ORD-11232,CUST-1673,2026-02-05,Home Healthcare,Peak Flow Meter,4,38111.2,0.0,Credit Card,Cancelled,Priya Sharma,WH-Gurugram (North),North
ORD-11233,CUST-1879,2026-07-08,Diagnostic & Monitoring,Capnograph Monitor,3,2441.57,14.7,Debit Card,Cancelled,Anjali Nair,WH-Bengaluru (South),South
ORD-11234,CUST-1348,2026-03-01,Diagnostic & Monitoring,Infrared Non-Contact Thermometer,2,26582.42,6.0,Net Banking,Delivered,Anjali Nair,WH-Bhiwandi (West),West
ORD-11235,CUST-1003,2026-07-19,Diagnostic & Monitoring,Fetal Doppler Heart Rate Monitor,1,12692.77,10.0,Credit Card,Delivered,Priya Sharma,WH-Bengaluru (South),South
ORD-11236,CUST-1680,2026-03-12,Diagnostic & Monitoring,Stethoscope (Cardiology Grade),2,6477.45,6.9,Credit Card,Delivered,Ramesh Rao,WH-Gurugram (North),North
ORD-11237,CUST-1740,2026-01-30,Respiratory Care,Compressor Nebulizer,5,40315.38,8.7,Net Banking,Processing,Vikram Patel,WH-Bengaluru (South),South
ORD-11238,CUST-1684,2026-02-27,Orthopedic & Mobility,Air Mattress for Bedsores,4,7173.36,5.6,Debit Card,Delivered,Priya Sharma,WH-Gurugram (North),North
ORD-11239,CUST-1407,2026-06-26,Surgical & Critical Care,LED Surgical OT Light,3,4895.05,9.0,Net Banking,Delivered,Vikram Patel,WH-Kolkata (East),East
ORD-11240,CUST-1626,2026-02-10,Diagnostic & Monitoring,Infrared Non-Contact Thermometer,1,2971.79,3.7,Credit Card,Cancelled,Vikram Patel,WH-Gurugram (North),North
ORD-11241,CUST-1606,2025-11-30,Respiratory Care,Auto CPAP Machine,1,9452.74,1.2,COD,Returned,Ramesh Rao,WH-Kolkata (East),East
ORD-11242,CUST-1984,2026-07-15,Surgical & Critical Care,Surgical Stapler,1,10560.95,13.2,UPI,Delivered,Priya Sharma,WH-Bengaluru (South),South
ORD-11243,CUST-1920,2026-05-09,Diagnostic & Monitoring,Continuous Glucose Monitor (CGM),5,41484.55,2.1,Credit Card,Returned,Vikram Patel,WH-Bengaluru (South),South
ORD-11244,CUST-1031,2025-08-02,Diagnostic & Monitoring,Digital Blood Pressure Monitor,2,33348.12,4.7,Credit Card,Processing,Priya Sharma,WH-Kolkata (East),East
ORD-11245,CUST-1973,2026-03-09,Orthopedic & Mobility,Motorized Wheelchair,1,29219.07,2.3,COD,Delivered,Ramesh Rao,WH-Bengaluru (South),South
ORD-11246,CUST-1344,2026-04-10,Infusion & Vascular,IV Cannula (18G-24G),2,22622.8,10.9,Credit Card,Returned,Anjali Nair,WH-Bhiwandi (West),West
ORD-11247,CUST-1966,2025-03-07,Infusion & Vascular,Central Venous Catheter Kit,2,13666.19,12.8,Net Banking,Delivered,Vikram Patel,WH-Gurugram (North),North
ORD-11248,CUST-1402,2025-07-25,Home Healthcare,Digital Vein Finder,4,13298.44,10.1,Debit Card,Delivered,Priya Sharma,WH-Kolkata (East),East
ORD-11249,CUST-1074,2024-08-09,Diagnostic & Monitoring,Continuous Glucose Monitor (CGM),3,15458.42,13.6,Debit Card,Processing,Ramesh Rao,WH-Kolkata (East),East
ORD-11250,CUST-1499,2026-06-25,Diagnostic & Monitoring,Capnograph Monitor,5,2675.99,5.6,Debit Card,Delivered,Vikram Patel,WH-Gurugram (North),North
ORD-11251,CUST-1212,2025-08-26,Respiratory Care,High-Flow Nasal Cannula System,2,40134.21,1.0,COD,Delivered,Priya Sharma,WH-Gurugram (North),North
ORD-11252,CUST-1663,2025-10-31,Orthopedic & Mobility,Cervical Traction Unit,4,44932.85,5.2,COD,Cancelled,Anjali Nair,WH-Bhiwandi (West),West
ORD-11253,CUST-1452,2025-02-09,Surgical & Critical Care,LED Surgical OT Light,2,15831.98,5.3,Net Banking,Delivered,Sanjay Verma,WH-Bhiwandi (West),West
ORD-11254,CUST-1309,2025-06-04,Home Healthcare,Peak Flow Meter,1,25904.92,12.0,Credit Card,Delivered,Ramesh Rao,WH-Bhiwandi (West),West
ORD-11255,CUST-1056,2026-06-17,Diagnostic & Monitoring,Single-Channel ECG Machine,5,21309.76,2.8,COD,Shipped,Sanjay Verma,WH-Kolkata (East),East
ORD-11256,CUST-1466,2025-09-13,Respiratory Care,BiPAP Machine,1,35712.29,9.6,COD,Delivered,Priya Sharma,WH-Bhiwandi (West),West
ORD-11257,CUST-1244,2026-05-14,Infusion & Vascular,IV Cannula (18G-24G),4,41797.57,12.2,COD,Shipped,Ramesh Rao,WH-Gurugram (North),North
ORD-11258,CUST-1587,2026-01-22,Sterilization & Lab,UV Sterilizer Box,5,17705.06,7.6,UPI,Delivered,Priya Sharma,WH-Bengaluru (South),South
ORD-11259,CUST-1961,2025-08-04,Diagnostic & Monitoring,Continuous Glucose Monitor (CGM),5,26395.33,13.9,Debit Card,Delivered,Anjali Nair,WH-Gurugram (North),North
ORD-11260,CUST-1448,2026-06-18,Diagnostic & Monitoring,Digital Otoscope,4,6785.31,12.8,UPI,Delivered,Sanjay Verma,WH-Bhiwandi (West),West
ORD-11261,CUST-1841,2025-08-10,Orthopedic & Mobility,Cervical Traction Unit,4,7793.79,3.3,Debit Card,Cancelled,Priya Sharma,WH-Bhiwandi (West),West
ORD-11262,CUST-1279,2026-07-22,Respiratory Care,Suction Machine,4,25316.28,4.6,Net Banking,Delivered,Ramesh Rao,WH-Kolkata (East),East
ORD-11263,CUST-1047,2026-03-16,Infusion & Vascular,Volumetric Infusion Pump,4,32090.19,6.4,Debit Card,Delivered,Ramesh Rao,WH-Kolkata (East),East
ORD-11264,CUST-1692,2026-06-13,Surgical & Critical Care,Pulse Generator Pacemaker,1,22609.58,5.2,Credit Card,Delivered,Sanjay Verma,WH-Bhiwandi (West),West
ORD-11265,CUST-1092,2025-12-12,Respiratory Care,Suction Machine,3,38454.46,11.8,Net Banking,Delivered,Ramesh Rao,WH-Kolkata (East),East
ORD-11266,CUST-1264,2026-05-06,Surgical & Critical Care,Pulse Generator Pacemaker,1,30145.9,11.5,COD,Delivered,Anjali Nair,WH-Bhiwandi (West),West
ORD-11267,CUST-1237,2026-03-30,Diagnostic & Monitoring,Single-Channel ECG Machine,5,40217.12,13.0,COD,Delivered,Sanjay Verma,WH-Gurugram (North),North
ORD-11268,CUST-1785,2025-12-12,Home Healthcare,Electric Heating Pad,5,38100.04,14.8,Net Banking,Delivered,Priya Sharma,WH-Bhiwandi (West),West
ORD-11269,CUST-1484,2026-06-01,Home Healthcare,Peak Flow Meter,1,33963.9,1.9,Credit Card,Delivered,Vikram Patel,WH-Kolkata (East),East
ORD-11270,CUST-1077,2025-12-31,Respiratory Care,Auto CPAP Machine,4,21844.68,4.1,UPI,Cancelled,Priya Sharma,WH-Bhiwandi (West),West
ORD-11271,CUST-1389,2026-05-06,Surgical & Critical Care,Laryngoscope Set,1,42461.96,6.5,Net Banking,Returned,Anjali Nair,WH-Gurugram (North),North
ORD-11272,CUST-1240,2026-07-01,Diabetes Care,Insulin Pen Injector,5,8734.51,6.8,Net Banking,Processing,Sanjay Verma,WH-Bhiwandi (West),West
ORD-11273,CUST-1543,2026-05-07,Diagnostic & Monitoring,Vascular Doppler,1,14144.6,14.7,Credit Card,Delivered,Anjali Nair,WH-Bengaluru (South),South
ORD-11274,CUST-1400,2025-12-27,Home Healthcare,Digital Vein Finder,4,1884.95,6.0,Debit Card,Processing,Anjali Nair,WH-Kolkata (East),East
ORD-11275,CUST-1312,2026-02-03,Respiratory Care,Auto CPAP Machine,5,40570.21,9.8,Debit Card,Delivered,Vikram Patel,WH-Kolkata (East),East
ORD-11276,CUST-1959,2025-06-21,Diabetes Care,Lancet Device,2,26530.23,8.7,Debit Card,Cancelled,Sanjay Verma,WH-Bengaluru (South),South
ORD-11277,CUST-1756,2026-07-14,Surgical & Critical Care,Surgical Stapler,2,3897.79,9.6,Debit Card,Processing,Priya Sharma,WH-Kolkata (East),East
ORD-11278,CUST-1481,2026-02-24,Respiratory Care,Incentive Spirometer,4,18455.18,4.3,COD,Delivered,Sanjay Verma,WH-Gurugram (North),North
ORD-11279,CUST-1926,2026-06-27,Home Healthcare,Electric Heating Pad,5,17026.75,9.6,Debit Card,Shipped,Priya Sharma,WH-Bhiwandi (West),West
ORD-11280,CUST-1893,2026-02-15,Diagnostic & Monitoring,Stethoscope (Cardiology Grade),1,22725.16,13.9,Net Banking,Cancelled,Vikram Patel,WH-Gurugram (North),North
ORD-11281,CUST-1068,2025-08-14,Diagnostic & Monitoring,Digital Blood Pressure Monitor,2,34582.95,14.8,UPI,Processing,Ramesh Rao,WH-Bengaluru (South),South
ORD-11282,CUST-1112,2026-05-04,Orthopedic & Mobility,Cervical Traction Unit,3,12416.5,10.9,UPI,Delivered,Sanjay Verma,WH-Bhiwandi (West),West
ORD-11283,CUST-1559,2025-07-15,Infusion & Vascular,Dialysis Catheter,5,32399.22,0.9,Credit Card,Processing,Ramesh Rao,WH-Bhiwandi (West),West
ORD-11284,CUST-1846,2025-08-18,Diabetes Care,Blood Glucose Meter Kit,2,15372.12,14.1,Debit Card,Processing,Anjali Nair,WH-Bengaluru (South),South
ORD-11285,CUST-1190,2026-07-09,Surgical & Critical Care,Surgical Stapler,4,1576.09,10.4,Debit Card,Returned,Sanjay Verma,WH-Bengaluru (South),South
ORD-11286,CUST-1645,2025-06-01,Respiratory Care,High-Flow Nasal Cannula System,5,23017.72,3.1,UPI,Shipped,Priya Sharma,WH-Bengaluru (South),South
ORD-11287,CUST-1732,2025-05-18,Respiratory Care,Compressor Nebulizer,4,44456.53,12.9,UPI,Delivered,Sanjay Verma,WH-Bengaluru (South),South
ORD-11288,CUST-1124,2026-01-02,Orthopedic & Mobility,Air Mattress for Bedsores,3,19638.16,4.9,COD,Processing,Sanjay Verma,WH-Bhiwandi (West),West
ORD-11289,CUST-1334,2025-12-09,Diagnostic & Monitoring,Continuous Glucose Monitor (CGM),3,9257.31,10.7,UPI,Delivered,Sanjay Verma,WH-Kolkata (East),East
ORD-11290,CUST-1851,2026-05-17,Diabetes Care,Lancet Device,5,33020.03,8.4,Net Banking,Shipped,Ramesh Rao,WH-Gurugram (North),North
ORD-11291,CUST-1769,2025-05-17,Orthopedic & Mobility,Walking Frame with Castors,1,31971.67,14.5,Net Banking,Processing,Ramesh Rao,WH-Bhiwandi (West),West
ORD-11292,CUST-1169,2026-02-27,Infusion & Vascular,IV Cannula (18G-24G),4,4031.08,1.2,COD,Delivered,Priya Sharma,WH-Gurugram (North),North
ORD-11293,CUST-1077,2026-03-13,Home Healthcare,Digital Vein Finder,1,3015.12,5.5,Credit Card,Delivered,Vikram Patel,WH-Gurugram (North),North
ORD-11294,CUST-1016,2025-05-10,Surgical & Critical Care,Surgical Stapler,1,21749.83,7.5,Net Banking,Delivered,Priya Sharma,WH-Bengaluru (South),South
ORD-11295,CUST-1511,2026-04-06,Sterilization & Lab,Digital Centrifuge Machine,1,37624.87,10.3,Net Banking,Processing,Priya Sharma,WH-Bengaluru (South),South
ORD-11296,CUST-1093,2025-05-29,Infusion & Vascular,Volumetric Infusion Pump,2,44277.04,6.5,COD,Returned,Anjali Nair,WH-Bengaluru (South),South
ORD-11297,CUST-1623,2025-11-07,Surgical & Critical Care,Defibrillator & AED,4,29531.68,10.7,Credit Card,Shipped,Vikram Patel,WH-Bhiwandi (West),West
ORD-11298,CUST-1595,2026-07-08,Orthopedic & Mobility,Folding Lightweight Wheelchair,5,2168.67,12.7,Net Banking,Delivered,Sanjay Verma,WH-Gurugram (North),North
ORD-11299,CUST-1410,2026-07-11,Surgical & Critical Care,Defibrillator & AED,3,29062.58,12.2,Net Banking,Returned,Sanjay Verma,WH-Gurugram (North),North
ORD-11300,CUST-1230,2026-03-20,Diagnostic & Monitoring,Infrared Non-Contact Thermometer,2,7076.7,14.9,Net Banking,Shipped,Ramesh Rao,WH-Bengaluru (South),South
ORD-11301,CUST-1969,2026-07-11,Orthopedic & Mobility,Walking Frame with Castors,5,32965.95,4.9,COD,Delivered,Anjali Nair,WH-Gurugram (North),North
ORD-11302,CUST-1283,2026-06-10,Diagnostic & Monitoring,Infrared Non-Contact Thermometer,5,8224.12,8.2,Net Banking,Cancelled,Vikram Patel,WH-Gurugram (North),North
ORD-11303,CUST-1276,2026-07-11,Infusion & Vascular,Syringe Driver Pump,3,43143.33,6.0,COD,Processing,Ramesh Rao,WH-Bhiwandi (West),West
ORD-11304,CUST-1794,2025-09-15,Diagnostic & Monitoring,Vascular Doppler,4,17514.84,6.3,UPI,Delivered,Priya Sharma,WH-Gurugram (North),North
ORD-11305,CUST-1549,2026-04-15,Diagnostic & Monitoring,Digital Otoscope,1,25356.4,5.3,Credit Card,Delivered,Vikram Patel,WH-Bengaluru (South),South
ORD-11306,CUST-1581,2026-06-29,Respiratory Care,Auto CPAP Machine,3,15237.06,11.2,Net Banking,Delivered,Ramesh Rao,WH-Gurugram (North),North
ORD-11307,CUST-1233,2026-04-20,Infusion & Vascular,Syringe Driver Pump,3,14004.96,10.1,Net Banking,Returned,Vikram Patel,WH-Bengaluru (South),South
ORD-11308,CUST-1434,2025-06-08,Orthopedic & Mobility,Folding Lightweight Wheelchair,4,10921.32,5.4,Debit Card,Processing,Ramesh Rao,WH-Bhiwandi (West),West
ORD-11309,CUST-1242,2026-07-02,Orthopedic & Mobility,Walking Frame with Castors,1,40270.75,12.0,UPI,Delivered,Sanjay Verma,WH-Bhiwandi (West),West
ORD-11310,CUST-1933,2025-08-04,Diabetes Care,Lancet Device,2,42799.51,2.3,UPI,Returned,Ramesh Rao,WH-Bengaluru (South),South
ORD-11311,CUST-1508,2025-09-01,Surgical & Critical Care,Electric Suction Apparatus,4,26838.34,1.0,Debit Card,Delivered,Anjali Nair,WH-Kolkata (East),East
ORD-11312,CUST-1305,2026-07-17,Diagnostic & Monitoring,Pulse Oximeter,3,22458.67,14.1,UPI,Processing,Ramesh Rao,WH-Gurugram (North),North
ORD-11313,CUST-1906,2026-05-14,Diagnostic & Monitoring,Vascular Doppler,3,24918.89,12.0,Credit Card,Delivered,Vikram Patel,WH-Gurugram (North),North
ORD-11314,CUST-1977,2026-06-04,Diabetes Care,Insulin Pen Injector,2,10626.46,12.7,COD,Processing,Sanjay Verma,WH-Gurugram (North),North
ORD-11315,CUST-1888,2026-05-05,Surgical & Critical Care,Anesthesia Workstation,1,21445.81,3.3,Debit Card,Delivered,Vikram Patel,WH-Kolkata (East),East
ORD-11316,CUST-1676,2025-03-13,Diagnostic & Monitoring,Multi-Para Patient Monitor,5,6591.64,10.3,Debit Card,Shipped,Sanjay Verma,WH-Bengaluru (South),South
ORD-11317,CUST-1200,2026-06-01,Respiratory Care,High-Flow Nasal Cannula System,5,8676.03,7.3,UPI,Cancelled,Sanjay Verma,WH-Bhiwandi (West),West
ORD-11318,CUST-1647,2026-04-26,Orthopedic & Mobility,TENS Physiotherapy Unit,1,2765.4,4.2,Net Banking,Delivered,Anjali Nair,WH-Bengaluru (South),South
ORD-11319,CUST-1607,2025-04-29,Infusion & Vascular,IV Cannula (18G-24G),3,33750.68,10.1,Net Banking,Delivered,Vikram Patel,WH-Gurugram (North),North
ORD-11320,CUST-1267,2025-11-05,Surgical & Critical Care,Surgical Electrocautery Unit,5,17510.77,5.2,Debit Card,Shipped,Vikram Patel,WH-Bhiwandi (West),West
ORD-11321,CUST-1832,2026-04-06,Diagnostic & Monitoring,Pulse Oximeter,1,18527.74,3.5,Debit Card,Delivered,Vikram Patel,WH-Gurugram (North),North
ORD-11322,CUST-1389,2026-05-05,Diagnostic & Monitoring,Vascular Doppler,1,12646.38,3.7,COD,Cancelled,Ramesh Rao,WH-Bengaluru (South),South
ORD-11323,CUST-1388,2026-01-07,Sterilization & Lab,Digital Centrifuge Machine,1,10642.59,10.7,Debit Card,Shipped,Ramesh Rao,WH-Bhiwandi (West),West
ORD-11324,CUST-1112,2025-06-26,Diabetes Care,Blood Glucose Meter Kit,4,6672.38,4.6,Net Banking,Shipped,Ramesh Rao,WH-Bhiwandi (West),West
ORD-11325,CUST-1176,2026-04-26,Home Healthcare,Electric Heating Pad,1,19380.47,11.0,Credit Card,Delivered,Sanjay Verma,WH-Bengaluru (South),South
ORD-11326,CUST-1873,2025-12-17,Diagnostic & Monitoring,Single-Channel ECG Machine,1,10918.86,14.4,Credit Card,Shipped,Sanjay Verma,WH-Kolkata (East),East
ORD-11327,CUST-1251,2026-05-10,Diabetes Care,Insulin Pump,5,40917.71,9.9,COD,Processing,Vikram Patel,WH-Bengaluru (South),South
ORD-11328,CUST-1294,2025-12-29,Sterilization & Lab,Digital Centrifuge Machine,4,8853.36,0.9,Net Banking,Returned,Priya Sharma,WH-Bhiwandi (West),West
ORD-11329,CUST-1052,2026-06-15,Sterilization & Lab,UV Sterilizer Box,4,13798.09,13.7,UPI,Processing,Priya Sharma,WH-Bhiwandi (West),West
ORD-11330,CUST-1544,2025-07-24,Surgical & Critical Care,Laryngoscope Set,3,15069.19,6.2,COD,Shipped,Sanjay Verma,WH-Gurugram (North),North
ORD-11331,CUST-1015,2025-10-02,Diagnostic & Monitoring,Fetal Doppler Heart Rate Monitor,5,44433.0,7.1,Net Banking,Delivered,Anjali Nair,WH-Kolkata (East),East
ORD-11332,CUST-1255,2025-06-09,Surgical & Critical Care,Laryngoscope Set,1,6669.03,1.3,Net Banking,Cancelled,Sanjay Verma,WH-Bhiwandi (West),West
ORD-11333,CUST-1614,2026-02-15,Surgical & Critical Care,Defibrillator & AED,4,12702.17,5.5,Net Banking,Processing,Vikram Patel,WH-Bengaluru (South),South
ORD-11334,CUST-1948,2026-07-13,Respiratory Care,Mesh Nebulizer,4,36946.9,4.2,Debit Card,Processing,Vikram Patel,WH-Bengaluru (South),South
ORD-11335,CUST-1951,2026-06-03,Respiratory Care,BiPAP Machine,1,15812.12,10.2,UPI,Processing,Ramesh Rao,WH-Bhiwandi (West),West
ORD-11336,CUST-1018,2026-07-14,Surgical & Critical Care,Pulse Generator Pacemaker,5,34312.57,7.9,UPI,Shipped,Ramesh Rao,WH-Kolkata (East),East
ORD-11337,CUST-1646,2025-01-13,Respiratory Care,High-Flow Nasal Cannula System,1,1264.3,12.8,Credit Card,Returned,Priya Sharma,WH-Bengaluru (South),South
ORD-11338,CUST-1400,2025-06-21,Diabetes Care,Lancet Device,3,3665.49,14.5,Net Banking,Delivered,Sanjay Verma,WH-Gurugram (North),North
ORD-11339,CUST-1974,2025-07-11,Diagnostic & Monitoring,Infrared Non-Contact Thermometer,1,34358.84,11.7,Credit Card,Returned,Sanjay Verma,WH-Kolkata (East),East
ORD-11340,CUST-1310,2025-06-17,Surgical & Critical Care,Defibrillator & AED,3,9137.88,7.8,COD,Returned,Anjali Nair,WH-Kolkata (East),East
ORD-11341,CUST-1428,2025-10-01,Diagnostic & Monitoring,Multi-Para Patient Monitor,5,41852.88,9.6,Net Banking,Delivered,Sanjay Verma,WH-Bhiwandi (West),West
ORD-11342,CUST-1990,2026-02-05,Diabetes Care,Insulin Pen Injector,4,30582.28,3.8,Net Banking,Returned,Ramesh Rao,WH-Kolkata (East),East
ORD-11343,CUST-1590,2025-02-28,Diagnostic & Monitoring,Single-Channel ECG Machine,3,5092.19,0.2,Net Banking,Shipped,Priya Sharma,WH-Bhiwandi (West),West
ORD-11344,CUST-1773,2026-02-25,Respiratory Care,High-Flow Nasal Cannula System,3,26690.41,13.1,Net Banking,Shipped,Priya Sharma,WH-Bhiwandi (West),West
ORD-11345,CUST-1686,2026-02-18,Diabetes Care,Blood Glucose Meter Kit,4,20973.19,10.6,Net Banking,Shipped,Priya Sharma,WH-Bengaluru (South),South
ORD-11346,CUST-1523,2026-03-08,Orthopedic & Mobility,Folding Lightweight Wheelchair,1,8865.69,7.0,COD,Returned,Priya Sharma,WH-Kolkata (East),East
ORD-11347,CUST-1959,2026-03-21,Surgical & Critical Care,Surgical Stapler,3,6343.1,1.5,UPI,Delivered,Ramesh Rao,WH-Gurugram (North),North
ORD-11348,CUST-1521,2026-05-10,Orthopedic & Mobility,TENS Physiotherapy Unit,2,6413.51,8.0,UPI,Processing,Vikram Patel,WH-Gurugram (North),North
ORD-11349,CUST-1621,2025-08-31,Orthopedic & Mobility,TENS Physiotherapy Unit,4,2855.4,12.9,Credit Card,Processing,Priya Sharma,WH-Gurugram (North),North
ORD-11350,CUST-1659,2026-06-10,Respiratory Care,Compressor Nebulizer,4,24772.46,5.2,Credit Card,Shipped,Sanjay Verma,WH-Kolkata (East),East
ORD-11351,CUST-1248,2025-10-10,Surgical & Critical Care,LED Surgical OT Light,3,19233.41,1.3,COD,Returned,Vikram Patel,WH-Gurugram (North),North
ORD-11352,CUST-1792,2025-10-23,Respiratory Care,Compressor Nebulizer,4,1101.4,0.2,UPI,Delivered,Priya Sharma,WH-Kolkata (East),East
ORD-11353,CUST-1828,2025-10-08,Surgical & Critical Care,Surgical Electrocautery Unit,2,1731.53,7.4,COD,Delivered,Priya Sharma,WH-Bengaluru (South),South
ORD-11354,CUST-1196,2025-02-07,Diagnostic & Monitoring,Multi-Para Patient Monitor,4,27357.94,6.5,Credit Card,Delivered,Sanjay Verma,WH-Gurugram (North),North
ORD-11355,CUST-1178,2026-05-31,Home Healthcare,Digital Vein Finder,5,29030.25,7.3,UPI,Delivered,Priya Sharma,WH-Gurugram (North),North
ORD-11356,CUST-1595,2026-02-13,Diabetes Care,Insulin Pen Injector,5,18374.77,14.6,Credit Card,Returned,Priya Sharma,WH-Gurugram (North),North
ORD-11357,CUST-1720,2025-03-08,Diabetes Care,Insulin Pump,2,7237.85,7.9,UPI,Returned,Anjali Nair,WH-Bengaluru (South),South
ORD-11358,CUST-1776,2025-11-03,Home Healthcare,Peak Flow Meter,4,32264.01,1.6,UPI,Shipped,Priya Sharma,WH-Bhiwandi (West),West
ORD-11359,CUST-1358,2026-01-10,Surgical & Critical Care,Surgical Electrocautery Unit,1,25444.03,12.4,Net Banking,Delivered,Anjali Nair,WH-Bhiwandi (West),West
ORD-11360,CUST-1980,2026-04-23,Respiratory Care,Suction Machine,5,3584.5,12.6,Net Banking,Returned,Vikram Patel,WH-Kolkata (East),East
ORD-11361,CUST-1287,2025-11-20,Home Healthcare,Electric Heating Pad,5,43927.65,0.3,Net Banking,Delivered,Anjali Nair,WH-Bhiwandi (West),West
ORD-11362,CUST-1234,2024-10-13,Diagnostic & Monitoring,Capnograph Monitor,1,29963.12,11.8,Debit Card,Returned,Anjali Nair,WH-Kolkata (East),East
ORD-11363,CUST-1895,2026-05-02,Home Healthcare,Digital Vein Finder,4,40562.33,6.1,Credit Card,Delivered,Anjali Nair,WH-Bhiwandi (West),West
ORD-11364,CUST-1326,2026-03-23,Sterilization & Lab,UV Sterilizer Box,1,22891.19,13.3,Net Banking,Returned,Priya Sharma,WH-Bhiwandi (West),West
ORD-11365,CUST-1046,2026-04-01,Surgical & Critical Care,LED Surgical OT Light,5,11739.06,9.9,Net Banking,Returned,Sanjay Verma,WH-Bengaluru (South),South
ORD-11366,CUST-1746,2025-09-24,Surgical & Critical Care,Electric Suction Apparatus,2,8583.57,0.0,Credit Card,Delivered,Ramesh Rao,WH-Kolkata (East),East
ORD-11367,CUST-1580,2025-12-11,Diagnostic & Monitoring,Infrared Non-Contact Thermometer,1,13372.46,10.5,Credit Card,Returned,Priya Sharma,WH-Bhiwandi (West),West
ORD-11368,CUST-1240,2026-06-29,Orthopedic & Mobility,Cervical Traction Unit,3,660.64,8.9,UPI,Cancelled,Ramesh Rao,WH-Kolkata (East),East
ORD-11369,CUST-1319,2025-08-18,Diagnostic & Monitoring,Capnograph Monitor,3,7633.13,11.0,Debit Card,Delivered,Ramesh Rao,WH-Bhiwandi (West),West
ORD-11370,CUST-1214,2026-07-19,Home Healthcare,Electric Heating Pad,2,14568.43,3.6,Net Banking,Delivered,Vikram Patel,WH-Kolkata (East),East
ORD-11371,CUST-1207,2025-08-24,Infusion & Vascular,IV Cannula (18G-24G),2,16849.22,4.7,UPI,Processing,Vikram Patel,WH-Bengaluru (South),South
ORD-11372,CUST-1287,2025-10-21,Home Healthcare,Electric Heating Pad,1,20654.77,8.8,Credit Card,Returned,Sanjay Verma,WH-Kolkata (East),East
ORD-11373,CUST-1537,2024-11-18,Respiratory Care,Mesh Nebulizer,5,12126.97,0.6,Net Banking,Delivered,Priya Sharma,WH-Kolkata (East),East
ORD-11374,CUST-1925,2026-06-23,Orthopedic & Mobility,Air Mattress for Bedsores,2,38635.9,11.0,Debit Card,Delivered,Ramesh Rao,WH-Bengaluru (South),South
ORD-11375,CUST-1141,2025-03-30,Diagnostic & Monitoring,Pulse Oximeter,4,17759.57,13.2,Debit Card,Returned,Anjali Nair,WH-Kolkata (East),East
ORD-11376,CUST-1699,2026-06-28,Respiratory Care,Compressor Nebulizer,2,20944.18,11.9,UPI,Shipped,Ramesh Rao,WH-Bhiwandi (West),West
ORD-11377,CUST-1165,2025-09-22,Diagnostic & Monitoring,Continuous Glucose Monitor (CGM),2,8568.23,5.7,Net Banking,Processing,Vikram Patel,WH-Bengaluru (South),South
ORD-11378,CUST-1565,2026-07-16,Orthopedic & Mobility,TENS Physiotherapy Unit,2,44948.83,1.5,COD,Delivered,Anjali Nair,WH-Bhiwandi (West),West
ORD-11379,CUST-1168,2026-07-02,Surgical & Critical Care,Defibrillator & AED,2,29761.95,3.3,Net Banking,Delivered,Vikram Patel,WH-Kolkata (East),East
ORD-11380,CUST-1621,2025-11-21,Diabetes Care,Blood Glucose Meter Kit,1,26290.04,8.3,Credit Card,Cancelled,Sanjay Verma,WH-Bengaluru (South),South
ORD-11381,CUST-1535,2025-03-18,Infusion & Vascular,IV Cannula (18G-24G),1,30926.08,12.4,Net Banking,Cancelled,Anjali Nair,WH-Bhiwandi (West),West
ORD-11382,CUST-1265,2026-05-27,Diagnostic & Monitoring,Continuous Glucose Monitor (CGM),4,40170.21,10.2,Net Banking,Processing,Priya Sharma,WH-Gurugram (North),North
ORD-11383,CUST-1931,2026-06-12,Orthopedic & Mobility,Air Mattress for Bedsores,5,2205.21,7.4,UPI,Returned,Ramesh Rao,WH-Bhiwandi (West),West
ORD-11384,CUST-1433,2026-06-13,Orthopedic & Mobility,Walking Frame with Castors,3,42316.78,8.2,Debit Card,Cancelled,Sanjay Verma,WH-Bengaluru (South),South
ORD-11385,CUST-1483,2026-04-20,Orthopedic & Mobility,TENS Physiotherapy Unit,4,2197.13,10.7,UPI,Cancelled,Ramesh Rao,WH-Bhiwandi (West),West
ORD-11386,CUST-1565,2026-06-26,Orthopedic & Mobility,Walking Frame with Castors,5,23148.93,1.3,UPI,Delivered,Anjali Nair,WH-Bhiwandi (West),West
ORD-11387,CUST-1299,2025-06-12,Respiratory Care,BiPAP Machine,4,23335.49,12.7,Credit Card,Delivered,Ramesh Rao,WH-Bhiwandi (West),West
ORD-11388,CUST-1013,2026-05-07,Surgical & Critical Care,Electric Suction Apparatus,2,41105.59,4.2,Credit Card,Delivered,Ramesh Rao,WH-Bengaluru (South),South
ORD-11389,CUST-1760,2025-08-20,Infusion & Vascular,Volumetric Infusion Pump,3,17881.57,13.4,COD,Shipped,Sanjay Verma,WH-Kolkata (East),East
ORD-11390,CUST-1791,2026-01-31,Surgical & Critical Care,Defibrillator & AED,4,24628.25,8.5,Credit Card,Processing,Ramesh Rao,WH-Gurugram (North),North
ORD-11391,CUST-1074,2025-06-02,Diabetes Care,Lancet Device,5,4488.63,6.6,UPI,Delivered,Sanjay Verma,WH-Kolkata (East),East
ORD-11392,CUST-1691,2026-03-22,Surgical & Critical Care,Surgical Stapler,1,8528.74,13.0,Credit Card,Shipped,Vikram Patel,WH-Bhiwandi (West),West
ORD-11393,CUST-1983,2026-04-13,Diagnostic & Monitoring,Vascular Doppler,3,3035.06,10.8,Credit Card,Returned,Sanjay Verma,WH-Gurugram (North),North
ORD-11394,CUST-1515,2026-07-05,Orthopedic & Mobility,Folding Lightweight Wheelchair,3,19554.68,7.9,Net Banking,Returned,Sanjay Verma,WH-Bhiwandi (West),West
ORD-11395,CUST-1179,2026-04-08,Respiratory Care,High-Flow Nasal Cannula System,3,2527.84,9.3,COD,Delivered,Ramesh Rao,WH-Gurugram (North),North
ORD-11396,CUST-1074,2024-08-27,Infusion & Vascular,IV Cannula (18G-24G),5,20570.11,4.5,COD,Delivered,Priya Sharma,WH-Kolkata (East),East
ORD-11397,CUST-1327,2026-04-05,Diagnostic & Monitoring,Infrared Non-Contact Thermometer,1,25099.4,11.6,Net Banking,Delivered,Anjali Nair,WH-Bengaluru (South),South
ORD-11398,CUST-1460,2026-07-14,Sterilization & Lab,Ultrasound Cleaner,1,34605.08,12.9,Debit Card,Delivered,Vikram Patel,WH-Kolkata (East),East
ORD-11399,CUST-1829,2026-07-10,Home Healthcare,Digital Vein Finder,3,20460.95,6.0,COD,Delivered,Anjali Nair,WH-Gurugram (North),North
ORD-11400,CUST-1652,2025-12-15,Infusion & Vascular,Central Venous Catheter Kit,1,17086.0,6.1,Debit Card,Delivered,Vikram Patel,WH-Bhiwandi (West),West
ORD-11401,CUST-1876,2026-06-15,Respiratory Care,Incentive Spirometer,1,6549.41,3.0,Credit Card,Shipped,Sanjay Verma,WH-Kolkata (East),East
ORD-11402,CUST-1494,2026-01-15,Surgical & Critical Care,Anesthesia Workstation,2,5662.3,0.3,Net Banking,Processing,Ramesh Rao,WH-Kolkata (East),East
ORD-11403,CUST-1935,2025-10-16,Diabetes Care,Insulin Pen Injector,5,14076.93,12.8,Credit Card,Delivered,Anjali Nair,WH-Gurugram (North),North
ORD-11404,CUST-1731,2025-11-19,Sterilization & Lab,Digital Centrifuge Machine,2,24930.12,8.5,COD,Delivered,Sanjay Verma,WH-Bhiwandi (West),West
ORD-11405,CUST-1534,2025-07-16,Respiratory Care,Suction Machine,5,11499.75,10.9,COD,Cancelled,Sanjay Verma,WH-Kolkata (East),East
ORD-11406,CUST-1823,2025-11-09,Infusion & Vascular,Dialysis Catheter,5,19132.15,12.3,Credit Card,Delivered,Sanjay Verma,WH-Bengaluru (South),South
ORD-11407,CUST-1636,2025-09-16,Home Healthcare,Peak Flow Meter,5,27939.47,11.2,UPI,Returned,Ramesh Rao,WH-Bengaluru (South),South
ORD-11408,CUST-1997,2026-07-22,Home Healthcare,Electric Heating Pad,1,4159.42,5.3,COD,Shipped,Vikram Patel,WH-Bhiwandi (West),West
ORD-11409,CUST-1383,2026-01-12,Home Healthcare,Electric Heating Pad,1,3167.0,3.1,Credit Card,Processing,Vikram Patel,WH-Gurugram (North),North
ORD-11410,CUST-1590,2025-03-09,Diabetes Care,Blood Glucose Meter Kit,5,12796.2,3.5,Debit Card,Delivered,Sanjay Verma,WH-Bhiwandi (West),West
ORD-11411,CUST-1621,2025-08-14,Diagnostic & Monitoring,Single-Channel ECG Machine,4,22062.47,10.8,UPI,Cancelled,Sanjay Verma,WH-Kolkata (East),East
ORD-11412,CUST-1642,2026-06-14,Diagnostic & Monitoring,Vascular Doppler,3,27317.27,14.0,UPI,Cancelled,Sanjay Verma,WH-Kolkata (East),East
ORD-11413,CUST-1533,2025-08-16,Infusion & Vascular,Central Venous Catheter Kit,2,30061.36,4.5,UPI,Shipped,Sanjay Verma,WH-Bhiwandi (West),West
ORD-11414,CUST-1676,2025-07-22,Diabetes Care,Blood Glucose Meter Kit,3,17377.84,7.5,UPI,Cancelled,Anjali Nair,WH-Kolkata (East),East
ORD-11415,CUST-1507,2026-04-02,Infusion & Vascular,Syringe Driver Pump,5,41755.9,6.6,UPI,Delivered,Ramesh Rao,WH-Bhiwandi (West),West
ORD-11416,CUST-1132,2026-05-29,Respiratory Care,Portable Oxygen Concentrator (5L),5,17335.96,0.9,UPI,Delivered,Anjali Nair,WH-Bengaluru (South),South
ORD-11417,CUST-1015,2026-05-03,Diagnostic & Monitoring,Digital Otoscope,3,37851.29,9.7,Credit Card,Delivered,Anjali Nair,WH-Bhiwandi (West),West
ORD-11418,CUST-1873,2026-03-17,Respiratory Care,Portable Oxygen Concentrator (5L),2,1240.45,0.4,Net Banking,Delivered,Anjali Nair,WH-Gurugram (North),North
ORD-11419,CUST-1480,2026-07-04,Surgical & Critical Care,Surgical Electrocautery Unit,5,24170.05,13.4,Debit Card,Delivered,Ramesh Rao,WH-Gurugram (North),North
ORD-11420,CUST-1123,2026-01-03,Infusion & Vascular,IV Cannula (18G-24G),4,14321.99,1.5,Credit Card,Delivered,Priya Sharma,WH-Kolkata (East),East
ORD-11421,CUST-1954,2026-04-05,Infusion & Vascular,Dialysis Catheter,2,33521.73,9.9,Net Banking,Shipped,Priya Sharma,WH-Gurugram (North),North
ORD-11422,CUST-1938,2025-10-12,Sterilization & Lab,Tabletop Steam Autoclave,4,26014.87,13.6,Net Banking,Cancelled,Ramesh Rao,WH-Gurugram (North),North
ORD-11423,CUST-1514,2026-07-21,Orthopedic & Mobility,Walking Frame with Castors,1,28381.8,2.9,UPI,Processing,Anjali Nair,WH-Bengaluru (South),South
ORD-11424,CUST-1612,2026-02-16,Surgical & Critical Care,Electric Suction Apparatus,3,24782.13,0.4,UPI,Delivered,Vikram Patel,WH-Bhiwandi (West),West
ORD-11425,CUST-1554,2025-12-16,Diabetes Care,Insulin Pump,4,29884.1,1.2,Credit Card,Cancelled,Ramesh Rao,WH-Kolkata (East),East
ORD-11426,CUST-1610,2026-03-21,Orthopedic & Mobility,Air Mattress for Bedsores,1,43479.27,14.0,Net Banking,Cancelled,Priya Sharma,WH-Bhiwandi (West),West
ORD-11427,CUST-1573,2025-02-24,Diagnostic & Monitoring,Stethoscope (Cardiology Grade),4,34859.69,6.3,COD,Delivered,Anjali Nair,WH-Gurugram (North),North
ORD-11428,CUST-1058,2025-10-23,Diagnostic & Monitoring,Digital Otoscope,1,18390.83,10.0,UPI,Cancelled,Sanjay Verma,WH-Gurugram (North),North
ORD-11429,CUST-1525,2026-07-10,Diagnostic & Monitoring,Fetal Doppler Heart Rate Monitor,5,42871.9,5.6,Credit Card,Returned,Ramesh Rao,WH-Gurugram (North),North
ORD-11430,CUST-1684,2026-07-16,Diagnostic & Monitoring,Digital Spirometer,2,5215.88,5.4,Credit Card,Delivered,Sanjay Verma,WH-Bhiwandi (West),West
ORD-11431,CUST-1869,2025-10-05,Diagnostic & Monitoring,Digital Blood Pressure Monitor,1,29910.61,2.1,Credit Card,Returned,Sanjay Verma,WH-Kolkata (East),East
ORD-11432,CUST-1601,2025-08-05,Orthopedic & Mobility,Air Mattress for Bedsores,1,28205.27,3.2,COD,Processing,Vikram Patel,WH-Gurugram (North),North
ORD-11433,CUST-1615,2025-11-13,Surgical & Critical Care,Anesthesia Workstation,2,9937.51,1.8,Credit Card,Processing,Anjali Nair,WH-Bhiwandi (West),West
ORD-11434,CUST-1503,2026-06-27,Orthopedic & Mobility,Folding Lightweight Wheelchair,3,19138.6,11.5,UPI,Delivered,Anjali Nair,WH-Bengaluru (South),South
ORD-11435,CUST-1013,2026-07-11,Respiratory Care,Incentive Spirometer,3,32045.3,11.3,Debit Card,Shipped,Anjali Nair,WH-Bhiwandi (West),West
ORD-11436,CUST-1483,2026-07-07,Diagnostic & Monitoring,Stethoscope (Cardiology Grade),3,41437.23,10.7,COD,Cancelled,Priya Sharma,WH-Kolkata (East),East
ORD-11437,CUST-1541,2026-07-14,Orthopedic & Mobility,Folding Lightweight Wheelchair,4,6589.86,0.1,Debit Card,Cancelled,Anjali Nair,WH-Gurugram (North),North
ORD-11438,CUST-1291,2026-07-17,Surgical & Critical Care,LED Surgical OT Light,3,24106.25,10.1,Credit Card,Delivered,Vikram Patel,WH-Bengaluru (South),South
ORD-11439,CUST-1326,2026-06-04,Diagnostic & Monitoring,Continuous Glucose Monitor (CGM),2,23638.2,7.2,Credit Card,Delivered,Sanjay Verma,WH-Gurugram (North),North
ORD-11440,CUST-1786,2025-12-24,Diagnostic & Monitoring,Digital Spirometer,4,34405.5,7.2,COD,Processing,Priya Sharma,WH-Gurugram (North),North
ORD-11441,CUST-1154,2026-05-08,Surgical & Critical Care,Surgical Stapler,5,11795.85,4.7,Debit Card,Returned,Anjali Nair,WH-Bengaluru (South),South
ORD-11442,CUST-1582,2026-06-12,Sterilization & Lab,Digital Centrifuge Machine,2,32682.13,1.6,Debit Card,Delivered,Ramesh Rao,WH-Bhiwandi (West),West
ORD-11443,CUST-1450,2026-07-05,Diagnostic & Monitoring,Continuous Glucose Monitor (CGM),3,28776.2,9.1,UPI,Cancelled,Vikram Patel,WH-Bhiwandi (West),West
ORD-11444,CUST-1025,2026-04-04,Orthopedic & Mobility,Cervical Traction Unit,1,26484.84,13.2,UPI,Cancelled,Priya Sharma,WH-Bhiwandi (West),West
ORD-11445,CUST-1255,2025-04-12,Diabetes Care,Blood Glucose Meter Kit,5,41903.08,1.1,UPI,Delivered,Priya Sharma,WH-Kolkata (East),East
ORD-11446,CUST-1668,2026-01-19,Orthopedic & Mobility,Folding Lightweight Wheelchair,1,28207.18,5.9,Net Banking,Delivered,Sanjay Verma,WH-Bhiwandi (West),West
ORD-11447,CUST-1433,2026-07-06,Respiratory Care,Suction Machine,5,27220.38,1.0,COD,Delivered,Anjali Nair,WH-Kolkata (East),East
ORD-11448,CUST-1244,2026-01-06,Diagnostic & Monitoring,Continuous Glucose Monitor (CGM),1,3592.22,10.8,Credit Card,Delivered,Vikram Patel,WH-Bengaluru (South),South
ORD-11449,CUST-1508,2026-03-07,Diagnostic & Monitoring,Vascular Doppler,4,6274.41,9.5,Credit Card,Delivered,Ramesh Rao,WH-Bengaluru (South),South
ORD-11450,CUST-1738,2026-06-09,Respiratory Care,Mesh Nebulizer,2,23803.84,9.2,Credit Card,Returned,Anjali Nair,WH-Bhiwandi (West),West
ORD-11451,CUST-1388,2025-05-16,Diagnostic & Monitoring,Fetal Doppler Heart Rate Monitor,2,41946.83,11.8,Net Banking,Shipped,Vikram Patel,WH-Bhiwandi (West),West
ORD-11452,CUST-1876,2026-06-19,Orthopedic & Mobility,Motorized Wheelchair,5,27632.87,7.6,Debit Card,Delivered,Sanjay Verma,WH-Kolkata (East),East
ORD-11453,CUST-1395,2026-06-12,Sterilization & Lab,Ultrasound Cleaner,3,27188.14,8.2,Net Banking,Delivered,Sanjay Verma,WH-Kolkata (East),East
ORD-11454,CUST-1178,2026-06-12,Diagnostic & Monitoring,Digital Blood Pressure Monitor,1,8221.25,2.0,COD,Delivered,Ramesh Rao,WH-Kolkata (East),East
ORD-11455,CUST-1642,2026-05-26,Infusion & Vascular,Syringe Driver Pump,4,2714.47,9.2,UPI,Shipped,Ramesh Rao,WH-Bengaluru (South),South
ORD-11456,CUST-1680,2026-04-03,Surgical & Critical Care,Pulse Generator Pacemaker,2,20621.86,0.2,UPI,Processing,Priya Sharma,WH-Gurugram (North),North
ORD-11457,CUST-1557,2026-07-20,Surgical & Critical Care,Anesthesia Workstation,4,13558.69,0.9,UPI,Delivered,Priya Sharma,WH-Kolkata (East),East
ORD-11458,CUST-1633,2026-07-01,Surgical & Critical Care,Anesthesia Workstation,5,7185.4,11.2,Credit Card,Delivered,Ramesh Rao,WH-Kolkata (East),East
ORD-11459,CUST-1777,2026-06-19,Orthopedic & Mobility,TENS Physiotherapy Unit,1,27758.07,1.1,Debit Card,Delivered,Priya Sharma,WH-Kolkata (East),East
ORD-11460,CUST-1435,2026-04-12,Surgical & Critical Care,Surgical Electrocautery Unit,5,22962.24,8.6,UPI,Returned,Sanjay Verma,WH-Gurugram (North),North
ORD-11461,CUST-1630,2026-07-09,Diagnostic & Monitoring,Pulse Oximeter,5,9804.59,11.4,Debit Card,Delivered,Sanjay Verma,WH-Kolkata (East),East
ORD-11462,CUST-1697,2026-07-22,Diagnostic & Monitoring,Digital Otoscope,2,15860.41,7.3,UPI,Processing,Ramesh Rao,WH-Gurugram (North),North
ORD-11463,CUST-1558,2026-05-06,Surgical & Critical Care,Pulse Generator Pacemaker,2,2773.73,11.4,COD,Cancelled,Sanjay Verma,WH-Kolkata (East),East
ORD-11464,CUST-1049,2025-03-22,Infusion & Vascular,Dialysis Catheter,3,34343.82,1.1,Credit Card,Delivered,Anjali Nair,WH-Kolkata (East),East
ORD-11465,CUST-1473,2026-01-26,Infusion & Vascular,IV Cannula (18G-24G),3,16510.25,11.3,COD,Cancelled,Vikram Patel,WH-Kolkata (East),East
ORD-11466,CUST-1203,2026-03-21,Diagnostic & Monitoring,Digital Otoscope,2,32826.99,3.8,Credit Card,Delivered,Anjali Nair,WH-Bengaluru (South),South
ORD-11467,CUST-1197,2026-04-13,Respiratory Care,BiPAP Machine,3,6298.89,11.1,Net Banking,Cancelled,Priya Sharma,WH-Kolkata (East),East
ORD-11468,CUST-1145,2026-04-16,Orthopedic & Mobility,Folding Lightweight Wheelchair,2,7751.85,1.2,UPI,Returned,Priya Sharma,WH-Gurugram (North),North
ORD-11469,CUST-1720,2026-05-20,Surgical & Critical Care,LED Surgical OT Light,1,22109.87,12.2,Credit Card,Shipped,Sanjay Verma,WH-Bengaluru (South),South
ORD-11470,CUST-1004,2026-07-16,Respiratory Care,Portable Oxygen Concentrator (5L),3,10641.69,7.4,Credit Card,Shipped,Vikram Patel,WH-Bhiwandi (West),West
ORD-11471,CUST-1234,2025-01-15,Diagnostic & Monitoring,Vascular Doppler,4,9853.22,14.5,Credit Card,Cancelled,Anjali Nair,WH-Gurugram (North),North
ORD-11472,CUST-1303,2025-12-23,Sterilization & Lab,Digital Centrifuge Machine,2,8576.6,12.3,Debit Card,Delivered,Anjali Nair,WH-Bhiwandi (West),West
ORD-11473,CUST-1408,2026-01-29,Diabetes Care,Insulin Pump,2,18851.27,10.9,Net Banking,Cancelled,Anjali Nair,WH-Gurugram (North),North
ORD-11474,CUST-1119,2025-08-30,Diagnostic & Monitoring,Fetal Doppler Heart Rate Monitor,4,37303.57,8.7,UPI,Shipped,Sanjay Verma,WH-Bengaluru (South),South
ORD-11475,CUST-1317,2026-06-04,Diagnostic & Monitoring,Pulse Oximeter,2,35359.51,1.3,COD,Processing,Anjali Nair,WH-Bengaluru (South),South
ORD-11476,CUST-1338,2026-07-22,Diagnostic & Monitoring,Continuous Glucose Monitor (CGM),4,37133.1,9.1,UPI,Cancelled,Priya Sharma,WH-Kolkata (East),East
ORD-11477,CUST-1990,2026-07-14,Sterilization & Lab,UV Sterilizer Box,5,13253.61,14.5,COD,Delivered,Ramesh Rao,WH-Bengaluru (South),South
ORD-11478,CUST-1206,2026-01-06,Sterilization & Lab,UV Sterilizer Box,1,15122.63,8.9,Net Banking,Delivered,Ramesh Rao,WH-Kolkata (East),East
ORD-11479,CUST-1410,2026-07-19,Infusion & Vascular,Central Venous Catheter Kit,3,31751.09,14.2,COD,Processing,Priya Sharma,WH-Bengaluru (South),South
ORD-11480,CUST-1330,2025-05-11,Surgical & Critical Care,Electric Suction Apparatus,4,11633.53,1.1,COD,Processing,Ramesh Rao,WH-Bengaluru (South),South
ORD-11481,CUST-1112,2025-08-26,Home Healthcare,Peak Flow Meter,2,30065.92,7.3,Debit Card,Delivered,Sanjay Verma,WH-Gurugram (North),North
ORD-11482,CUST-1295,2025-03-12,Surgical & Critical Care,LED Surgical OT Light,5,35220.23,4.7,Debit Card,Processing,Sanjay Verma,WH-Kolkata (East),East
ORD-11483,CUST-1475,2025-12-02,Infusion & Vascular,Volumetric Infusion Pump,5,10180.72,12.1,UPI,Delivered,Priya Sharma,WH-Gurugram (North),North
ORD-11484,CUST-1622,2026-01-26,Diagnostic & Monitoring,Digital Spirometer,5,4434.93,14.0,Debit Card,Returned,Anjali Nair,WH-Bengaluru (South),South
ORD-11485,CUST-1649,2026-06-17,Diagnostic & Monitoring,Single-Channel ECG Machine,2,40084.02,13.8,Debit Card,Delivered,Priya Sharma,WH-Kolkata (East),East
ORD-11486,CUST-1318,2026-03-31,Respiratory Care,BiPAP Machine,2,40790.04,3.2,Debit Card,Cancelled,Priya Sharma,WH-Kolkata (East),East
ORD-11487,CUST-1880,2026-03-11,Orthopedic & Mobility,Cervical Traction Unit,3,7503.9,7.4,Credit Card,Delivered,Anjali Nair,WH-Kolkata (East),East
ORD-11488,CUST-1619,2025-08-23,Diagnostic & Monitoring,Capnograph Monitor,2,38416.54,3.5,Debit Card,Delivered,Anjali Nair,WH-Kolkata (East),East
ORD-11489,CUST-1436,2026-06-06,Diabetes Care,Lancet Device,2,18944.42,14.3,Debit Card,Delivered,Priya Sharma,WH-Bhiwandi (West),West
ORD-11490,CUST-1915,2025-06-07,Respiratory Care,High-Flow Nasal Cannula System,4,12542.49,13.6,UPI,Delivered,Anjali Nair,WH-Bhiwandi (West),West
ORD-11491,CUST-1306,2026-07-10,Surgical & Critical Care,Laryngoscope Set,2,37381.92,3.8,Credit Card,Processing,Vikram Patel,WH-Bhiwandi (West),West
ORD-11492,CUST-1757,2026-07-15,Home Healthcare,Peak Flow Meter,4,1795.39,4.5,Credit Card,Delivered,Priya Sharma,WH-Gurugram (North),North
ORD-11493,CUST-1951,2025-04-10,Respiratory Care,Auto CPAP Machine,1,40312.67,4.9,Net Banking,Cancelled,Priya Sharma,WH-Bhiwandi (West),West
ORD-11494,CUST-1704,2025-12-07,Diagnostic & Monitoring,Multi-Para Patient Monitor,3,5099.35,14.7,COD,Processing,Priya Sharma,WH-Bhiwandi (West),West
ORD-11495,CUST-1266,2025-05-26,Infusion & Vascular,IV Cannula (18G-24G),5,13185.31,8.5,COD,Delivered,Ramesh Rao,WH-Gurugram (North),North
ORD-11496,CUST-1155,2026-07-09,Respiratory Care,Incentive Spirometer,5,10031.4,9.1,Credit Card,Delivered,Priya Sharma,WH-Gurugram (North),North
ORD-11497,CUST-1872,2026-07-13,Surgical & Critical Care,Anesthesia Workstation,1,22654.74,7.2,UPI,Delivered,Ramesh Rao,WH-Kolkata (East),East
ORD-11498,CUST-1622,2026-07-12,Surgical & Critical Care,Pulse Generator Pacemaker,2,32358.61,3.9,COD,Processing,Priya Sharma,WH-Gurugram (North),North
ORD-11499,CUST-1750,2025-04-03,Respiratory Care,BiPAP Machine,4,24012.39,10.1,Debit Card,Delivered,Priya Sharma,WH-Bengaluru (South),South
ORD-11500,CUST-1367,2026-05-09,Home Healthcare,Digital Vein Finder,1,44801.84,9.6,Net Banking,Processing,Sanjay Verma,WH-Gurugram (North),North
ORD-11501,CUST-1012,2025-05-16,Surgical & Critical Care,Surgical Electrocautery Unit,5,32690.3,13.1,UPI,Cancelled,Priya Sharma,WH-Bengaluru (South),South
ORD-11502,CUST-1418,2024-12-17,Diagnostic & Monitoring,Digital Blood Pressure Monitor,1,42152.84,7.5,UPI,Delivered,Priya Sharma,WH-Bhiwandi (West),West
ORD-11503,CUST-1141,2025-05-07,Diagnostic & Monitoring,Continuous Glucose Monitor (CGM),5,7930.26,9.8,Net Banking,Delivered,Anjali Nair,WH-Bhiwandi (West),West
ORD-11504,CUST-1357,2026-02-24,Respiratory Care,Mesh Nebulizer,2,15920.97,3.8,Debit Card,Returned,Ramesh Rao,WH-Bhiwandi (West),West
ORD-11505,CUST-1953,2024-10-14,Diagnostic & Monitoring,Stethoscope (Cardiology Grade),3,5739.44,13.6,UPI,Cancelled,Vikram Patel,WH-Bhiwandi (West),West
ORD-11506,CUST-1827,2026-07-05,Orthopedic & Mobility,Cervical Traction Unit,3,29201.21,12.4,Debit Card,Delivered,Sanjay Verma,WH-Bhiwandi (West),West
ORD-11507,CUST-1941,2025-09-30,Diagnostic & Monitoring,Multi-Para Patient Monitor,2,10842.48,4.1,Net Banking,Processing,Vikram Patel,WH-Kolkata (East),East
ORD-11508,CUST-1307,2026-02-23,Diagnostic & Monitoring,Stethoscope (Cardiology Grade),2,12836.31,3.7,Credit Card,Delivered,Ramesh Rao,WH-Kolkata (East),East
ORD-11509,CUST-1030,2026-06-24,Orthopedic & Mobility,Air Mattress for Bedsores,2,7138.61,13.3,Credit Card,Delivered,Anjali Nair,WH-Bengaluru (South),South
ORD-11510,CUST-1007,2026-07-10,Surgical & Critical Care,Surgical Electrocautery Unit,2,28934.04,2.8,COD,Delivered,Vikram Patel,WH-Kolkata (East),East
ORD-11511,CUST-1677,2026-02-25,Diabetes Care,Blood Glucose Meter Kit,4,22278.2,8.0,Debit Card,Delivered,Anjali Nair,WH-Bhiwandi (West),West
ORD-11512,CUST-1040,2025-07-10,Surgical & Critical Care,LED Surgical OT Light,4,21983.46,14.4,Credit Card,Processing,Vikram Patel,WH-Gurugram (North),North
ORD-11513,CUST-1387,2026-07-22,Diagnostic & Monitoring,Continuous Glucose Monitor (CGM),3,14527.91,14.8,Net Banking,Delivered,Priya Sharma,WH-Gurugram (North),North
ORD-11514,CUST-1218,2026-06-05,Orthopedic & Mobility,Motorized Wheelchair,2,7374.75,13.7,Credit Card,Returned,Vikram Patel,WH-Kolkata (East),East
ORD-11515,CUST-1092,2025-12-10,Diagnostic & Monitoring,Digital Spirometer,5,44263.9,8.9,COD,Returned,Anjali Nair,WH-Kolkata (East),East
ORD-11516,CUST-1637,2026-06-05,Respiratory Care,High-Flow Nasal Cannula System,4,30415.55,5.1,Debit Card,Delivered,Ramesh Rao,WH-Kolkata (East),East
ORD-11517,CUST-1041,2026-05-20,Sterilization & Lab,Digital Centrifuge Machine,4,23626.9,4.2,UPI,Cancelled,Sanjay Verma,WH-Gurugram (North),North
ORD-11518,CUST-1525,2026-06-21,Respiratory Care,Suction Machine,3,35650.53,5.5,COD,Delivered,Vikram Patel,WH-Bhiwandi (West),West
ORD-11519,CUST-1040,2026-07-05,Diagnostic & Monitoring,Single-Channel ECG Machine,1,16895.23,7.8,Debit Card,Cancelled,Priya Sharma,WH-Kolkata (East),East
ORD-11520,CUST-1673,2024-12-22,Orthopedic & Mobility,Motorized Wheelchair,5,3866.28,15.0,UPI,Shipped,Anjali Nair,WH-Bengaluru (South),South
ORD-11521,CUST-1752,2026-04-29,Respiratory Care,BiPAP Machine,4,41068.97,4.0,UPI,Delivered,Ramesh Rao,WH-Bengaluru (South),South
ORD-11522,CUST-1650,2026-04-10,Orthopedic & Mobility,Walking Frame with Castors,4,16506.88,12.0,Net Banking,Delivered,Anjali Nair,WH-Kolkata (East),East
ORD-11523,CUST-1180,2025-10-03,Diabetes Care,Blood Glucose Meter Kit,3,8067.99,9.1,Debit Card,Shipped,Anjali Nair,WH-Bengaluru (South),South
ORD-11524,CUST-1531,2026-04-14,Diabetes Care,Insulin Pen Injector,1,1783.71,4.1,Credit Card,Delivered,Anjali Nair,WH-Kolkata (East),East
ORD-11525,CUST-1408,2025-10-29,Diagnostic & Monitoring,Single-Channel ECG Machine,4,21579.08,3.2,Credit Card,Processing,Priya Sharma,WH-Gurugram (North),North
ORD-11526,CUST-1313,2025-12-19,Surgical & Critical Care,Defibrillator & AED,2,36095.21,11.7,UPI,Returned,Priya Sharma,WH-Bengaluru (South),South
ORD-11527,CUST-1315,2025-12-24,Surgical & Critical Care,Surgical Electrocautery Unit,1,39554.64,12.2,UPI,Shipped,Vikram Patel,WH-Gurugram (North),North
ORD-11528,CUST-1694,2026-04-25,Orthopedic & Mobility,Cervical Traction Unit,3,1792.47,1.0,COD,Processing,Priya Sharma,WH-Bengaluru (South),South
ORD-11529,CUST-1373,2026-06-24,Diagnostic & Monitoring,Single-Channel ECG Machine,3,42839.24,2.7,Debit Card,Delivered,Ramesh Rao,WH-Bengaluru (South),South
ORD-11530,CUST-1867,2025-12-28,Diagnostic & Monitoring,Capnograph Monitor,3,20197.48,5.7,UPI,Processing,Priya Sharma,WH-Gurugram (North),North
ORD-11531,CUST-1025,2026-01-22,Respiratory Care,Compressor Nebulizer,5,28252.24,2.7,Debit Card,Shipped,Vikram Patel,WH-Kolkata (East),East
ORD-11532,CUST-1471,2026-07-05,Surgical & Critical Care,Defibrillator & AED,3,18068.43,8.5,UPI,Delivered,Anjali Nair,WH-Gurugram (North),North
ORD-11533,CUST-1853,2026-04-05,Diabetes Care,Lancet Device,2,21798.77,3.0,COD,Returned,Ramesh Rao,WH-Bhiwandi (West),West
ORD-11534,CUST-1859,2026-02-13,Orthopedic & Mobility,Folding Lightweight Wheelchair,1,35441.89,12.3,Debit Card,Delivered,Priya Sharma,WH-Kolkata (East),East
ORD-11535,CUST-1029,2026-02-07,Sterilization & Lab,Digital Centrifuge Machine,1,8776.98,11.8,Net Banking,Delivered,Ramesh Rao,WH-Gurugram (North),North
ORD-11536,CUST-1800,2026-03-15,Respiratory Care,Suction Machine,5,17342.36,3.9,UPI,Delivered,Priya Sharma,WH-Kolkata (East),East
ORD-11537,CUST-1606,2025-08-03,Diabetes Care,Blood Glucose Meter Kit,3,21947.04,7.2,Credit Card,Processing,Priya Sharma,WH-Gurugram (North),North
ORD-11538,CUST-1921,2026-05-02,Home Healthcare,Digital Vein Finder,3,32093.94,2.0,Credit Card,Processing,Sanjay Verma,WH-Kolkata (East),East
ORD-11539,CUST-1240,2026-06-30,Surgical & Critical Care,Surgical Electrocautery Unit,2,35457.99,7.8,Net Banking,Cancelled,Ramesh Rao,WH-Bhiwandi (West),West
ORD-11540,CUST-1084,2026-07-05,Respiratory Care,Incentive Spirometer,3,15566.5,12.1,Credit Card,Processing,Priya Sharma,WH-Gurugram (North),North
ORD-11541,CUST-1661,2025-02-19,Surgical & Critical Care,Defibrillator & AED,5,27941.07,1.1,Credit Card,Returned,Ramesh Rao,WH-Kolkata (East),East
ORD-11542,CUST-1397,2026-04-21,Home Healthcare,Peak Flow Meter,2,27320.9,2.2,UPI,Shipped,Priya Sharma,WH-Kolkata (East),East
ORD-11543,CUST-1543,2026-04-02,Diabetes Care,Insulin Pump,5,23663.57,0.8,UPI,Returned,Priya Sharma,WH-Bhiwandi (West),West
ORD-11544,CUST-1110,2026-07-22,Diabetes Care,Blood Glucose Meter Kit,5,24726.12,14.4,Credit Card,Shipped,Priya Sharma,WH-Bengaluru (South),South
ORD-11545,CUST-1597,2026-07-07,Diagnostic & Monitoring,Continuous Glucose Monitor (CGM),1,28032.15,5.0,UPI,Shipped,Vikram Patel,WH-Bhiwandi (West),West
ORD-11546,CUST-1809,2026-04-09,Diagnostic & Monitoring,Stethoscope (Cardiology Grade),2,42894.29,11.9,Debit Card,Delivered,Priya Sharma,WH-Kolkata (East),East
ORD-11547,CUST-1142,2025-04-18,Respiratory Care,BiPAP Machine,3,29864.07,12.4,UPI,Shipped,Ramesh Rao,WH-Bhiwandi (West),West
ORD-11548,CUST-1457,2026-07-13,Orthopedic & Mobility,Motorized Wheelchair,4,2584.37,7.2,Net Banking,Delivered,Priya Sharma,WH-Kolkata (East),East
ORD-11549,CUST-1394,2026-05-26,Diagnostic & Monitoring,Vascular Doppler,1,12344.17,6.1,Debit Card,Cancelled,Priya Sharma,WH-Kolkata (East),East
ORD-11550,CUST-1823,2025-07-23,Infusion & Vascular,Volumetric Infusion Pump,2,4023.34,5.6,COD,Returned,Sanjay Verma,WH-Bengaluru (South),South
ORD-11551,CUST-1395,2026-07-18,Orthopedic & Mobility,Air Mattress for Bedsores,4,22565.98,10.0,COD,Processing,Anjali Nair,WH-Bhiwandi (West),West
ORD-11552,CUST-1299,2024-11-22,Respiratory Care,Compressor Nebulizer,5,5155.71,11.0,COD,Shipped,Ramesh Rao,WH-Bhiwandi (West),West
ORD-11553,CUST-1687,2026-04-30,Surgical & Critical Care,Pulse Generator Pacemaker,2,12572.2,2.2,Net Banking,Delivered,Anjali Nair,WH-Gurugram (North),North
ORD-11554,CUST-1054,2026-06-08,Orthopedic & Mobility,Walking Frame with Castors,4,41108.28,0.2,Credit Card,Returned,Ramesh Rao,WH-Kolkata (East),East
ORD-11555,CUST-1768,2026-07-10,Sterilization & Lab,Ultrasound Cleaner,4,38747.04,8.5,Net Banking,Delivered,Vikram Patel,WH-Kolkata (East),East
ORD-11556,CUST-1447,2026-05-18,Infusion & Vascular,Syringe Driver Pump,3,38134.38,2.5,Net Banking,Cancelled,Anjali Nair,WH-Bengaluru (South),South
ORD-11557,CUST-1192,2025-11-08,Surgical & Critical Care,Defibrillator & AED,1,39602.66,10.3,Debit Card,Processing,Sanjay Verma,WH-Gurugram (North),North
ORD-11558,CUST-1081,2026-01-06,Respiratory Care,Auto CPAP Machine,4,14205.03,7.2,Credit Card,Delivered,Anjali Nair,WH-Bhiwandi (West),West
ORD-11559,CUST-1164,2026-05-31,Infusion & Vascular,Syringe Driver Pump,2,31497.13,12.2,Net Banking,Shipped,Priya Sharma,WH-Bengaluru (South),South
ORD-11560,CUST-1134,2026-06-28,Surgical & Critical Care,LED Surgical OT Light,1,24953.53,6.6,Credit Card,Cancelled,Ramesh Rao,WH-Bhiwandi (West),West
ORD-11561,CUST-1535,2025-04-02,Surgical & Critical Care,Pulse Generator Pacemaker,1,40961.91,4.1,COD,Delivered,Priya Sharma,WH-Gurugram (North),North
ORD-11562,CUST-1319,2025-12-11,Orthopedic & Mobility,TENS Physiotherapy Unit,2,22723.0,14.7,Debit Card,Returned,Priya Sharma,WH-Bengaluru (South),South
ORD-11563,CUST-1320,2026-06-30,Respiratory Care,Auto CPAP Machine,4,34805.98,6.7,UPI,Cancelled,Anjali Nair,WH-Bhiwandi (West),West
ORD-11564,CUST-1270,2026-07-21,Surgical & Critical Care,Surgical Electrocautery Unit,4,26711.28,7.6,UPI,Delivered,Anjali Nair,WH-Bhiwandi (West),West
ORD-11565,CUST-1116,2025-05-11,Diabetes Care,Blood Glucose Meter Kit,3,31506.94,2.5,Credit Card,Delivered,Ramesh Rao,WH-Bhiwandi (West),West
ORD-11566,CUST-1304,2026-04-08,Diagnostic & Monitoring,Vascular Doppler,2,31569.72,1.9,Debit Card,Cancelled,Priya Sharma,WH-Gurugram (North),North
ORD-11567,CUST-1044,2026-03-20,Surgical & Critical Care,Pulse Generator Pacemaker,2,4012.7,5.2,Net Banking,Shipped,Priya Sharma,WH-Kolkata (East),East
ORD-11568,CUST-1349,2026-02-05,Sterilization & Lab,Ultrasound Cleaner,5,9169.5,8.7,Net Banking,Delivered,Sanjay Verma,WH-Gurugram (North),North
ORD-11569,CUST-1729,2026-02-19,Diagnostic & Monitoring,Capnograph Monitor,4,15833.27,8.1,UPI,Delivered,Sanjay Verma,WH-Bhiwandi (West),West
ORD-11570,CUST-1723,2026-01-06,Infusion & Vascular,Syringe Driver Pump,1,9913.03,5.3,COD,Cancelled,Ramesh Rao,WH-Bengaluru (South),South
ORD-11571,CUST-1465,2025-01-21,Respiratory Care,High-Flow Nasal Cannula System,2,35101.29,10.1,COD,Processing,Anjali Nair,WH-Bhiwandi (West),West
ORD-11572,CUST-1119,2025-07-20,Infusion & Vascular,Central Venous Catheter Kit,5,20876.24,5.1,COD,Returned,Vikram Patel,WH-Bhiwandi (West),West
ORD-11573,CUST-1237,2026-01-09,Respiratory Care,BiPAP Machine,5,32985.7,13.6,Credit Card,Delivered,Sanjay Verma,WH-Bengaluru (South),South
ORD-11574,CUST-1143,2026-07-03,Orthopedic & Mobility,Cervical Traction Unit,4,36452.58,5.3,Debit Card,Shipped,Sanjay Verma,WH-Gurugram (North),North
ORD-11575,CUST-1973,2025-12-12,Respiratory Care,Incentive Spirometer,5,36145.02,4.6,Debit Card,Cancelled,Ramesh Rao,WH-Bhiwandi (West),West
ORD-11576,CUST-1789,2025-04-06,Diagnostic & Monitoring,Vascular Doppler,5,41980.86,4.9,Debit Card,Delivered,Vikram Patel,WH-Kolkata (East),East
ORD-11577,CUST-1215,2026-05-14,Surgical & Critical Care,Surgical Electrocautery Unit,3,32429.85,9.9,Debit Card,Processing,Vikram Patel,WH-Bhiwandi (West),West
ORD-11578,CUST-1227,2026-06-28,Diagnostic & Monitoring,Capnograph Monitor,1,34188.43,8.2,Credit Card,Delivered,Vikram Patel,WH-Gurugram (North),North
ORD-11579,CUST-1979,2025-10-25,Home Healthcare,Digital Vein Finder,1,20850.91,14.7,Debit Card,Delivered,Anjali Nair,WH-Kolkata (East),East
ORD-11580,CUST-1351,2025-07-01,Home Healthcare,Digital Vein Finder,4,14092.41,2.5,COD,Cancelled,Anjali Nair,WH-Bhiwandi (West),West
ORD-11581,CUST-1102,2025-10-21,Sterilization & Lab,Digital Centrifuge Machine,3,44782.81,4.9,Debit Card,Cancelled,Ramesh Rao,WH-Gurugram (North),North
ORD-11582,CUST-1807,2025-05-04,Infusion & Vascular,IV Cannula (18G-24G),4,19353.09,10.0,Credit Card,Returned,Anjali Nair,WH-Bhiwandi (West),West
ORD-11583,CUST-1402,2025-06-17,Diagnostic & Monitoring,Infrared Non-Contact Thermometer,3,14704.16,9.5,UPI,Delivered,Sanjay Verma,WH-Kolkata (East),East
ORD-11584,CUST-1511,2025-04-29,Sterilization & Lab,Digital Centrifuge Machine,3,12345.1,3.1,COD,Processing,Sanjay Verma,WH-Bhiwandi (West),West
ORD-11585,CUST-1667,2026-05-19,Diagnostic & Monitoring,Stethoscope (Cardiology Grade),2,29049.32,14.6,COD,Delivered,Anjali Nair,WH-Kolkata (East),East
ORD-11586,CUST-1677,2026-02-27,Diagnostic & Monitoring,Vascular Doppler,3,33388.03,6.4,Credit Card,Cancelled,Ramesh Rao,WH-Kolkata (East),East
ORD-11587,CUST-1187,2025-08-12,Diagnostic & Monitoring,Fetal Doppler Heart Rate Monitor,1,34229.96,0.4,UPI,Delivered,Anjali Nair,WH-Bhiwandi (West),West
ORD-11588,CUST-1601,2026-02-07,Diagnostic & Monitoring,Infrared Non-Contact Thermometer,5,14289.25,5.0,Credit Card,Cancelled,Anjali Nair,WH-Bengaluru (South),South
ORD-11589,CUST-1769,2024-12-02,Diagnostic & Monitoring,Stethoscope (Cardiology Grade),3,19687.3,4.2,Debit Card,Delivered,Ramesh Rao,WH-Kolkata (East),East
ORD-11590,CUST-1332,2026-06-20,Surgical & Critical Care,Pulse Generator Pacemaker,2,10316.97,2.7,COD,Delivered,Anjali Nair,WH-Gurugram (North),North
ORD-11591,CUST-1789,2025-10-07,Respiratory Care,Suction Machine,3,8282.24,2.2,Net Banking,Processing,Priya Sharma,WH-Gurugram (North),North
ORD-11592,CUST-1489,2026-02-17,Surgical & Critical Care,Anesthesia Workstation,4,4921.7,5.9,COD,Delivered,Ramesh Rao,WH-Bengaluru (South),South
ORD-11593,CUST-1477,2026-07-02,Diagnostic & Monitoring,Digital Otoscope,1,28444.98,11.1,UPI,Delivered,Priya Sharma,WH-Gurugram (North),North
ORD-11594,CUST-1481,2026-02-20,Diabetes Care,Lancet Device,4,25191.08,6.1,Credit Card,Delivered,Vikram Patel,WH-Bengaluru (South),South
ORD-11595,CUST-1997,2026-07-17,Respiratory Care,Incentive Spirometer,2,18384.18,6.3,Credit Card,Processing,Vikram Patel,WH-Bhiwandi (West),West
ORD-11596,CUST-1093,2025-12-06,Respiratory Care,High-Flow Nasal Cannula System,5,24246.45,7.8,Net Banking,Delivered,Sanjay Verma,WH-Kolkata (East),East
ORD-11597,CUST-1940,2026-07-19,Respiratory Care,Auto CPAP Machine,2,29512.02,8.5,Debit Card,Shipped,Anjali Nair,WH-Kolkata (East),East
ORD-11598,CUST-1776,2025-11-14,Surgical & Critical Care,Pulse Generator Pacemaker,3,23551.04,6.0,Debit Card,Shipped,Sanjay Verma,WH-Gurugram (North),North
ORD-11599,CUST-1038,2026-07-03,Infusion & Vascular,Syringe Driver Pump,5,22462.18,10.1,UPI,Shipped,Priya Sharma,WH-Bhiwandi (West),West
ORD-11600,CUST-1034,2026-06-19,Orthopedic & Mobility,TENS Physiotherapy Unit,1,28048.47,7.4,Net Banking,Returned,Ramesh Rao,WH-Bengaluru (South),South
ORD-11601,CUST-1915,2026-03-14,Diabetes Care,Lancet Device,5,30867.0,1.5,UPI,Delivered,Vikram Patel,WH-Bengaluru (South),South
ORD-11602,CUST-1110,2026-07-17,Diagnostic & Monitoring,Digital Spirometer,3,13959.48,10.7,Credit Card,Delivered,Sanjay Verma,WH-Kolkata (East),East
ORD-11603,CUST-1958,2026-06-16,Respiratory Care,Incentive Spirometer,5,40814.1,2.6,Credit Card,Processing,Vikram Patel,WH-Bhiwandi (West),West
ORD-11604,CUST-1678,2026-07-14,Respiratory Care,Portable Oxygen Concentrator (5L),4,18258.1,9.3,Credit Card,Delivered,Ramesh Rao,WH-Bhiwandi (West),West
ORD-11605,CUST-1556,2025-09-14,Diagnostic & Monitoring,Digital Otoscope,3,23304.69,14.0,Debit Card,Delivered,Priya Sharma,WH-Bengaluru (South),South
ORD-11606,CUST-1618,2026-05-20,Respiratory Care,Incentive Spirometer,4,20521.78,6.7,Credit Card,Delivered,Anjali Nair,WH-Kolkata (East),East
ORD-11607,CUST-1715,2025-09-24,Sterilization & Lab,UV Sterilizer Box,3,12528.16,14.3,UPI,Shipped,Priya Sharma,WH-Bengaluru (South),South
ORD-11608,CUST-1540,2026-03-16,Infusion & Vascular,Syringe Driver Pump,1,18319.11,2.5,COD,Processing,Anjali Nair,WH-Bengaluru (South),South
ORD-11609,CUST-1178,2025-11-30,Infusion & Vascular,Dialysis Catheter,4,4867.92,3.1,COD,Cancelled,Ramesh Rao,WH-Gurugram (North),North
ORD-11610,CUST-1227,2026-07-22,Sterilization & Lab,Digital Centrifuge Machine,4,2773.64,3.3,UPI,Delivered,Anjali Nair,WH-Kolkata (East),East
ORD-11611,CUST-1418,2026-07-06,Sterilization & Lab,UV Sterilizer Box,1,44314.07,12.8,COD,Delivered,Vikram Patel,WH-Bengaluru (South),South
ORD-11612,CUST-1915,2025-10-15,Sterilization & Lab,Digital Centrifuge Machine,2,30930.9,7.1,Credit Card,Cancelled,Vikram Patel,WH-Bhiwandi (West),West
ORD-11613,CUST-1826,2026-01-10,Diagnostic & Monitoring,Multi-Para Patient Monitor,4,5822.43,4.2,UPI,Delivered,Anjali Nair,WH-Gurugram (North),North
ORD-11614,CUST-1876,2026-07-06,Surgical & Critical Care,Surgical Stapler,4,35326.68,1.9,UPI,Cancelled,Vikram Patel,WH-Bengaluru (South),South
ORD-11615,CUST-1192,2026-06-12,Diagnostic & Monitoring,Capnograph Monitor,4,4943.83,10.2,COD,Delivered,Anjali Nair,WH-Bengaluru (South),South
ORD-11616,CUST-1302,2026-06-26,Orthopedic & Mobility,Air Mattress for Bedsores,3,26147.98,12.1,Credit Card,Cancelled,Sanjay Verma,WH-Bengaluru (South),South
ORD-11617,CUST-1009,2025-07-10,Surgical & Critical Care,LED Surgical OT Light,1,33176.14,9.4,Net Banking,Delivered,Anjali Nair,WH-Bhiwandi (West),West
ORD-11618,CUST-1156,2026-05-02,Infusion & Vascular,IV Cannula (18G-24G),1,23485.15,10.1,UPI,Returned,Ramesh Rao,WH-Bengaluru (South),South
ORD-11619,CUST-1449,2026-06-18,Home Healthcare,Electric Heating Pad,3,44055.33,13.4,Net Banking,Processing,Sanjay Verma,WH-Bhiwandi (West),West
ORD-11620,CUST-1812,2026-04-09,Sterilization & Lab,Ultrasound Cleaner,3,21317.97,9.6,Net Banking,Delivered,Priya Sharma,WH-Bengaluru (South),South
ORD-11621,CUST-1477,2026-07-07,Home Healthcare,Digital Vein Finder,2,8587.76,1.1,COD,Processing,Priya Sharma,WH-Kolkata (East),East
ORD-11622,CUST-1257,2025-08-17,Orthopedic & Mobility,Cervical Traction Unit,4,23516.27,1.5,Net Banking,Delivered,Sanjay Verma,WH-Bengaluru (South),South
ORD-11623,CUST-1070,2026-07-09,Diagnostic & Monitoring,Pulse Oximeter,4,12732.23,2.9,Net Banking,Delivered,Ramesh Rao,WH-Bengaluru (South),South
ORD-11624,CUST-1378,2026-07-10,Respiratory Care,Mesh Nebulizer,4,14220.86,8.8,COD,Cancelled,Sanjay Verma,WH-Gurugram (North),North
ORD-11625,CUST-1132,2026-07-12,Diagnostic & Monitoring,Capnograph Monitor,1,27488.55,6.8,Net Banking,Delivered,Sanjay Verma,WH-Bengaluru (South),South
ORD-11626,CUST-1443,2025-05-12,Respiratory Care,Compressor Nebulizer,3,21923.19,7.4,Net Banking,Delivered,Sanjay Verma,WH-Bhiwandi (West),West
ORD-11627,CUST-1365,2024-12-01,Respiratory Care,High-Flow Nasal Cannula System,2,35977.92,7.9,COD,Delivered,Anjali Nair,WH-Bengaluru (South),South
ORD-11628,CUST-1984,2025-11-10,Diagnostic & Monitoring,Fetal Doppler Heart Rate Monitor,2,3776.18,4.7,Net Banking,Cancelled,Priya Sharma,WH-Bhiwandi (West),West
ORD-11629,CUST-1902,2026-05-05,Diagnostic & Monitoring,Multi-Para Patient Monitor,5,25490.82,13.5,Debit Card,Cancelled,Sanjay Verma,WH-Gurugram (North),North
ORD-11630,CUST-1558,2026-06-19,Respiratory Care,Compressor Nebulizer,3,38771.52,3.8,COD,Cancelled,Anjali Nair,WH-Bengaluru (South),South
ORD-11631,CUST-1557,2025-03-17,Diagnostic & Monitoring,Fetal Doppler Heart Rate Monitor,4,19896.9,0.3,COD,Delivered,Sanjay Verma,WH-Bhiwandi (West),West
ORD-11632,CUST-1344,2026-06-10,Infusion & Vascular,Central Venous Catheter Kit,1,32760.52,10.8,Credit Card,Delivered,Vikram Patel,WH-Gurugram (North),North
ORD-11633,CUST-1405,2026-06-20,Infusion & Vascular,Central Venous Catheter Kit,2,27070.84,5.3,Debit Card,Processing,Vikram Patel,WH-Gurugram (North),North
ORD-11634,CUST-1192,2026-03-18,Surgical & Critical Care,Laryngoscope Set,2,34295.79,6.7,Net Banking,Returned,Vikram Patel,WH-Gurugram (North),North
ORD-11635,CUST-1200,2026-05-05,Sterilization & Lab,UV Sterilizer Box,3,43886.58,0.2,COD,Delivered,Ramesh Rao,WH-Bhiwandi (West),West
ORD-11636,CUST-1457,2026-06-03,Diabetes Care,Lancet Device,5,41711.79,12.8,Debit Card,Cancelled,Ramesh Rao,WH-Kolkata (East),East
ORD-11637,CUST-1008,2025-11-22,Diagnostic & Monitoring,Stethoscope (Cardiology Grade),2,17093.16,12.8,Debit Card,Shipped,Sanjay Verma,WH-Bhiwandi (West),West
ORD-11638,CUST-1547,2025-08-12,Surgical & Critical Care,Laryngoscope Set,3,34916.91,5.2,Credit Card,Shipped,Ramesh Rao,WH-Bengaluru (South),South
ORD-11639,CUST-1727,2025-11-24,Diagnostic & Monitoring,Infrared Non-Contact Thermometer,2,9417.26,3.0,Net Banking,Shipped,Vikram Patel,WH-Bengaluru (South),South
ORD-11640,CUST-1758,2026-03-20,Surgical & Critical Care,Surgical Stapler,2,14962.46,3.2,Net Banking,Delivered,Ramesh Rao,WH-Bhiwandi (West),West
ORD-11641,CUST-1206,2026-02-25,Infusion & Vascular,Volumetric Infusion Pump,2,25458.31,7.3,COD,Processing,Vikram Patel,WH-Gurugram (North),North
ORD-11642,CUST-1170,2026-07-22,Surgical & Critical Care,Anesthesia Workstation,4,32776.9,6.2,Debit Card,Returned,Ramesh Rao,WH-Gurugram (North),North
ORD-11643,CUST-1850,2025-10-20,Home Healthcare,Peak Flow Meter,4,32516.72,7.9,UPI,Processing,Anjali Nair,WH-Kolkata (East),East
ORD-11644,CUST-1868,2026-06-17,Respiratory Care,Compressor Nebulizer,1,41981.22,7.8,Debit Card,Delivered,Anjali Nair,WH-Gurugram (North),North
ORD-11645,CUST-1686,2026-04-13,Diagnostic & Monitoring,Pulse Oximeter,5,12225.93,0.6,COD,Shipped,Priya Sharma,WH-Bhiwandi (West),West
ORD-11646,CUST-1131,2025-11-04,Surgical & Critical Care,Electric Suction Apparatus,3,31571.23,1.1,Debit Card,Cancelled,Anjali Nair,WH-Bengaluru (South),South
ORD-11647,CUST-1999,2025-08-07,Diagnostic & Monitoring,Fetal Doppler Heart Rate Monitor,5,35266.74,1.4,Net Banking,Shipped,Anjali Nair,WH-Gurugram (North),North
ORD-11648,CUST-1024,2025-12-07,Infusion & Vascular,IV Cannula (18G-24G),1,8482.71,12.3,Debit Card,Delivered,Ramesh Rao,WH-Kolkata (East),East
ORD-11649,CUST-1774,2026-03-18,Orthopedic & Mobility,Cervical Traction Unit,1,13878.55,0.2,Net Banking,Cancelled,Ramesh Rao,WH-Kolkata (East),East
ORD-11650,CUST-1688,2026-02-15,Respiratory Care,Portable Oxygen Concentrator (5L),2,10235.28,10.4,Credit Card,Shipped,Vikram Patel,WH-Bengaluru (South),South
ORD-11651,CUST-1609,2025-11-05,Infusion & Vascular,Volumetric Infusion Pump,2,6160.54,8.7,Credit Card,Processing,Ramesh Rao,WH-Bhiwandi (West),West
ORD-11652,CUST-1873,2026-02-16,Diagnostic & Monitoring,Continuous Glucose Monitor (CGM),2,34105.81,4.0,UPI,Delivered,Anjali Nair,WH-Bengaluru (South),South
ORD-11653,CUST-1306,2026-07-17,Respiratory Care,Compressor Nebulizer,1,36000.83,4.2,Credit Card,Processing,Ramesh Rao,WH-Bhiwandi (West),West
ORD-11654,CUST-1134,2025-06-14,Respiratory Care,Suction Machine,5,33625.28,4.7,COD,Delivered,Vikram Patel,WH-Bengaluru (South),South
ORD-11655,CUST-1647,2026-07-22,Infusion & Vascular,Volumetric Infusion Pump,3,21939.38,13.7,Net Banking,Cancelled,Priya Sharma,WH-Gurugram (North),North
ORD-11656,CUST-1124,2026-05-07,Infusion & Vascular,Dialysis Catheter,1,18485.18,9.4,Credit Card,Cancelled,Sanjay Verma,WH-Bengaluru (South),South
ORD-11657,CUST-1857,2026-04-26,Home Healthcare,Peak Flow Meter,1,5759.26,1.1,UPI,Delivered,Vikram Patel,WH-Bengaluru (South),South
ORD-11658,CUST-1562,2026-05-22,Infusion & Vascular,Central Venous Catheter Kit,5,41135.27,3.3,Debit Card,Cancelled,Sanjay Verma,WH-Kolkata (East),East
ORD-11659,CUST-1936,2025-09-10,Infusion & Vascular,Central Venous Catheter Kit,2,8735.61,2.6,COD,Processing,Sanjay Verma,WH-Gurugram (North),North
ORD-11660,CUST-1528,2025-10-17,Surgical & Critical Care,LED Surgical OT Light,2,43731.65,5.1,Credit Card,Cancelled,Sanjay Verma,WH-Bhiwandi (West),West
ORD-11661,CUST-1187,2025-01-29,Orthopedic & Mobility,Cervical Traction Unit,2,36585.85,1.5,Net Banking,Delivered,Sanjay Verma,WH-Bhiwandi (West),West
ORD-11662,CUST-1218,2026-05-29,Diagnostic & Monitoring,Multi-Para Patient Monitor,1,15468.76,7.4,Net Banking,Returned,Anjali Nair,WH-Gurugram (North),North
ORD-11663,CUST-1562,2026-06-28,Diagnostic & Monitoring,Digital Otoscope,1,7417.47,10.7,Net Banking,Cancelled,Ramesh Rao,WH-Bhiwandi (West),West
ORD-11664,CUST-1136,2025-08-22,Home Healthcare,Electric Heating Pad,4,13652.13,0.3,COD,Returned,Sanjay Verma,WH-Kolkata (East),East
ORD-11665,CUST-1179,2026-02-09,Diabetes Care,Blood Glucose Meter Kit,5,35956.96,8.6,UPI,Delivered,Ramesh Rao,WH-Gurugram (North),North
ORD-11666,CUST-1393,2026-06-28,Diagnostic & Monitoring,Fetal Doppler Heart Rate Monitor,2,3401.38,9.5,Credit Card,Delivered,Ramesh Rao,WH-Kolkata (East),East
ORD-11667,CUST-1718,2026-07-08,Infusion & Vascular,IV Cannula (18G-24G),4,43095.2,12.5,Credit Card,Delivered,Sanjay Verma,WH-Kolkata (East),East
ORD-11668,CUST-1141,2025-12-16,Sterilization & Lab,Tabletop Steam Autoclave,5,26321.03,11.5,Net Banking,Shipped,Ramesh Rao,WH-Kolkata (East),East
ORD-11669,CUST-1719,2026-05-18,Diagnostic & Monitoring,Vascular Doppler,1,15999.33,1.5,UPI,Shipped,Sanjay Verma,WH-Kolkata (East),East
ORD-11670,CUST-1736,2026-07-11,Diabetes Care,Lancet Device,3,11808.26,1.4,COD,Delivered,Ramesh Rao,WH-Bengaluru (South),South
ORD-11671,CUST-1273,2026-03-05,Diagnostic & Monitoring,Fetal Doppler Heart Rate Monitor,4,5524.79,13.5,Net Banking,Cancelled,Anjali Nair,WH-Bengaluru (South),South
ORD-11672,CUST-1080,2026-04-18,Diagnostic & Monitoring,Digital Spirometer,4,41433.03,5.9,Debit Card,Cancelled,Anjali Nair,WH-Kolkata (East),East
ORD-11673,CUST-1204,2025-04-27,Diagnostic & Monitoring,Capnograph Monitor,1,23283.17,0.4,Net Banking,Processing,Sanjay Verma,WH-Bengaluru (South),South
ORD-11674,CUST-1657,2026-05-15,Surgical & Critical Care,Laryngoscope Set,2,11732.25,9.5,Net Banking,Shipped,Vikram Patel,WH-Gurugram (North),North
ORD-11675,CUST-1127,2026-03-23,Surgical & Critical Care,LED Surgical OT Light,5,38706.21,11.4,UPI,Delivered,Ramesh Rao,WH-Kolkata (East),East
ORD-11676,CUST-1988,2025-11-16,Sterilization & Lab,UV Sterilizer Box,3,14678.43,6.7,Net Banking,Returned,Sanjay Verma,WH-Kolkata (East),East
ORD-11677,CUST-1607,2026-05-13,Diabetes Care,Insulin Pen Injector,3,40676.23,7.4,UPI,Shipped,Priya Sharma,WH-Bhiwandi (West),West
ORD-11678,CUST-1364,2026-06-19,Orthopedic & Mobility,Air Mattress for Bedsores,3,1988.03,8.8,Debit Card,Delivered,Vikram Patel,WH-Bhiwandi (West),West
ORD-11679,CUST-1786,2026-06-13,Home Healthcare,Peak Flow Meter,3,6483.34,3.7,Net Banking,Returned,Ramesh Rao,WH-Gurugram (North),North
ORD-11680,CUST-1480,2026-07-17,Orthopedic & Mobility,Walking Frame with Castors,5,7391.64,14.5,Net Banking,Cancelled,Sanjay Verma,WH-Gurugram (North),North
ORD-11681,CUST-1690,2026-05-17,Diagnostic & Monitoring,Capnograph Monitor,1,5185.78,13.3,Credit Card,Delivered,Priya Sharma,WH-Bengaluru (South),South
ORD-11682,CUST-1357,2025-09-06,Respiratory Care,Suction Machine,5,5339.16,5.0,Net Banking,Delivered,Anjali Nair,WH-Gurugram (North),North
ORD-11683,CUST-1322,2026-03-23,Diagnostic & Monitoring,Fetal Doppler Heart Rate Monitor,4,42528.97,12.1,Credit Card,Delivered,Priya Sharma,WH-Bengaluru (South),South
ORD-11684,CUST-1140,2025-09-18,Sterilization & Lab,Digital Centrifuge Machine,4,16599.1,14.0,Debit Card,Returned,Priya Sharma,WH-Gurugram (North),North
ORD-11685,CUST-1185,2026-07-03,Orthopedic & Mobility,Walking Frame with Castors,2,13553.66,9.4,Credit Card,Shipped,Vikram Patel,WH-Bhiwandi (West),West
ORD-11686,CUST-1318,2026-02-11,Sterilization & Lab,Tabletop Steam Autoclave,1,19899.43,3.4,Debit Card,Shipped,Anjali Nair,WH-Gurugram (North),North
ORD-11687,CUST-1768,2026-07-18,Diagnostic & Monitoring,Digital Spirometer,3,21821.23,4.5,Credit Card,Delivered,Anjali Nair,WH-Kolkata (East),East
ORD-11688,CUST-1391,2026-06-12,Home Healthcare,Peak Flow Meter,4,7536.34,12.0,UPI,Processing,Anjali Nair,WH-Bengaluru (South),South
ORD-11689,CUST-1108,2025-05-20,Respiratory Care,High-Flow Nasal Cannula System,2,26588.52,1.3,COD,Processing,Priya Sharma,WH-Bhiwandi (West),West
ORD-11690,CUST-1299,2025-05-04,Surgical & Critical Care,Surgical Electrocautery Unit,2,8245.53,11.1,Net Banking,Returned,Sanjay Verma,WH-Gurugram (North),North
ORD-11691,CUST-1873,2025-05-26,Infusion & Vascular,Central Venous Catheter Kit,1,10363.9,6.6,COD,Returned,Sanjay Verma,WH-Gurugram (North),North
ORD-11692,CUST-1438,2026-06-12,Diagnostic & Monitoring,Stethoscope (Cardiology Grade),2,36839.69,13.4,Net Banking,Delivered,Ramesh Rao,WH-Bhiwandi (West),West
ORD-11693,CUST-1096,2026-03-02,Surgical & Critical Care,Anesthesia Workstation,2,28149.13,9.2,UPI,Shipped,Ramesh Rao,WH-Gurugram (North),North
ORD-11694,CUST-1681,2026-01-11,Orthopedic & Mobility,Motorized Wheelchair,1,18938.57,4.5,UPI,Delivered,Sanjay Verma,WH-Gurugram (North),North
ORD-11695,CUST-1206,2025-10-04,Orthopedic & Mobility,Cervical Traction Unit,1,27533.45,6.2,Net Banking,Cancelled,Sanjay Verma,WH-Gurugram (North),North
ORD-11696,CUST-1692,2025-04-08,Diabetes Care,Lancet Device,1,16909.93,14.9,Net Banking,Delivered,Anjali Nair,WH-Kolkata (East),East
ORD-11697,CUST-1792,2026-06-19,Sterilization & Lab,Ultrasound Cleaner,5,19811.66,9.6,Debit Card,Processing,Ramesh Rao,WH-Bhiwandi (West),West
ORD-11698,CUST-1240,2026-07-14,Sterilization & Lab,UV Sterilizer Box,5,8586.47,12.1,COD,Delivered,Vikram Patel,WH-Bhiwandi (West),West
ORD-11699,CUST-1506,2025-06-25,Home Healthcare,Peak Flow Meter,4,21795.6,9.0,UPI,Processing,Priya Sharma,WH-Kolkata (East),East
ORD-11700,CUST-1427,2026-03-11,Surgical & Critical Care,LED Surgical OT Light,2,9135.01,7.0,UPI,Processing,Priya Sharma,WH-Bhiwandi (West),West
ORD-11701,CUST-1773,2026-03-09,Diabetes Care,Lancet Device,5,2214.64,9.5,UPI,Delivered,Ramesh Rao,WH-Bhiwandi (West),West
ORD-11702,CUST-1511,2026-07-09,Infusion & Vascular,Central Venous Catheter Kit,2,36785.18,13.2,COD,Processing,Anjali Nair,WH-Gurugram (North),North
ORD-11703,CUST-1926,2026-03-12,Respiratory Care,BiPAP Machine,5,39817.05,8.2,Net Banking,Delivered,Ramesh Rao,WH-Gurugram (North),North
ORD-11704,CUST-1316,2025-08-16,Diagnostic & Monitoring,Digital Otoscope,1,26044.78,14.9,Debit Card,Processing,Priya Sharma,WH-Bengaluru (South),South
ORD-11705,CUST-1527,2026-07-09,Diabetes Care,Insulin Pen Injector,4,13947.35,12.3,Net Banking,Cancelled,Priya Sharma,WH-Kolkata (East),East
ORD-11706,CUST-1610,2026-06-17,Orthopedic & Mobility,Air Mattress for Bedsores,5,34454.25,10.0,Net Banking,Cancelled,Vikram Patel,WH-Gurugram (North),North
ORD-11707,CUST-1855,2025-12-19,Orthopedic & Mobility,Walking Frame with Castors,1,1892.62,7.8,Net Banking,Shipped,Priya Sharma,WH-Bengaluru (South),South
ORD-11708,CUST-1445,2025-09-19,Diagnostic & Monitoring,Infrared Non-Contact Thermometer,4,12842.87,13.8,UPI,Processing,Sanjay Verma,WH-Bengaluru (South),South
ORD-11709,CUST-1451,2026-05-31,Diagnostic & Monitoring,Stethoscope (Cardiology Grade),3,20866.29,3.6,COD,Processing,Anjali Nair,WH-Bhiwandi (West),West
ORD-11710,CUST-1331,2025-10-21,Diagnostic & Monitoring,Single-Channel ECG Machine,2,12607.44,0.7,Credit Card,Delivered,Sanjay Verma,WH-Gurugram (North),North
ORD-11711,CUST-1538,2026-05-27,Infusion & Vascular,Syringe Driver Pump,5,28131.76,5.3,COD,Shipped,Anjali Nair,WH-Bhiwandi (West),West
ORD-11712,CUST-1693,2025-07-26,Diabetes Care,Insulin Pen Injector,4,13044.62,4.7,COD,Delivered,Sanjay Verma,WH-Kolkata (East),East
ORD-11713,CUST-1101,2026-06-19,Diabetes Care,Lancet Device,3,19981.66,12.9,COD,Delivered,Vikram Patel,WH-Gurugram (North),North
ORD-11714,CUST-1754,2026-07-10,Surgical & Critical Care,LED Surgical OT Light,2,35011.95,6.5,Credit Card,Shipped,Anjali Nair,WH-Bhiwandi (West),West
ORD-11715,CUST-1372,2025-08-08,Surgical & Critical Care,Defibrillator & AED,3,37302.9,7.0,Net Banking,Delivered,Sanjay Verma,WH-Bhiwandi (West),West
ORD-11716,CUST-1749,2025-10-09,Home Healthcare,Peak Flow Meter,3,30879.32,13.7,Credit Card,Delivered,Priya Sharma,WH-Bengaluru (South),South
ORD-11717,CUST-1325,2026-02-13,Surgical & Critical Care,Electric Suction Apparatus,5,30607.61,13.2,COD,Cancelled,Vikram Patel,WH-Bhiwandi (West),West
ORD-11718,CUST-1140,2026-04-21,Diagnostic & Monitoring,Digital Otoscope,1,14935.13,3.2,Credit Card,Delivered,Priya Sharma,WH-Bhiwandi (West),West
ORD-11719,CUST-1319,2026-03-05,Diagnostic & Monitoring,Fetal Doppler Heart Rate Monitor,4,3934.92,9.3,Debit Card,Delivered,Vikram Patel,WH-Bengaluru (South),South
ORD-11720,CUST-1605,2026-05-21,Orthopedic & Mobility,Walking Frame with Castors,1,13815.64,13.8,Debit Card,Delivered,Ramesh Rao,WH-Bengaluru (South),South
ORD-11721,CUST-1483,2025-10-14,Diagnostic & Monitoring,Pulse Oximeter,3,30597.43,0.2,Credit Card,Shipped,Sanjay Verma,WH-Bengaluru (South),South
ORD-11722,CUST-1656,2025-08-26,Diagnostic & Monitoring,Stethoscope (Cardiology Grade),2,28237.83,0.1,Net Banking,Returned,Sanjay Verma,WH-Gurugram (North),North
ORD-11723,CUST-1856,2025-11-19,Infusion & Vascular,Dialysis Catheter,2,32286.23,13.8,UPI,Delivered,Ramesh Rao,WH-Kolkata (East),East
ORD-11724,CUST-1559,2025-10-02,Surgical & Critical Care,Laryngoscope Set,3,18347.31,10.3,Net Banking,Delivered,Ramesh Rao,WH-Bhiwandi (West),West
ORD-11725,CUST-1492,2026-06-13,Surgical & Critical Care,Anesthesia Workstation,5,7510.33,11.5,Debit Card,Delivered,Priya Sharma,WH-Bhiwandi (West),West
ORD-11726,CUST-1365,2025-03-04,Surgical & Critical Care,Surgical Electrocautery Unit,5,9085.66,13.0,Net Banking,Delivered,Ramesh Rao,WH-Bengaluru (South),South
ORD-11727,CUST-1893,2026-03-25,Respiratory Care,Suction Machine,2,14738.34,6.1,Debit Card,Shipped,Vikram Patel,WH-Gurugram (North),North
ORD-11728,CUST-1779,2026-04-27,Surgical & Critical Care,LED Surgical OT Light,3,13353.73,4.8,Debit Card,Shipped,Priya Sharma,WH-Bhiwandi (West),West
ORD-11729,CUST-1760,2025-10-12,Respiratory Care,Suction Machine,1,40524.17,13.8,Net Banking,Returned,Ramesh Rao,WH-Bhiwandi (West),West
ORD-11730,CUST-1525,2026-03-07,Home Healthcare,Digital Vein Finder,1,43787.71,4.1,Debit Card,Delivered,Ramesh Rao,WH-Bengaluru (South),South
ORD-11731,CUST-1516,2025-06-01,Diagnostic & Monitoring,Digital Otoscope,4,27299.56,7.9,Credit Card,Cancelled,Anjali Nair,WH-Bhiwandi (West),West
ORD-11732,CUST-1840,2026-06-12,Infusion & Vascular,Dialysis Catheter,2,28313.43,0.2,Debit Card,Delivered,Anjali Nair,WH-Bhiwandi (West),West
ORD-11733,CUST-1246,2026-02-07,Surgical & Critical Care,Anesthesia Workstation,1,2839.82,8.6,UPI,Delivered,Anjali Nair,WH-Gurugram (North),North
ORD-11734,CUST-1230,2026-07-17,Respiratory Care,Auto CPAP Machine,3,5047.14,5.4,Net Banking,Delivered,Sanjay Verma,WH-Gurugram (North),North
ORD-11735,CUST-1003,2026-06-23,Surgical & Critical Care,Laryngoscope Set,3,8159.35,4.8,Net Banking,Shipped,Vikram Patel,WH-Gurugram (North),North
ORD-11736,CUST-1639,2026-02-25,Sterilization & Lab,UV Sterilizer Box,5,11415.7,10.3,Net Banking,Cancelled,Ramesh Rao,WH-Bhiwandi (West),West
ORD-11737,CUST-1101,2026-06-23,Respiratory Care,High-Flow Nasal Cannula System,1,24339.5,2.6,COD,Delivered,Priya Sharma,WH-Gurugram (North),North
ORD-11738,CUST-1449,2026-06-13,Infusion & Vascular,Volumetric Infusion Pump,2,20784.43,7.5,Credit Card,Returned,Ramesh Rao,WH-Bengaluru (South),South
ORD-11739,CUST-1826,2024-10-30,Diagnostic & Monitoring,Capnograph Monitor,3,39588.68,11.3,Credit Card,Delivered,Vikram Patel,WH-Bhiwandi (West),West
ORD-11740,CUST-1762,2026-05-30,Diabetes Care,Insulin Pen Injector,4,36788.58,2.8,UPI,Returned,Anjali Nair,WH-Gurugram (North),North
ORD-11741,CUST-1195,2026-03-02,Orthopedic & Mobility,Walking Frame with Castors,4,1977.13,5.2,Debit Card,Delivered,Anjali Nair,WH-Bhiwandi (West),West
ORD-11742,CUST-1040,2026-03-24,Respiratory Care,Incentive Spirometer,1,28863.18,14.8,Net Banking,Delivered,Priya Sharma,WH-Bengaluru (South),South
ORD-11743,CUST-1097,2026-04-15,Orthopedic & Mobility,TENS Physiotherapy Unit,4,4608.5,5.7,COD,Processing,Anjali Nair,WH-Bengaluru (South),South
ORD-11744,CUST-1636,2025-09-26,Surgical & Critical Care,Laryngoscope Set,4,30897.16,8.6,Debit Card,Shipped,Ramesh Rao,WH-Kolkata (East),East
ORD-11745,CUST-1144,2025-10-12,Diabetes Care,Insulin Pump,1,41399.13,13.5,UPI,Processing,Priya Sharma,WH-Gurugram (North),North
ORD-11746,CUST-1167,2026-06-05,Surgical & Critical Care,Surgical Electrocautery Unit,2,36823.32,4.3,Net Banking,Returned,Priya Sharma,WH-Bengaluru (South),South
ORD-11747,CUST-1954,2025-12-03,Respiratory Care,Portable Oxygen Concentrator (5L),4,17752.22,1.3,Net Banking,Cancelled,Sanjay Verma,WH-Bhiwandi (West),West
ORD-11748,CUST-1336,2025-09-15,Orthopedic & Mobility,Motorized Wheelchair,3,1474.31,2.3,Debit Card,Processing,Vikram Patel,WH-Gurugram (North),North
ORD-11749,CUST-1216,2026-03-07,Orthopedic & Mobility,Walking Frame with Castors,2,41653.3,3.7,UPI,Delivered,Vikram Patel,WH-Bengaluru (South),South
ORD-11750,CUST-1054,2026-07-16,Surgical & Critical Care,Anesthesia Workstation,3,38533.0,4.1,COD,Delivered,Sanjay Verma,WH-Bengaluru (South),South
ORD-11751,CUST-1781,2025-10-11,Diagnostic & Monitoring,Digital Spirometer,4,32404.39,14.2,UPI,Shipped,Sanjay Verma,WH-Bhiwandi (West),West
ORD-11752,CUST-1658,2026-04-04,Diagnostic & Monitoring,Fetal Doppler Heart Rate Monitor,1,7013.55,6.3,COD,Delivered,Vikram Patel,WH-Bhiwandi (West),West
ORD-11753,CUST-1190,2026-06-21,Sterilization & Lab,UV Sterilizer Box,2,11393.69,0.4,UPI,Processing,Vikram Patel,WH-Gurugram (North),North
ORD-11754,CUST-1780,2025-08-13,Respiratory Care,High-Flow Nasal Cannula System,2,5059.43,1.8,COD,Delivered,Ramesh Rao,WH-Kolkata (East),East
ORD-11755,CUST-1742,2026-05-12,Orthopedic & Mobility,TENS Physiotherapy Unit,3,1586.65,6.9,UPI,Delivered,Priya Sharma,WH-Bhiwandi (West),West
ORD-11756,CUST-1080,2026-03-23,Infusion & Vascular,IV Cannula (18G-24G),2,41786.93,10.0,COD,Delivered,Priya Sharma,WH-Kolkata (East),East
ORD-11757,CUST-1457,2025-09-25,Orthopedic & Mobility,Motorized Wheelchair,4,19968.71,3.6,Debit Card,Returned,Anjali Nair,WH-Gurugram (North),North
ORD-11758,CUST-1843,2026-07-08,Sterilization & Lab,Tabletop Steam Autoclave,2,28300.93,5.3,Net Banking,Delivered,Anjali Nair,WH-Gurugram (North),North
ORD-11759,CUST-1416,2026-06-28,Respiratory Care,High-Flow Nasal Cannula System,5,3549.8,4.6,UPI,Delivered,Ramesh Rao,WH-Kolkata (East),East
ORD-11760,CUST-1140,2026-07-22,Infusion & Vascular,Syringe Driver Pump,1,3775.8,0.5,UPI,Shipped,Ramesh Rao,WH-Bhiwandi (West),West
ORD-11761,CUST-1463,2025-10-25,Sterilization & Lab,Digital Centrifuge Machine,2,33042.05,0.4,COD,Delivered,Sanjay Verma,WH-Kolkata (East),East
ORD-11762,CUST-1401,2026-07-09,Respiratory Care,Portable Oxygen Concentrator (5L),5,37071.75,5.2,Net Banking,Delivered,Priya Sharma,WH-Bhiwandi (West),West
ORD-11763,CUST-1182,2025-10-02,Sterilization & Lab,UV Sterilizer Box,5,35494.91,11.7,COD,Delivered,Priya Sharma,WH-Bhiwandi (West),West
ORD-11764,CUST-1315,2025-12-27,Diagnostic & Monitoring,Pulse Oximeter,4,5555.35,14.5,COD,Delivered,Ramesh Rao,WH-Kolkata (East),East
ORD-11765,CUST-1419,2026-06-03,Surgical & Critical Care,Pulse Generator Pacemaker,2,10836.09,0.8,Net Banking,Shipped,Anjali Nair,WH-Bhiwandi (West),West
ORD-11766,CUST-1997,2026-07-15,Orthopedic & Mobility,Air Mattress for Bedsores,2,40477.14,4.2,Net Banking,Processing,Ramesh Rao,WH-Bhiwandi (West),West
ORD-11767,CUST-1412,2026-07-07,Diagnostic & Monitoring,Stethoscope (Cardiology Grade),3,11357.5,0.4,COD,Delivered,Vikram Patel,WH-Bhiwandi (West),West
ORD-11768,CUST-1509,2026-06-04,Infusion & Vascular,Dialysis Catheter,3,44580.79,4.1,Credit Card,Delivered,Vikram Patel,WH-Bhiwandi (West),West
ORD-11769,CUST-1350,2026-03-13,Surgical & Critical Care,LED Surgical OT Light,2,26790.84,2.5,COD,Shipped,Sanjay Verma,WH-Kolkata (East),East
ORD-11770,CUST-1662,2026-04-22,Respiratory Care,Incentive Spirometer,3,24741.76,12.7,UPI,Cancelled,Priya Sharma,WH-Kolkata (East),East
ORD-11771,CUST-1211,2025-08-01,Respiratory Care,Compressor Nebulizer,2,2485.74,7.5,Net Banking,Returned,Ramesh Rao,WH-Gurugram (North),North
ORD-11772,CUST-1248,2025-08-16,Diagnostic & Monitoring,Fetal Doppler Heart Rate Monitor,3,15949.95,8.3,COD,Delivered,Anjali Nair,WH-Bhiwandi (West),West
ORD-11773,CUST-1149,2025-12-24,Diagnostic & Monitoring,Continuous Glucose Monitor (CGM),2,38298.55,10.8,Net Banking,Cancelled,Ramesh Rao,WH-Kolkata (East),East
ORD-11774,CUST-1949,2026-05-30,Diagnostic & Monitoring,Fetal Doppler Heart Rate Monitor,2,40227.84,4.7,Debit Card,Delivered,Anjali Nair,WH-Kolkata (East),East
ORD-11775,CUST-1666,2025-12-19,Orthopedic & Mobility,Walking Frame with Castors,4,32699.24,9.5,Net Banking,Delivered,Priya Sharma,WH-Kolkata (East),East
ORD-11776,CUST-1479,2024-11-15,Orthopedic & Mobility,Walking Frame with Castors,3,6928.55,8.9,Debit Card,Delivered,Sanjay Verma,WH-Bengaluru (South),South
ORD-11777,CUST-1602,2025-09-16,Respiratory Care,BiPAP Machine,5,12552.92,7.5,COD,Delivered,Vikram Patel,WH-Kolkata (East),East
ORD-11778,CUST-1665,2026-06-02,Infusion & Vascular,Dialysis Catheter,4,25940.1,9.6,UPI,Processing,Sanjay Verma,WH-Gurugram (North),North
ORD-11779,CUST-1149,2025-09-06,Surgical & Critical Care,Surgical Electrocautery Unit,5,21879.85,10.6,Debit Card,Processing,Priya Sharma,WH-Kolkata (East),East
ORD-11780,CUST-1292,2025-09-16,Diagnostic & Monitoring,Fetal Doppler Heart Rate Monitor,4,42433.66,2.9,UPI,Shipped,Sanjay Verma,WH-Kolkata (East),East
ORD-11781,CUST-1817,2026-06-25,Diagnostic & Monitoring,Vascular Doppler,3,2519.08,2.0,Net Banking,Returned,Sanjay Verma,WH-Gurugram (North),North
ORD-11782,CUST-1914,2025-12-09,Surgical & Critical Care,Laryngoscope Set,3,33868.74,7.1,Credit Card,Delivered,Ramesh Rao,WH-Gurugram (North),North
ORD-11783,CUST-1019,2026-06-23,Home Healthcare,Electric Heating Pad,1,9189.64,13.7,COD,Shipped,Ramesh Rao,WH-Bengaluru (South),South
ORD-11784,CUST-1142,2025-03-02,Respiratory Care,Suction Machine,2,16290.2,0.5,Debit Card,Delivered,Sanjay Verma,WH-Kolkata (East),East
ORD-11785,CUST-1581,2026-06-16,Respiratory Care,High-Flow Nasal Cannula System,4,29414.38,9.7,Credit Card,Delivered,Ramesh Rao,WH-Gurugram (North),North
ORD-11786,CUST-1227,2025-12-30,Diagnostic & Monitoring,Vascular Doppler,4,9279.26,10.0,COD,Delivered,Sanjay Verma,WH-Gurugram (North),North
ORD-11787,CUST-1193,2026-01-14,Diabetes Care,Lancet Device,4,4211.49,5.0,UPI,Delivered,Priya Sharma,WH-Bhiwandi (West),West
ORD-11788,CUST-1774,2026-03-31,Infusion & Vascular,Central Venous Catheter Kit,3,33566.36,1.5,COD,Returned,Vikram Patel,WH-Gurugram (North),North
ORD-11789,CUST-1316,2026-05-23,Orthopedic & Mobility,Walking Frame with Castors,2,38636.31,14.4,Credit Card,Processing,Priya Sharma,WH-Bengaluru (South),South
ORD-11790,CUST-1664,2026-05-06,Orthopedic & Mobility,TENS Physiotherapy Unit,1,36666.64,12.6,Credit Card,Delivered,Ramesh Rao,WH-Gurugram (North),North
ORD-11791,CUST-1354,2026-01-18,Diagnostic & Monitoring,Digital Blood Pressure Monitor,4,19060.35,7.5,COD,Processing,Anjali Nair,WH-Kolkata (East),East
ORD-11792,CUST-1482,2025-06-14,Respiratory Care,Compressor Nebulizer,1,38199.77,4.0,Net Banking,Delivered,Ramesh Rao,WH-Bengaluru (South),South
ORD-11793,CUST-1418,2025-02-03,Respiratory Care,Auto CPAP Machine,3,20308.55,13.8,UPI,Delivered,Priya Sharma,WH-Bhiwandi (West),West
ORD-11794,CUST-1429,2026-03-27,Sterilization & Lab,UV Sterilizer Box,3,32539.6,10.6,UPI,Delivered,Vikram Patel,WH-Gurugram (North),North
ORD-11795,CUST-1123,2026-01-17,Surgical & Critical Care,Anesthesia Workstation,5,5987.97,5.6,Credit Card,Processing,Anjali Nair,WH-Gurugram (North),North
ORD-11796,CUST-1030,2026-04-24,Orthopedic & Mobility,Air Mattress for Bedsores,3,34766.83,4.4,Debit Card,Processing,Priya Sharma,WH-Kolkata (East),East
ORD-11797,CUST-1612,2026-05-23,Surgical & Critical Care,Surgical Electrocautery Unit,2,14289.58,9.4,UPI,Processing,Priya Sharma,WH-Bengaluru (South),South
ORD-11798,CUST-1660,2026-05-09,Diabetes Care,Insulin Pump,1,13985.63,13.2,COD,Delivered,Sanjay Verma,WH-Bengaluru (South),South
ORD-11799,CUST-1478,2026-04-25,Surgical & Critical Care,Electric Suction Apparatus,5,1886.55,0.8,Net Banking,Delivered,Priya Sharma,WH-Gurugram (North),North
ORD-11800,CUST-1333,2026-05-08,Sterilization & Lab,Digital Centrifuge Machine,1,43263.17,2.6,Net Banking,Shipped,Vikram Patel,WH-Kolkata (East),East
ORD-11801,CUST-1287,2025-12-22,Diagnostic & Monitoring,Digital Spirometer,1,17423.32,6.5,UPI,Delivered,Ramesh Rao,WH-Bhiwandi (West),West
ORD-11802,CUST-1293,2026-07-22,Sterilization & Lab,Ultrasound Cleaner,4,40961.61,4.4,Net Banking,Processing,Sanjay Verma,WH-Bhiwandi (West),West
ORD-11803,CUST-1409,2026-06-29,Infusion & Vascular,Volumetric Infusion Pump,3,24809.83,12.6,UPI,Delivered,Ramesh Rao,WH-Bengaluru (South),South
ORD-11804,CUST-1356,2026-07-20,Respiratory Care,Compressor Nebulizer,1,2724.55,4.7,UPI,Shipped,Sanjay Verma,WH-Bengaluru (South),South
ORD-11805,CUST-1221,2026-06-07,Diabetes Care,Lancet Device,2,29015.43,13.1,Credit Card,Delivered,Ramesh Rao,WH-Kolkata (East),East
ORD-11806,CUST-1346,2026-04-15,Home Healthcare,Digital Vein Finder,2,44506.55,0.3,COD,Shipped,Sanjay Verma,WH-Gurugram (North),North
ORD-11807,CUST-1449,2026-06-14,Diagnostic & Monitoring,Multi-Para Patient Monitor,4,21236.6,4.1,Credit Card,Delivered,Vikram Patel,WH-Gurugram (North),North
ORD-11808,CUST-1550,2026-05-29,Respiratory Care,Suction Machine,2,10016.9,10.0,Net Banking,Processing,Priya Sharma,WH-Gurugram (North),North
ORD-11809,CUST-1167,2026-07-05,Diabetes Care,Insulin Pen Injector,1,5606.66,1.1,Debit Card,Delivered,Vikram Patel,WH-Bhiwandi (West),West
ORD-11810,CUST-1731,2026-02-14,Diabetes Care,Blood Glucose Meter Kit,3,8525.12,8.6,Credit Card,Processing,Ramesh Rao,WH-Gurugram (North),North
ORD-11811,CUST-1039,2026-07-21,Surgical & Critical Care,Surgical Electrocautery Unit,1,19225.45,3.9,UPI,Shipped,Anjali Nair,WH-Gurugram (North),North
ORD-11812,CUST-1502,2026-04-11,Respiratory Care,Portable Oxygen Concentrator (5L),4,6576.2,11.1,UPI,Delivered,Priya Sharma,WH-Bengaluru (South),South
ORD-11813,CUST-1549,2026-01-06,Respiratory Care,Auto CPAP Machine,5,12209.64,2.6,UPI,Delivered,Vikram Patel,WH-Gurugram (North),North
ORD-11814,CUST-1073,2026-07-10,Surgical & Critical Care,Anesthesia Workstation,3,21111.53,7.1,Credit Card,Delivered,Anjali Nair,WH-Gurugram (North),North
ORD-11815,CUST-1932,2026-07-06,Surgical & Critical Care,Anesthesia Workstation,1,24665.93,10.9,Debit Card,Cancelled,Sanjay Verma,WH-Gurugram (North),North
ORD-11816,CUST-1656,2025-09-14,Respiratory Care,High-Flow Nasal Cannula System,1,35712.06,10.6,COD,Delivered,Sanjay Verma,WH-Kolkata (East),East
ORD-11817,CUST-1439,2025-11-21,Home Healthcare,Electric Heating Pad,1,3183.04,8.4,UPI,Processing,Vikram Patel,WH-Bhiwandi (West),West
ORD-11818,CUST-1655,2026-04-09,Orthopedic & Mobility,Air Mattress for Bedsores,4,4415.74,9.0,Credit Card,Returned,Anjali Nair,WH-Kolkata (East),East
ORD-11819,CUST-1856,2026-03-01,Respiratory Care,BiPAP Machine,1,22523.44,12.3,COD,Delivered,Priya Sharma,WH-Bhiwandi (West),West
ORD-11820,CUST-1825,2026-04-29,Diabetes Care,Lancet Device,1,1074.86,2.0,Net Banking,Processing,Sanjay Verma,WH-Bhiwandi (West),West
ORD-11821,CUST-1087,2025-12-02,Infusion & Vascular,Central Venous Catheter Kit,2,27132.71,0.1,Credit Card,Cancelled,Priya Sharma,WH-Bengaluru (South),South
ORD-11822,CUST-1706,2026-07-19,Diagnostic & Monitoring,Digital Spirometer,5,32791.07,11.5,Net Banking,Cancelled,Vikram Patel,WH-Kolkata (East),East
ORD-11823,CUST-1945,2026-01-15,Diabetes Care,Insulin Pump,1,29643.87,10.4,COD,Delivered,Vikram Patel,WH-Bengaluru (South),South
ORD-11824,CUST-1176,2026-07-12,Diabetes Care,Lancet Device,4,35619.24,8.2,UPI,Delivered,Anjali Nair,WH-Gurugram (North),North
ORD-11825,CUST-1064,2026-05-23,Surgical & Critical Care,Anesthesia Workstation,4,32154.29,11.6,Net Banking,Cancelled,Priya Sharma,WH-Bhiwandi (West),West
ORD-11826,CUST-1872,2025-12-24,Sterilization & Lab,Ultrasound Cleaner,1,15253.87,14.5,Debit Card,Returned,Ramesh Rao,WH-Kolkata (East),East
ORD-11827,CUST-1268,2026-05-12,Diagnostic & Monitoring,Multi-Para Patient Monitor,4,20552.2,11.7,COD,Cancelled,Anjali Nair,WH-Bengaluru (South),South
ORD-11828,CUST-1932,2026-06-19,Orthopedic & Mobility,Walking Frame with Castors,4,19623.95,10.4,COD,Delivered,Vikram Patel,WH-Gurugram (North),North
ORD-11829,CUST-1207,2025-05-18,Surgical & Critical Care,LED Surgical OT Light,5,27042.3,11.9,Net Banking,Delivered,Priya Sharma,WH-Kolkata (East),East
ORD-11830,CUST-1243,2026-07-06,Respiratory Care,Auto CPAP Machine,2,8189.23,10.3,Net Banking,Delivered,Sanjay Verma,WH-Bengaluru (South),South
ORD-11831,CUST-1709,2025-03-23,Respiratory Care,Incentive Spirometer,3,635.18,11.2,COD,Returned,Priya Sharma,WH-Gurugram (North),North
ORD-11832,CUST-1786,2026-06-08,Infusion & Vascular,Central Venous Catheter Kit,2,29716.37,10.0,Debit Card,Processing,Sanjay Verma,WH-Gurugram (North),North
ORD-11833,CUST-1113,2025-05-03,Diagnostic & Monitoring,Infrared Non-Contact Thermometer,4,35916.5,6.5,UPI,Delivered,Ramesh Rao,WH-Bhiwandi (West),West
ORD-11834,CUST-1061,2026-07-12,Respiratory Care,High-Flow Nasal Cannula System,4,15959.31,13.3,UPI,Processing,Priya Sharma,WH-Gurugram (North),North
ORD-11835,CUST-1363,2025-09-26,Sterilization & Lab,Tabletop Steam Autoclave,5,19130.31,6.3,Net Banking,Processing,Ramesh Rao,WH-Bhiwandi (West),West
ORD-11836,CUST-1940,2026-05-11,Sterilization & Lab,UV Sterilizer Box,3,23810.95,2.3,UPI,Delivered,Ramesh Rao,WH-Bhiwandi (West),West
ORD-11837,CUST-1495,2025-01-25,Respiratory Care,Compressor Nebulizer,4,33686.66,8.2,Credit Card,Delivered,Sanjay Verma,WH-Bhiwandi (West),West
ORD-11838,CUST-1161,2026-06-22,Surgical & Critical Care,Laryngoscope Set,5,18060.83,8.4,UPI,Cancelled,Vikram Patel,WH-Bengaluru (South),South
ORD-11839,CUST-1921,2026-04-06,Infusion & Vascular,Central Venous Catheter Kit,2,12485.0,10.9,Credit Card,Processing,Anjali Nair,WH-Gurugram (North),North
ORD-11840,CUST-1295,2026-04-16,Diagnostic & Monitoring,Digital Spirometer,5,24864.66,6.6,Debit Card,Delivered,Vikram Patel,WH-Bengaluru (South),South
ORD-11841,CUST-1899,2025-09-23,Orthopedic & Mobility,TENS Physiotherapy Unit,2,41838.83,8.4,Net Banking,Cancelled,Anjali Nair,WH-Bhiwandi (West),West
ORD-11842,CUST-1402,2025-02-17,Diagnostic & Monitoring,Fetal Doppler Heart Rate Monitor,5,24192.48,9.1,UPI,Cancelled,Anjali Nair,WH-Kolkata (East),East
ORD-11843,CUST-1826,2025-09-28,Diagnostic & Monitoring,Infrared Non-Contact Thermometer,3,18031.87,12.1,COD,Processing,Vikram Patel,WH-Kolkata (East),East
ORD-11844,CUST-1516,2025-05-02,Surgical & Critical Care,Surgical Electrocautery Unit,1,30138.54,2.0,UPI,Delivered,Priya Sharma,WH-Kolkata (East),East
ORD-11845,CUST-1545,2025-10-17,Home Healthcare,Peak Flow Meter,5,1363.19,8.2,Credit Card,Processing,Ramesh Rao,WH-Bengaluru (South),South
ORD-11846,CUST-1701,2025-12-05,Sterilization & Lab,Digital Centrifuge Machine,2,9798.43,10.6,UPI,Delivered,Priya Sharma,WH-Gurugram (North),North
ORD-11847,CUST-1220,2026-06-24,Orthopedic & Mobility,Folding Lightweight Wheelchair,1,16636.23,4.4,COD,Shipped,Vikram Patel,WH-Kolkata (East),East
ORD-11848,CUST-1780,2025-09-08,Surgical & Critical Care,LED Surgical OT Light,4,37338.65,11.6,COD,Delivered,Priya Sharma,WH-Gurugram (North),North
ORD-11849,CUST-1922,2025-08-12,Diagnostic & Monitoring,Vascular Doppler,1,2284.85,3.3,Debit Card,Cancelled,Ramesh Rao,WH-Bengaluru (South),South
ORD-11850,CUST-1357,2026-06-15,Respiratory Care,Mesh Nebulizer,2,41106.75,12.9,UPI,Returned,Anjali Nair,WH-Bengaluru (South),South
ORD-11851,CUST-1157,2026-03-03,Sterilization & Lab,Digital Centrifuge Machine,4,14349.26,9.9,Net Banking,Cancelled,Vikram Patel,WH-Bengaluru (South),South
ORD-11852,CUST-1542,2026-05-26,Diabetes Care,Lancet Device,2,36208.75,12.1,Debit Card,Delivered,Vikram Patel,WH-Bhiwandi (West),West
ORD-11853,CUST-1642,2026-04-26,Respiratory Care,High-Flow Nasal Cannula System,2,4983.46,14.0,Credit Card,Delivered,Sanjay Verma,WH-Gurugram (North),North
ORD-11854,CUST-1287,2025-03-03,Diagnostic & Monitoring,Pulse Oximeter,5,26132.52,11.5,Debit Card,Delivered,Vikram Patel,WH-Bengaluru (South),South
ORD-11855,CUST-1140,2026-05-10,Diagnostic & Monitoring,Digital Spirometer,4,30113.44,6.4,Net Banking,Cancelled,Sanjay Verma,WH-Gurugram (North),North
ORD-11856,CUST-1934,2025-11-21,Diabetes Care,Lancet Device,5,16708.15,5.2,Debit Card,Cancelled,Anjali Nair,WH-Gurugram (North),North
ORD-11857,CUST-1939,2026-06-14,Diagnostic & Monitoring,Digital Spirometer,3,16489.61,10.8,UPI,Shipped,Vikram Patel,WH-Bengaluru (South),South
ORD-11858,CUST-1309,2025-03-18,Infusion & Vascular,Central Venous Catheter Kit,2,40644.29,10.5,Credit Card,Delivered,Priya Sharma,WH-Bengaluru (South),South
ORD-11859,CUST-1802,2025-11-11,Orthopedic & Mobility,Folding Lightweight Wheelchair,5,24856.36,1.5,Debit Card,Delivered,Vikram Patel,WH-Kolkata (East),East
ORD-11860,CUST-1874,2025-12-21,Infusion & Vascular,Volumetric Infusion Pump,3,41769.33,12.3,Net Banking,Processing,Sanjay Verma,WH-Gurugram (North),North
ORD-11861,CUST-1447,2026-03-24,Sterilization & Lab,Digital Centrifuge Machine,1,26913.13,3.4,COD,Delivered,Sanjay Verma,WH-Kolkata (East),East
ORD-11862,CUST-1566,2026-01-03,Home Healthcare,Digital Vein Finder,1,2037.98,12.8,COD,Delivered,Anjali Nair,WH-Kolkata (East),East
ORD-11863,CUST-1521,2026-04-12,Diagnostic & Monitoring,Infrared Non-Contact Thermometer,4,17546.1,14.9,Net Banking,Returned,Vikram Patel,WH-Bengaluru (South),South
ORD-11864,CUST-1037,2024-11-23,Respiratory Care,Suction Machine,5,40570.51,0.8,Net Banking,Cancelled,Priya Sharma,WH-Gurugram (North),North
ORD-11865,CUST-1283,2026-05-19,Diagnostic & Monitoring,Continuous Glucose Monitor (CGM),1,4599.0,7.9,Credit Card,Delivered,Anjali Nair,WH-Bengaluru (South),South
ORD-11866,CUST-1121,2026-07-16,Sterilization & Lab,Ultrasound Cleaner,2,5429.5,6.6,UPI,Returned,Priya Sharma,WH-Bhiwandi (West),West
ORD-11867,CUST-1541,2026-07-20,Home Healthcare,Electric Heating Pad,4,16350.98,9.2,Net Banking,Cancelled,Anjali Nair,WH-Gurugram (North),North
ORD-11868,CUST-1983,2026-06-06,Diagnostic & Monitoring,Single-Channel ECG Machine,1,21730.23,3.3,Net Banking,Delivered,Anjali Nair,WH-Kolkata (East),East
ORD-11869,CUST-1946,2026-07-22,Orthopedic & Mobility,Air Mattress for Bedsores,1,16382.75,13.8,Net Banking,Processing,Anjali Nair,WH-Gurugram (North),North
ORD-11870,CUST-1587,2026-04-29,Diagnostic & Monitoring,Vascular Doppler,5,10367.16,2.8,Debit Card,Delivered,Vikram Patel,WH-Bhiwandi (West),West
ORD-11871,CUST-1967,2026-02-05,Orthopedic & Mobility,Cervical Traction Unit,1,5393.1,2.5,Net Banking,Processing,Anjali Nair,WH-Gurugram (North),North
ORD-11872,CUST-1881,2026-04-14,Surgical & Critical Care,Electric Suction Apparatus,4,10263.86,3.1,UPI,Returned,Priya Sharma,WH-Bhiwandi (West),West
ORD-11873,CUST-1508,2026-03-19,Infusion & Vascular,Volumetric Infusion Pump,5,17392.76,11.1,Debit Card,Shipped,Sanjay Verma,WH-Bengaluru (South),South
ORD-11874,CUST-1823,2025-03-31,Surgical & Critical Care,Laryngoscope Set,5,7927.1,11.1,Credit Card,Processing,Anjali Nair,WH-Bhiwandi (West),West
ORD-11875,CUST-1575,2025-10-19,Diagnostic & Monitoring,Infrared Non-Contact Thermometer,2,38036.12,7.2,Net Banking,Delivered,Anjali Nair,WH-Bengaluru (South),South
ORD-11876,CUST-1879,2026-04-19,Home Healthcare,Digital Vein Finder,1,7342.7,12.0,Credit Card,Shipped,Sanjay Verma,WH-Bengaluru (South),South
ORD-11877,CUST-1260,2026-02-03,Sterilization & Lab,Tabletop Steam Autoclave,3,25498.48,13.3,UPI,Returned,Vikram Patel,WH-Gurugram (North),North
ORD-11878,CUST-1414,2025-09-14,Sterilization & Lab,UV Sterilizer Box,3,31433.25,12.6,COD,Cancelled,Vikram Patel,WH-Bengaluru (South),South
ORD-11879,CUST-1052,2026-02-02,Diagnostic & Monitoring,Capnograph Monitor,5,37493.84,7.3,Debit Card,Processing,Sanjay Verma,WH-Kolkata (East),East
ORD-11880,CUST-1937,2025-10-02,Surgical & Critical Care,Laryngoscope Set,5,37507.83,0.1,Credit Card,Delivered,Anjali Nair,WH-Bengaluru (South),South
ORD-11881,CUST-1918,2026-07-07,Diagnostic & Monitoring,Infrared Non-Contact Thermometer,3,20793.5,14.6,Net Banking,Delivered,Priya Sharma,WH-Bhiwandi (West),West
ORD-11882,CUST-1567,2025-11-18,Diabetes Care,Blood Glucose Meter Kit,3,13608.42,12.8,UPI,Delivered,Vikram Patel,WH-Bengaluru (South),South
ORD-11883,CUST-1229,2026-06-15,Sterilization & Lab,UV Sterilizer Box,1,33320.01,14.6,UPI,Delivered,Sanjay Verma,WH-Bengaluru (South),South
ORD-11884,CUST-1557,2026-06-07,Diagnostic & Monitoring,Multi-Para Patient Monitor,3,42435.57,13.7,UPI,Delivered,Sanjay Verma,WH-Gurugram (North),North
ORD-11885,CUST-1577,2025-04-13,Surgical & Critical Care,Pulse Generator Pacemaker,1,17881.16,3.6,COD,Delivered,Vikram Patel,WH-Gurugram (North),North
ORD-11886,CUST-1937,2025-10-22,Infusion & Vascular,Central Venous Catheter Kit,1,17065.0,13.9,Debit Card,Processing,Sanjay Verma,WH-Kolkata (East),East
ORD-11887,CUST-1027,2026-07-03,Respiratory Care,High-Flow Nasal Cannula System,1,39620.05,12.0,Net Banking,Delivered,Vikram Patel,WH-Gurugram (North),North
ORD-11888,CUST-1890,2025-05-03,Orthopedic & Mobility,Walking Frame with Castors,3,35765.2,3.0,COD,Delivered,Anjali Nair,WH-Bengaluru (South),South
ORD-11889,CUST-1862,2025-09-24,Surgical & Critical Care,Defibrillator & AED,5,30977.63,5.3,UPI,Delivered,Priya Sharma,WH-Bhiwandi (West),West
ORD-11890,CUST-1216,2026-06-28,Diagnostic & Monitoring,Stethoscope (Cardiology Grade),5,16751.02,7.8,Debit Card,Delivered,Vikram Patel,WH-Gurugram (North),North
ORD-11891,CUST-1625,2026-07-06,Diabetes Care,Lancet Device,5,25869.41,11.4,Debit Card,Cancelled,Sanjay Verma,WH-Gurugram (North),North
ORD-11892,CUST-1760,2025-08-20,Respiratory Care,Portable Oxygen Concentrator (5L),2,7392.68,12.2,Credit Card,Returned,Priya Sharma,WH-Bengaluru (South),South
ORD-11893,CUST-1672,2026-06-03,Diagnostic & Monitoring,Digital Otoscope,3,10001.67,3.6,Credit Card,Shipped,Priya Sharma,WH-Bengaluru (South),South
ORD-11894,CUST-1333,2026-05-16,Home Healthcare,Electric Heating Pad,3,10195.97,4.8,Debit Card,Shipped,Priya Sharma,WH-Bengaluru (South),South
ORD-11895,CUST-1409,2026-06-24,Diagnostic & Monitoring,Stethoscope (Cardiology Grade),1,29849.35,8.6,UPI,Returned,Anjali Nair,WH-Bengaluru (South),South
ORD-11896,CUST-1943,2025-12-09,Diagnostic & Monitoring,Fetal Doppler Heart Rate Monitor,2,36408.52,7.6,Credit Card,Delivered,Ramesh Rao,WH-Bhiwandi (West),West
ORD-11897,CUST-1396,2026-05-24,Surgical & Critical Care,LED Surgical OT Light,5,14137.36,1.7,Net Banking,Delivered,Ramesh Rao,WH-Bhiwandi (West),West
ORD-11898,CUST-1542,2025-05-05,Diagnostic & Monitoring,Digital Blood Pressure Monitor,1,24169.08,4.5,Credit Card,Delivered,Vikram Patel,WH-Kolkata (East),East
ORD-11899,CUST-1077,2026-03-03,Diagnostic & Monitoring,Multi-Para Patient Monitor,1,19088.9,13.8,Net Banking,Delivered,Vikram Patel,WH-Bengaluru (South),South
ORD-11900,CUST-1528,2026-06-20,Diagnostic & Monitoring,Single-Channel ECG Machine,3,39518.0,14.1,UPI,Processing,Vikram Patel,WH-Bengaluru (South),South
ORD-11901,CUST-1768,2026-05-21,Respiratory Care,Auto CPAP Machine,5,31365.79,6.5,UPI,Delivered,Vikram Patel,WH-Kolkata (East),East
ORD-11902,CUST-1605,2025-08-03,Diagnostic & Monitoring,Infrared Non-Contact Thermometer,4,37942.98,1.5,Debit Card,Returned,Ramesh Rao,WH-Kolkata (East),East
ORD-11903,CUST-1422,2026-02-22,Infusion & Vascular,Syringe Driver Pump,5,13155.94,3.0,Debit Card,Delivered,Vikram Patel,WH-Bengaluru (South),South
ORD-11904,CUST-1626,2025-09-16,Diagnostic & Monitoring,Digital Spirometer,3,4586.35,6.8,Credit Card,Delivered,Sanjay Verma,WH-Gurugram (North),North
ORD-11905,CUST-1877,2026-07-01,Respiratory Care,Compressor Nebulizer,5,44213.38,7.2,Net Banking,Cancelled,Vikram Patel,WH-Gurugram (North),North
ORD-11906,CUST-1471,2026-07-18,Diagnostic & Monitoring,Infrared Non-Contact Thermometer,4,31663.75,7.3,Credit Card,Delivered,Priya Sharma,WH-Gurugram (North),North
ORD-11907,CUST-1802,2024-10-11,Respiratory Care,Portable Oxygen Concentrator (5L),2,28095.77,5.4,Net Banking,Processing,Anjali Nair,WH-Bhiwandi (West),West
ORD-11908,CUST-1945,2025-12-25,Orthopedic & Mobility,TENS Physiotherapy Unit,1,6827.46,1.2,UPI,Shipped,Ramesh Rao,WH-Gurugram (North),North
ORD-11909,CUST-1764,2026-01-04,Diagnostic & Monitoring,Continuous Glucose Monitor (CGM),4,14443.19,12.5,Net Banking,Delivered,Vikram Patel,WH-Gurugram (North),North
ORD-11910,CUST-1413,2026-04-26,Diabetes Care,Blood Glucose Meter Kit,2,9221.99,4.2,UPI,Cancelled,Priya Sharma,WH-Bhiwandi (West),West
ORD-11911,CUST-1373,2026-06-15,Respiratory Care,Compressor Nebulizer,5,18120.36,14.7,Net Banking,Shipped,Sanjay Verma,WH-Bengaluru (South),South
ORD-11912,CUST-1126,2026-01-20,Diagnostic & Monitoring,Continuous Glucose Monitor (CGM),5,17077.8,6.5,Debit Card,Delivered,Anjali Nair,WH-Bengaluru (South),South
ORD-11913,CUST-1979,2024-12-27,Diagnostic & Monitoring,Digital Blood Pressure Monitor,3,32702.04,9.4,Credit Card,Returned,Anjali Nair,WH-Bhiwandi (West),West
ORD-11914,CUST-1714,2025-03-20,Surgical & Critical Care,Laryngoscope Set,4,2729.09,14.4,Debit Card,Delivered,Ramesh Rao,WH-Kolkata (East),East
ORD-11915,CUST-1769,2026-07-15,Home Healthcare,Peak Flow Meter,1,41912.18,9.7,Debit Card,Returned,Ramesh Rao,WH-Gurugram (North),North
ORD-11916,CUST-1516,2025-05-28,Orthopedic & Mobility,Folding Lightweight Wheelchair,1,29921.48,14.1,Debit Card,Cancelled,Priya Sharma,WH-Bhiwandi (West),West
ORD-11917,CUST-1763,2026-04-16,Diabetes Care,Insulin Pump,1,24746.01,6.7,Debit Card,Delivered,Sanjay Verma,WH-Bengaluru (South),South
ORD-11918,CUST-1188,2025-06-27,Surgical & Critical Care,Anesthesia Workstation,4,11296.04,7.5,Net Banking,Cancelled,Priya Sharma,WH-Bhiwandi (West),West
ORD-11919,CUST-1954,2026-07-14,Diabetes Care,Insulin Pen Injector,3,16014.07,5.6,Net Banking,Delivered,Sanjay Verma,WH-Bengaluru (South),South
ORD-11920,CUST-1352,2026-07-12,Infusion & Vascular,IV Cannula (18G-24G),4,34000.77,11.7,COD,Delivered,Ramesh Rao,WH-Bengaluru (South),South
ORD-11921,CUST-1615,2026-06-15,Diagnostic & Monitoring,Digital Blood Pressure Monitor,2,5160.12,7.3,Net Banking,Processing,Ramesh Rao,WH-Kolkata (East),East
ORD-11922,CUST-1474,2026-06-04,Sterilization & Lab,Ultrasound Cleaner,5,5586.09,4.5,COD,Processing,Ramesh Rao,WH-Bhiwandi (West),West
ORD-11923,CUST-1361,2026-02-05,Sterilization & Lab,Digital Centrifuge Machine,4,26647.81,1.0,Debit Card,Cancelled,Sanjay Verma,WH-Bhiwandi (West),West
ORD-11924,CUST-1623,2025-05-07,Orthopedic & Mobility,Air Mattress for Bedsores,1,17421.68,7.1,Debit Card,Returned,Anjali Nair,WH-Bengaluru (South),South
ORD-11925,CUST-1067,2025-04-29,Surgical & Critical Care,Defibrillator & AED,4,7263.51,1.1,COD,Returned,Priya Sharma,WH-Bengaluru (South),South
ORD-11926,CUST-1509,2026-06-18,Surgical & Critical Care,Surgical Stapler,5,28291.2,2.5,Debit Card,Delivered,Vikram Patel,WH-Kolkata (East),East
ORD-11927,CUST-1264,2026-05-09,Orthopedic & Mobility,Cervical Traction Unit,1,42502.36,14.4,Net Banking,Cancelled,Anjali Nair,WH-Bhiwandi (West),West
ORD-11928,CUST-1252,2026-04-13,Infusion & Vascular,Volumetric Infusion Pump,3,39402.92,3.3,Debit Card,Shipped,Ramesh Rao,WH-Gurugram (North),North
ORD-11929,CUST-1645,2025-06-09,Infusion & Vascular,Syringe Driver Pump,4,28213.73,10.5,Credit Card,Delivered,Anjali Nair,WH-Kolkata (East),East
ORD-11930,CUST-1456,2026-06-15,Respiratory Care,Portable Oxygen Concentrator (5L),2,40338.1,4.0,UPI,Delivered,Priya Sharma,WH-Bengaluru (South),South
ORD-11931,CUST-1149,2026-05-11,Diabetes Care,Insulin Pen Injector,2,7541.43,2.1,Credit Card,Processing,Vikram Patel,WH-Gurugram (North),North
ORD-11932,CUST-1206,2026-06-04,Respiratory Care,Incentive Spirometer,3,23298.43,11.2,Net Banking,Processing,Sanjay Verma,WH-Gurugram (North),North
ORD-11933,CUST-1920,2026-06-15,Diagnostic & Monitoring,Continuous Glucose Monitor (CGM),5,31062.01,13.5,Net Banking,Delivered,Priya Sharma,WH-Kolkata (East),East
ORD-11934,CUST-1331,2025-09-17,Diabetes Care,Blood Glucose Meter Kit,1,41260.53,1.1,UPI,Delivered,Sanjay Verma,WH-Kolkata (East),East
ORD-11935,CUST-1121,2026-07-20,Diagnostic & Monitoring,Multi-Para Patient Monitor,1,3044.7,1.0,UPI,Returned,Sanjay Verma,WH-Bengaluru (South),South
ORD-11936,CUST-1399,2025-11-02,Orthopedic & Mobility,Air Mattress for Bedsores,2,25388.35,14.3,Credit Card,Processing,Vikram Patel,WH-Gurugram (North),North
ORD-11937,CUST-1174,2026-03-04,Orthopedic & Mobility,TENS Physiotherapy Unit,1,20277.99,3.9,COD,Delivered,Ramesh Rao,WH-Bengaluru (South),South
ORD-11938,CUST-1040,2025-06-02,Respiratory Care,Portable Oxygen Concentrator (5L),3,39716.29,8.7,UPI,Delivered,Anjali Nair,WH-Bhiwandi (West),West
ORD-11939,CUST-1673,2024-12-12,Surgical & Critical Care,Anesthesia Workstation,5,21358.46,12.3,Credit Card,Shipped,Vikram Patel,WH-Gurugram (North),North
ORD-11940,CUST-1256,2025-09-25,Respiratory Care,Mesh Nebulizer,4,32962.88,0.5,Net Banking,Delivered,Vikram Patel,WH-Bhiwandi (West),West
ORD-11941,CUST-1870,2026-05-05,Home Healthcare,Peak Flow Meter,2,8067.22,14.2,UPI,Processing,Vikram Patel,WH-Bhiwandi (West),West
ORD-11942,CUST-1568,2025-11-14,Respiratory Care,Suction Machine,3,21030.06,13.2,Debit Card,Returned,Ramesh Rao,WH-Bhiwandi (West),West
ORD-11943,CUST-1762,2026-03-27,Home Healthcare,Electric Heating Pad,2,8959.71,14.4,UPI,Delivered,Ramesh Rao,WH-Kolkata (East),East
ORD-11944,CUST-1174,2025-12-13,Infusion & Vascular,Dialysis Catheter,3,2184.63,2.0,Credit Card,Returned,Sanjay Verma,WH-Bengaluru (South),South
ORD-11945,CUST-1306,2026-07-02,Infusion & Vascular,Syringe Driver Pump,5,35604.07,4.8,COD,Shipped,Vikram Patel,WH-Gurugram (North),North
ORD-11946,CUST-1130,2025-10-14,Surgical & Critical Care,Electric Suction Apparatus,2,10737.18,2.9,Debit Card,Shipped,Sanjay Verma,WH-Bhiwandi (West),West
ORD-11947,CUST-1763,2025-07-30,Diabetes Care,Blood Glucose Meter Kit,2,18609.52,3.4,Credit Card,Delivered,Sanjay Verma,WH-Bhiwandi (West),West
ORD-11948,CUST-1362,2025-10-10,Diagnostic & Monitoring,Vascular Doppler,1,41166.63,1.3,Net Banking,Cancelled,Sanjay Verma,WH-Gurugram (North),North
ORD-11949,CUST-1933,2026-03-04,Surgical & Critical Care,Pulse Generator Pacemaker,5,2419.38,10.5,Credit Card,Shipped,Anjali Nair,WH-Gurugram (North),North
ORD-11950,CUST-1533,2026-05-21,Infusion & Vascular,Central Venous Catheter Kit,5,43151.4,5.5,Net Banking,Delivered,Sanjay Verma,WH-Bhiwandi (West),West
ORD-11951,CUST-1400,2025-03-28,Sterilization & Lab,Ultrasound Cleaner,1,21403.96,4.9,UPI,Delivered,Ramesh Rao,WH-Kolkata (East),East
ORD-11952,CUST-1907,2026-07-04,Diagnostic & Monitoring,Digital Otoscope,5,23876.94,5.0,Credit Card,Delivered,Vikram Patel,WH-Bengaluru (South),South
ORD-11953,CUST-1882,2026-04-27,Diagnostic & Monitoring,Digital Blood Pressure Monitor,1,19602.97,12.8,Credit Card,Delivered,Vikram Patel,WH-Bengaluru (South),South
ORD-11954,CUST-1104,2026-07-18,Respiratory Care,Incentive Spirometer,1,35985.03,0.2,UPI,Delivered,Sanjay Verma,WH-Gurugram (North),North
ORD-11955,CUST-1958,2026-06-16,Diagnostic & Monitoring,Digital Blood Pressure Monitor,5,43110.74,14.9,UPI,Shipped,Anjali Nair,WH-Bhiwandi (West),West
ORD-11956,CUST-1563,2026-04-03,Diagnostic & Monitoring,Infrared Non-Contact Thermometer,2,32849.0,0.5,COD,Delivered,Priya Sharma,WH-Bengaluru (South),South
ORD-11957,CUST-1100,2026-04-10,Respiratory Care,Compressor Nebulizer,3,22644.2,8.1,Credit Card,Delivered,Vikram Patel,WH-Kolkata (East),East
ORD-11958,CUST-1835,2025-12-18,Surgical & Critical Care,Surgical Electrocautery Unit,5,18934.44,4.8,Credit Card,Shipped,Vikram Patel,WH-Gurugram (North),North
ORD-11959,CUST-1318,2025-07-02,Surgical & Critical Care,LED Surgical OT Light,4,27557.34,8.0,Debit Card,Delivered,Priya Sharma,WH-Gurugram (North),North
ORD-11960,CUST-1974,2026-03-16,Diagnostic & Monitoring,Single-Channel ECG Machine,3,28266.27,1.5,COD,Delivered,Ramesh Rao,WH-Bengaluru (South),South
ORD-11961,CUST-1090,2026-04-30,Infusion & Vascular,Volumetric Infusion Pump,5,12713.13,13.1,Credit Card,Delivered,Anjali Nair,WH-Bengaluru (South),South
ORD-11962,CUST-1798,2025-01-01,Home Healthcare,Digital Vein Finder,4,28171.41,4.0,Credit Card,Shipped,Anjali Nair,WH-Gurugram (North),North
ORD-11963,CUST-1423,2026-06-09,Diabetes Care,Insulin Pump,5,19337.56,7.8,UPI,Cancelled,Ramesh Rao,WH-Bhiwandi (West),West
ORD-11964,CUST-1482,2026-06-16,Surgical & Critical Care,Laryngoscope Set,3,11414.74,1.8,UPI,Delivered,Vikram Patel,WH-Gurugram (North),North
ORD-11965,CUST-1503,2026-05-24,Diagnostic & Monitoring,Continuous Glucose Monitor (CGM),5,4302.93,14.0,Debit Card,Processing,Vikram Patel,WH-Kolkata (East),East
ORD-11966,CUST-1128,2025-08-08,Infusion & Vascular,Volumetric Infusion Pump,1,22458.24,7.4,Net Banking,Delivered,Anjali Nair,WH-Gurugram (North),North
ORD-11967,CUST-1840,2026-05-16,Diagnostic & Monitoring,Fetal Doppler Heart Rate Monitor,1,10015.34,4.3,Credit Card,Processing,Ramesh Rao,WH-Bengaluru (South),South
ORD-11968,CUST-1370,2026-02-28,Respiratory Care,Mesh Nebulizer,5,5302.29,12.1,Debit Card,Shipped,Anjali Nair,WH-Gurugram (North),North
ORD-11969,CUST-1832,2026-03-22,Diabetes Care,Insulin Pen Injector,5,40157.77,6.5,COD,Delivered,Anjali Nair,WH-Bhiwandi (West),West
ORD-11970,CUST-1078,2026-05-30,Respiratory Care,Auto CPAP Machine,4,17383.55,12.0,Credit Card,Delivered,Anjali Nair,WH-Kolkata (East),East
ORD-11971,CUST-1711,2026-07-11,Diabetes Care,Blood Glucose Meter Kit,5,2820.06,8.3,COD,Returned,Priya Sharma,WH-Gurugram (North),North
ORD-11972,CUST-1741,2026-01-13,Diagnostic & Monitoring,Digital Spirometer,2,13499.46,9.8,Credit Card,Processing,Ramesh Rao,WH-Bhiwandi (West),West
ORD-11973,CUST-1431,2026-07-16,Surgical & Critical Care,Laryngoscope Set,3,18419.58,11.7,UPI,Cancelled,Vikram Patel,WH-Kolkata (East),East
ORD-11974,CUST-1170,2026-07-21,Surgical & Critical Care,Surgical Electrocautery Unit,2,33108.15,15.0,Debit Card,Delivered,Ramesh Rao,WH-Bengaluru (South),South
ORD-11975,CUST-1098,2026-02-14,Diabetes Care,Insulin Pump,3,9991.08,10.3,UPI,Returned,Priya Sharma,WH-Gurugram (North),North
ORD-11976,CUST-1605,2025-10-08,Diagnostic & Monitoring,Vascular Doppler,4,6565.15,7.4,COD,Delivered,Priya Sharma,WH-Gurugram (North),North
ORD-11977,CUST-1301,2025-11-20,Infusion & Vascular,IV Cannula (18G-24G),1,3849.52,12.0,Net Banking,Processing,Ramesh Rao,WH-Bhiwandi (West),West
ORD-11978,CUST-1071,2025-11-12,Surgical & Critical Care,Surgical Electrocautery Unit,3,36013.67,9.3,UPI,Processing,Sanjay Verma,WH-Gurugram (North),North
ORD-11979,CUST-1515,2026-06-01,Sterilization & Lab,UV Sterilizer Box,5,7330.28,8.9,Debit Card,Delivered,Anjali Nair,WH-Bengaluru (South),South
ORD-11980,CUST-1416,2025-12-12,Diagnostic & Monitoring,Capnograph Monitor,2,20415.39,4.8,COD,Cancelled,Ramesh Rao,WH-Kolkata (East),East
ORD-11981,CUST-1100,2026-07-15,Respiratory Care,Compressor Nebulizer,3,15950.53,2.4,COD,Delivered,Priya Sharma,WH-Bhiwandi (West),West
ORD-11982,CUST-1687,2025-11-10,Home Healthcare,Electric Heating Pad,3,19578.7,10.0,UPI,Delivered,Sanjay Verma,WH-Gurugram (North),North
ORD-11983,CUST-1468,2025-07-31,Respiratory Care,Incentive Spirometer,1,16923.91,13.6,Debit Card,Delivered,Priya Sharma,WH-Kolkata (East),East
ORD-11984,CUST-1293,2026-07-21,Diagnostic & Monitoring,Stethoscope (Cardiology Grade),3,40569.44,7.6,Debit Card,Returned,Vikram Patel,WH-Bhiwandi (West),West
ORD-11985,CUST-1640,2026-07-04,Surgical & Critical Care,Electric Suction Apparatus,5,22934.54,14.9,Debit Card,Processing,Priya Sharma,WH-Kolkata (East),East
ORD-11986,CUST-1495,2025-04-08,Surgical & Critical Care,Pulse Generator Pacemaker,4,18722.4,13.7,Credit Card,Delivered,Priya Sharma,WH-Bengaluru (South),South
ORD-11987,CUST-1556,2026-05-24,Orthopedic & Mobility,Air Mattress for Bedsores,2,6522.44,12.2,Credit Card,Delivered,Sanjay Verma,WH-Kolkata (East),East
ORD-11988,CUST-1134,2025-07-06,Infusion & Vascular,IV Cannula (18G-24G),2,26237.94,11.7,Net Banking,Delivered,Priya Sharma,WH-Gurugram (North),North
ORD-11989,CUST-1648,2026-05-14,Infusion & Vascular,Syringe Driver Pump,2,28221.27,3.9,Net Banking,Shipped,Anjali Nair,WH-Bengaluru (South),South
ORD-11990,CUST-1439,2026-04-10,Orthopedic & Mobility,Motorized Wheelchair,4,35754.61,0.6,COD,Delivered,Anjali Nair,WH-Kolkata (East),East
ORD-11991,CUST-1026,2026-07-14,Respiratory Care,Suction Machine,5,42152.61,5.7,UPI,Cancelled,Ramesh Rao,WH-Bhiwandi (West),West
ORD-11992,CUST-1987,2026-05-28,Diabetes Care,Insulin Pump,1,33057.1,4.2,UPI,Delivered,Anjali Nair,WH-Bengaluru (South),South
ORD-11993,CUST-1569,2025-11-14,Sterilization & Lab,Tabletop Steam Autoclave,2,28789.81,9.1,UPI,Delivered,Anjali Nair,WH-Kolkata (East),East
ORD-11994,CUST-1006,2025-03-01,Respiratory Care,BiPAP Machine,5,37984.95,6.6,Credit Card,Returned,Sanjay Verma,WH-Kolkata (East),East
ORD-11995,CUST-1084,2025-10-27,Orthopedic & Mobility,Air Mattress for Bedsores,1,6772.08,7.3,Credit Card,Cancelled,Vikram Patel,WH-Bengaluru (South),South
ORD-11996,CUST-1416,2026-06-21,Diagnostic & Monitoring,Fetal Doppler Heart Rate Monitor,4,2588.15,5.8,Credit Card,Processing,Sanjay Verma,WH-Bhiwandi (West),West
ORD-11997,CUST-1988,2025-08-22,Diabetes Care,Insulin Pump,1,34711.07,13.0,UPI,Delivered,Vikram Patel,WH-Bengaluru (South),South
ORD-11998,CUST-1515,2024-10-28,Respiratory Care,Incentive Spirometer,4,37733.73,0.7,Debit Card,Shipped,Anjali Nair,WH-Bhiwandi (West),West
ORD-11999,CUST-1318,2025-07-07,Surgical & Critical Care,Electric Suction Apparatus,3,16778.49,7.2,COD,Delivered,Sanjay Verma,WH-Kolkata (East),East
ORD-12000,CUST-1084,2025-12-17,Infusion & Vascular,IV Cannula (18G-24G),4,28840.08,11.6,Credit Card,Cancelled,Vikram Patel,WH-Bengaluru (South),South
ORD-12001,CUST-1789,2025-05-15,Home Healthcare,Electric Heating Pad,3,13856.33,12.2,UPI,Delivered,Vikram Patel,WH-Bhiwandi (West),West
ORD-12002,CUST-1371,2026-05-26,Orthopedic & Mobility,Motorized Wheelchair,3,19709.77,7.1,Credit Card,Delivered,Sanjay Verma,WH-Bengaluru (South),South
ORD-12003,CUST-1146,2026-07-06,Sterilization & Lab,Tabletop Steam Autoclave,4,44076.12,13.4,UPI,Processing,Anjali Nair,WH-Bengaluru (South),South
ORD-12004,CUST-1129,2026-01-26,Surgical & Critical Care,Laryngoscope Set,1,17318.52,4.6,COD,Delivered,Ramesh Rao,WH-Bengaluru (South),South
ORD-12005,CUST-1026,2026-07-08,Diabetes Care,Lancet Device,5,10827.78,2.6,Net Banking,Returned,Anjali Nair,WH-Gurugram (North),North
ORD-12006,CUST-1390,2026-06-14,Surgical & Critical Care,LED Surgical OT Light,4,27714.03,5.9,Credit Card,Shipped,Ramesh Rao,WH-Kolkata (East),East
ORD-12007,CUST-1728,2026-05-13,Home Healthcare,Peak Flow Meter,4,22715.62,1.2,Debit Card,Shipped,Anjali Nair,WH-Bengaluru (South),South
ORD-12008,CUST-1870,2026-04-29,Infusion & Vascular,Syringe Driver Pump,2,32783.75,14.9,UPI,Shipped,Ramesh Rao,WH-Kolkata (East),East
ORD-12009,CUST-1826,2024-10-03,Orthopedic & Mobility,Motorized Wheelchair,3,6704.63,2.9,Debit Card,Delivered,Ramesh Rao,WH-Bhiwandi (West),West
ORD-12010,CUST-1356,2026-07-04,Diagnostic & Monitoring,Single-Channel ECG Machine,5,28139.56,10.7,Debit Card,Returned,Anjali Nair,WH-Gurugram (North),North
ORD-12011,CUST-1121,2026-07-21,Surgical & Critical Care,Laryngoscope Set,4,7906.19,0.9,Debit Card,Delivered,Anjali Nair,WH-Kolkata (East),East
ORD-12012,CUST-1048,2026-06-09,Diagnostic & Monitoring,Vascular Doppler,1,18184.07,5.0,COD,Delivered,Priya Sharma,WH-Bhiwandi (West),West
ORD-12013,CUST-1834,2026-05-25,Surgical & Critical Care,LED Surgical OT Light,5,11310.06,5.5,Net Banking,Processing,Anjali Nair,WH-Gurugram (North),North
ORD-12014,CUST-1215,2026-07-21,Diagnostic & Monitoring,Digital Blood Pressure Monitor,1,10599.71,14.3,Net Banking,Delivered,Anjali Nair,WH-Gurugram (North),North
ORD-12015,CUST-1938,2026-02-02,Sterilization & Lab,Ultrasound Cleaner,3,26316.81,8.8,COD,Shipped,Sanjay Verma,WH-Bhiwandi (West),West
ORD-12016,CUST-1752,2026-02-08,Home Healthcare,Digital Vein Finder,4,26747.03,7.0,Debit Card,Delivered,Vikram Patel,WH-Bengaluru (South),South
ORD-12017,CUST-1832,2026-02-20,Sterilization & Lab,Tabletop Steam Autoclave,1,20399.16,11.7,Debit Card,Returned,Ramesh Rao,WH-Bhiwandi (West),West
ORD-12018,CUST-1522,2025-04-29,Respiratory Care,Auto CPAP Machine,5,13030.88,4.3,Net Banking,Cancelled,Priya Sharma,WH-Kolkata (East),East
ORD-12019,CUST-1768,2026-01-11,Sterilization & Lab,Digital Centrifuge Machine,2,20277.32,11.0,UPI,Returned,Priya Sharma,WH-Bhiwandi (West),West
ORD-12020,CUST-1658,2024-10-06,Orthopedic & Mobility,Air Mattress for Bedsores,2,33727.95,12.5,Debit Card,Cancelled,Anjali Nair,WH-Gurugram (North),North
ORD-12021,CUST-1467,2025-02-19,Orthopedic & Mobility,Air Mattress for Bedsores,3,26070.45,12.0,Net Banking,Delivered,Ramesh Rao,WH-Bhiwandi (West),West
ORD-12022,CUST-1079,2026-05-19,Diabetes Care,Insulin Pen Injector,1,18891.45,8.4,UPI,Delivered,Anjali Nair,WH-Bengaluru (South),South
ORD-12023,CUST-1147,2026-06-17,Sterilization & Lab,UV Sterilizer Box,4,7130.82,5.9,Debit Card,Delivered,Ramesh Rao,WH-Bengaluru (South),South
ORD-12024,CUST-1773,2026-04-30,Surgical & Critical Care,Pulse Generator Pacemaker,4,13615.97,14.8,COD,Delivered,Ramesh Rao,WH-Bhiwandi (West),West
ORD-12025,CUST-1347,2026-07-21,Diagnostic & Monitoring,Digital Blood Pressure Monitor,5,42298.12,10.0,Debit Card,Delivered,Ramesh Rao,WH-Kolkata (East),East
ORD-12026,CUST-1544,2025-08-21,Surgical & Critical Care,Electric Suction Apparatus,2,7285.51,0.9,Net Banking,Processing,Vikram Patel,WH-Kolkata (East),East
ORD-12027,CUST-1515,2026-07-10,Orthopedic & Mobility,Cervical Traction Unit,1,4674.55,12.4,Net Banking,Delivered,Vikram Patel,WH-Kolkata (East),East
ORD-12028,CUST-1168,2025-03-05,Surgical & Critical Care,Surgical Electrocautery Unit,1,43809.9,14.4,Net Banking,Processing,Vikram Patel,WH-Bengaluru (South),South
ORD-12029,CUST-1340,2025-07-27,Diagnostic & Monitoring,Multi-Para Patient Monitor,4,14227.49,11.9,Debit Card,Cancelled,Vikram Patel,WH-Bengaluru (South),South
ORD-12030,CUST-1667,2026-06-08,Orthopedic & Mobility,Air Mattress for Bedsores,4,34067.17,1.8,UPI,Cancelled,Ramesh Rao,WH-Bengaluru (South),South
ORD-12031,CUST-1545,2026-06-14,Diagnostic & Monitoring,Infrared Non-Contact Thermometer,2,32608.94,6.4,Debit Card,Delivered,Anjali Nair,WH-Bhiwandi (West),West
ORD-12032,CUST-1756,2026-06-17,Diagnostic & Monitoring,Fetal Doppler Heart Rate Monitor,1,29193.92,13.6,COD,Delivered,Priya Sharma,WH-Bhiwandi (West),West
ORD-12033,CUST-1840,2026-04-26,Respiratory Care,BiPAP Machine,4,41768.95,11.0,COD,Delivered,Sanjay Verma,WH-Gurugram (North),North
ORD-12034,CUST-1237,2026-01-16,Diagnostic & Monitoring,Digital Blood Pressure Monitor,1,20226.76,8.2,COD,Delivered,Vikram Patel,WH-Kolkata (East),East
ORD-12035,CUST-1014,2025-07-17,Surgical & Critical Care,Anesthesia Workstation,4,39037.1,1.3,Credit Card,Delivered,Ramesh Rao,WH-Bhiwandi (West),West
ORD-12036,CUST-1757,2026-07-12,Respiratory Care,Compressor Nebulizer,1,2198.73,8.2,UPI,Delivered,Vikram Patel,WH-Kolkata (East),East
ORD-12037,CUST-1052,2025-10-26,Diabetes Care,Insulin Pump,4,17418.12,15.0,Credit Card,Processing,Sanjay Verma,WH-Gurugram (North),North
ORD-12038,CUST-1459,2026-02-27,Diagnostic & Monitoring,Stethoscope (Cardiology Grade),5,25184.85,9.7,UPI,Delivered,Ramesh Rao,WH-Bhiwandi (West),West
ORD-12039,CUST-1435,2026-03-29,Sterilization & Lab,Tabletop Steam Autoclave,1,27235.0,3.8,COD,Delivered,Anjali Nair,WH-Bhiwandi (West),West
ORD-12040,CUST-1623,2025-10-26,Infusion & Vascular,Central Venous Catheter Kit,1,14834.14,3.2,Debit Card,Cancelled,Vikram Patel,WH-Bhiwandi (West),West
ORD-12041,CUST-1213,2025-11-19,Diagnostic & Monitoring,Continuous Glucose Monitor (CGM),2,4811.68,12.8,COD,Shipped,Priya Sharma,WH-Kolkata (East),East
ORD-12042,CUST-1018,2026-06-11,Diagnostic & Monitoring,Stethoscope (Cardiology Grade),4,40585.23,8.2,UPI,Delivered,Ramesh Rao,WH-Bengaluru (South),South
ORD-12043,CUST-1434,2026-02-26,Diagnostic & Monitoring,Single-Channel ECG Machine,3,5552.2,12.5,Credit Card,Delivered,Vikram Patel,WH-Gurugram (North),North
ORD-12044,CUST-1783,2026-01-05,Diagnostic & Monitoring,Digital Spirometer,1,39024.49,8.4,Debit Card,Delivered,Ramesh Rao,WH-Kolkata (East),East
ORD-12045,CUST-1921,2026-06-01,Diagnostic & Monitoring,Capnograph Monitor,2,2063.55,1.0,Credit Card,Delivered,Priya Sharma,WH-Bhiwandi (West),West
ORD-12046,CUST-1448,2024-11-24,Respiratory Care,Mesh Nebulizer,3,29528.62,14.7,Net Banking,Shipped,Priya Sharma,WH-Gurugram (North),North
ORD-12047,CUST-1692,2025-08-10,Diagnostic & Monitoring,Continuous Glucose Monitor (CGM),2,21112.34,6.1,Credit Card,Delivered,Vikram Patel,WH-Kolkata (East),East
ORD-12048,CUST-1621,2026-02-24,Respiratory Care,Suction Machine,5,38848.66,5.7,Debit Card,Cancelled,Sanjay Verma,WH-Kolkata (East),East
ORD-12049,CUST-1190,2026-06-24,Respiratory Care,Auto CPAP Machine,3,9197.86,1.2,Net Banking,Delivered,Sanjay Verma,WH-Kolkata (East),East
ORD-12050,CUST-1244,2026-07-02,Diagnostic & Monitoring,Multi-Para Patient Monitor,2,4292.24,2.2,Credit Card,Shipped,Anjali Nair,WH-Kolkata (East),East
ORD-12051,CUST-1325,2026-01-14,Respiratory Care,High-Flow Nasal Cannula System,4,13625.38,4.9,COD,Shipped,Vikram Patel,WH-Kolkata (East),East
ORD-12052,CUST-1849,2025-08-03,Diabetes Care,Blood Glucose Meter Kit,4,40129.32,13.0,Net Banking,Delivered,Vikram Patel,WH-Gurugram (North),North
ORD-12053,CUST-1573,2026-02-24,Infusion & Vascular,Volumetric Infusion Pump,2,1696.18,0.8,Net Banking,Delivered,Priya Sharma,WH-Kolkata (East),East
ORD-12054,CUST-1481,2026-04-02,Diabetes Care,Blood Glucose Meter Kit,3,29069.98,0.4,Credit Card,Shipped,Ramesh Rao,WH-Kolkata (East),East
ORD-12055,CUST-1064,2026-06-04,Orthopedic & Mobility,Walking Frame with Castors,3,2696.61,5.4,COD,Cancelled,Priya Sharma,WH-Gurugram (North),North
ORD-12056,CUST-1768,2026-06-27,Surgical & Critical Care,LED Surgical OT Light,3,11347.34,1.0,Debit Card,Delivered,Ramesh Rao,WH-Bhiwandi (West),West
ORD-12057,CUST-1668,2026-02-24,Sterilization & Lab,Digital Centrifuge Machine,2,8469.76,15.0,COD,Cancelled,Sanjay Verma,WH-Gurugram (North),North
ORD-12058,CUST-1819,2026-03-21,Respiratory Care,Mesh Nebulizer,2,42411.75,6.9,UPI,Delivered,Ramesh Rao,WH-Kolkata (East),East
ORD-12059,CUST-1134,2026-04-06,Infusion & Vascular,Dialysis Catheter,3,38291.22,0.4,COD,Delivered,Vikram Patel,WH-Bhiwandi (West),West
ORD-12060,CUST-1370,2026-04-01,Orthopedic & Mobility,TENS Physiotherapy Unit,1,11758.69,14.8,Credit Card,Delivered,Anjali Nair,WH-Kolkata (East),East
ORD-12061,CUST-1955,2026-03-31,Orthopedic & Mobility,Walking Frame with Castors,5,21833.3,4.5,Debit Card,Delivered,Vikram Patel,WH-Bengaluru (South),South
ORD-12062,CUST-1014,2026-05-20,Respiratory Care,BiPAP Machine,3,31000.56,14.0,UPI,Processing,Vikram Patel,WH-Gurugram (North),North
ORD-12063,CUST-1137,2026-02-18,Surgical & Critical Care,Laryngoscope Set,1,38629.67,3.9,Debit Card,Cancelled,Priya Sharma,WH-Gurugram (North),North
ORD-12064,CUST-1874,2025-11-24,Diagnostic & Monitoring,Infrared Non-Contact Thermometer,5,639.67,0.6,Debit Card,Processing,Vikram Patel,WH-Gurugram (North),North
ORD-12065,CUST-1854,2026-05-16,Diagnostic & Monitoring,Vascular Doppler,5,30571.27,14.5,UPI,Delivered,Sanjay Verma,WH-Kolkata (East),East
ORD-12066,CUST-1700,2025-03-19,Surgical & Critical Care,Defibrillator & AED,4,38734.78,9.3,COD,Delivered,Priya Sharma,WH-Gurugram (North),North
ORD-12067,CUST-1452,2026-01-16,Diabetes Care,Insulin Pen Injector,2,38856.94,3.6,UPI,Delivered,Priya Sharma,WH-Kolkata (East),East
ORD-12068,CUST-1610,2026-07-10,Respiratory Care,Mesh Nebulizer,4,29020.25,4.7,Credit Card,Delivered,Priya Sharma,WH-Bengaluru (South),South
ORD-12069,CUST-1016,2025-11-04,Orthopedic & Mobility,Folding Lightweight Wheelchair,1,32815.03,13.5,Debit Card,Processing,Sanjay Verma,WH-Kolkata (East),East
ORD-12070,CUST-1094,2025-10-04,Diabetes Care,Blood Glucose Meter Kit,1,40964.77,3.6,COD,Returned,Sanjay Verma,WH-Bengaluru (South),South
ORD-12071,CUST-1772,2026-06-12,Orthopedic & Mobility,Walking Frame with Castors,4,33653.67,1.4,Credit Card,Cancelled,Ramesh Rao,WH-Bengaluru (South),South
ORD-12072,CUST-1389,2026-06-06,Orthopedic & Mobility,Folding Lightweight Wheelchair,3,38874.63,2.3,Debit Card,Processing,Ramesh Rao,WH-Bengaluru (South),South
ORD-12073,CUST-1801,2026-05-06,Respiratory Care,BiPAP Machine,2,4829.1,14.0,COD,Returned,Anjali Nair,WH-Bengaluru (South),South
ORD-12074,CUST-1233,2025-05-01,Respiratory Care,BiPAP Machine,2,1520.27,10.3,Debit Card,Delivered,Priya Sharma,WH-Bhiwandi (West),West
ORD-12075,CUST-1205,2026-03-19,Orthopedic & Mobility,Folding Lightweight Wheelchair,2,11188.14,1.9,Credit Card,Shipped,Ramesh Rao,WH-Kolkata (East),East
ORD-12076,CUST-1832,2026-07-16,Respiratory Care,Auto CPAP Machine,3,21980.25,10.2,Credit Card,Processing,Sanjay Verma,WH-Gurugram (North),North
ORD-12077,CUST-1708,2026-06-28,Surgical & Critical Care,Electric Suction Apparatus,5,22523.19,14.0,Net Banking,Delivered,Anjali Nair,WH-Kolkata (East),East
ORD-12078,CUST-1871,2026-07-15,Surgical & Critical Care,Surgical Stapler,5,43058.81,7.7,COD,Delivered,Anjali Nair,WH-Bhiwandi (West),West
ORD-12079,CUST-1775,2026-06-20,Orthopedic & Mobility,TENS Physiotherapy Unit,1,11784.42,4.4,UPI,Shipped,Priya Sharma,WH-Gurugram (North),North
ORD-12080,CUST-1768,2026-04-21,Infusion & Vascular,Central Venous Catheter Kit,2,6223.52,0.8,Credit Card,Delivered,Ramesh Rao,WH-Bengaluru (South),South
ORD-12081,CUST-1909,2026-05-09,Respiratory Care,Auto CPAP Machine,5,43624.41,8.7,COD,Processing,Vikram Patel,WH-Gurugram (North),North
ORD-12082,CUST-1827,2026-06-26,Home Healthcare,Digital Vein Finder,3,12844.69,12.7,Net Banking,Processing,Sanjay Verma,WH-Bhiwandi (West),West
ORD-12083,CUST-1486,2025-07-07,Diabetes Care,Blood Glucose Meter Kit,2,1302.98,14.5,COD,Delivered,Vikram Patel,WH-Bhiwandi (West),West
ORD-12084,CUST-1396,2026-06-18,Diagnostic & Monitoring,Stethoscope (Cardiology Grade),5,1511.37,10.9,Credit Card,Returned,Ramesh Rao,WH-Gurugram (North),North
ORD-12085,CUST-1281,2025-12-22,Diagnostic & Monitoring,Continuous Glucose Monitor (CGM),4,25831.78,12.1,Debit Card,Delivered,Ramesh Rao,WH-Bengaluru (South),South
ORD-12086,CUST-1368,2026-04-20,Home Healthcare,Electric Heating Pad,3,4438.16,14.3,COD,Shipped,Vikram Patel,WH-Kolkata (East),East
ORD-12087,CUST-1841,2025-11-19,Respiratory Care,High-Flow Nasal Cannula System,2,42699.28,0.6,Debit Card,Processing,Sanjay Verma,WH-Gurugram (North),North
ORD-12088,CUST-1635,2026-06-21,Diagnostic & Monitoring,Digital Otoscope,3,21258.23,0.3,Credit Card,Processing,Ramesh Rao,WH-Gurugram (North),North
ORD-12089,CUST-1388,2026-06-25,Respiratory Care,High-Flow Nasal Cannula System,4,27569.93,14.6,UPI,Delivered,Anjali Nair,WH-Bengaluru (South),South
ORD-12090,CUST-1442,2025-10-31,Orthopedic & Mobility,Walking Frame with Castors,4,11588.62,6.3,Credit Card,Processing,Priya Sharma,WH-Gurugram (North),North
ORD-12091,CUST-1994,2026-04-04,Respiratory Care,Mesh Nebulizer,1,44676.47,0.2,Debit Card,Delivered,Priya Sharma,WH-Bengaluru (South),South
ORD-12092,CUST-1953,2025-08-03,Respiratory Care,Compressor Nebulizer,3,5003.81,1.6,Credit Card,Shipped,Priya Sharma,WH-Bengaluru (South),South
ORD-12093,CUST-1190,2026-07-05,Sterilization & Lab,UV Sterilizer Box,5,19014.95,6.8,Debit Card,Processing,Anjali Nair,WH-Gurugram (North),North
ORD-12094,CUST-1932,2026-07-12,Diagnostic & Monitoring,Multi-Para Patient Monitor,4,40392.13,13.2,UPI,Shipped,Priya Sharma,WH-Kolkata (East),East
ORD-12095,CUST-1670,2025-10-02,Surgical & Critical Care,Defibrillator & AED,5,1420.3,6.6,Debit Card,Shipped,Priya Sharma,WH-Bengaluru (South),South
ORD-12096,CUST-1472,2026-06-22,Orthopedic & Mobility,Folding Lightweight Wheelchair,2,6014.6,13.3,Credit Card,Delivered,Vikram Patel,WH-Gurugram (North),North
ORD-12097,CUST-1353,2026-05-23,Infusion & Vascular,Dialysis Catheter,2,39195.25,12.2,Debit Card,Returned,Vikram Patel,WH-Bhiwandi (West),West
ORD-12098,CUST-1426,2026-05-15,Sterilization & Lab,Ultrasound Cleaner,3,4222.03,14.3,Debit Card,Delivered,Sanjay Verma,WH-Bhiwandi (West),West
ORD-12099,CUST-1039,2026-04-29,Infusion & Vascular,Dialysis Catheter,1,27533.03,10.1,Debit Card,Delivered,Priya Sharma,WH-Kolkata (East),East
ORD-12100,CUST-1154,2026-06-02,Orthopedic & Mobility,Folding Lightweight Wheelchair,5,28619.88,0.9,Credit Card,Delivered,Anjali Nair,WH-Kolkata (East),East
ORD-12101,CUST-1389,2026-07-01,Orthopedic & Mobility,Motorized Wheelchair,2,27735.6,3.9,Debit Card,Delivered,Sanjay Verma,WH-Gurugram (North),North
ORD-12102,CUST-1237,2026-03-13,Sterilization & Lab,Digital Centrifuge Machine,5,30958.39,7.5,UPI,Shipped,Vikram Patel,WH-Kolkata (East),East
ORD-12103,CUST-1682,2025-12-25,Orthopedic & Mobility,Air Mattress for Bedsores,4,40828.86,13.0,Credit Card,Shipped,Anjali Nair,WH-Kolkata (East),East
ORD-12104,CUST-1727,2026-06-18,Infusion & Vascular,Dialysis Catheter,2,21868.39,6.2,UPI,Delivered,Ramesh Rao,WH-Gurugram (North),North
ORD-12105,CUST-1698,2026-06-07,Surgical & Critical Care,Surgical Electrocautery Unit,3,22763.82,14.0,Debit Card,Delivered,Anjali Nair,WH-Kolkata (East),East
ORD-12106,CUST-1600,2025-07-12,Surgical & Critical Care,Pulse Generator Pacemaker,4,41085.77,0.4,Net Banking,Cancelled,Anjali Nair,WH-Bengaluru (South),South
ORD-12107,CUST-1511,2026-05-10,Diagnostic & Monitoring,Digital Otoscope,5,16267.0,11.3,Debit Card,Returned,Ramesh Rao,WH-Gurugram (North),North
ORD-12108,CUST-1652,2026-01-22,Surgical & Critical Care,Surgical Electrocautery Unit,3,22624.39,12.3,Net Banking,Shipped,Anjali Nair,WH-Bengaluru (South),South
ORD-12109,CUST-1280,2026-05-25,Home Healthcare,Digital Vein Finder,5,31984.57,10.1,Debit Card,Returned,Anjali Nair,WH-Bhiwandi (West),West
ORD-12110,CUST-1069,2026-05-22,Diabetes Care,Insulin Pen Injector,2,37998.9,12.5,Net Banking,Delivered,Priya Sharma,WH-Bengaluru (South),South
ORD-12111,CUST-1330,2026-07-02,Home Healthcare,Peak Flow Meter,2,19957.33,3.0,UPI,Shipped,Anjali Nair,WH-Bengaluru (South),South
ORD-12112,CUST-1539,2026-04-12,Sterilization & Lab,Tabletop Steam Autoclave,4,5320.02,8.5,Debit Card,Shipped,Vikram Patel,WH-Bengaluru (South),South
ORD-12113,CUST-1817,2025-09-22,Diagnostic & Monitoring,Infrared Non-Contact Thermometer,2,25521.21,0.4,Net Banking,Delivered,Anjali Nair,WH-Bhiwandi (West),West
ORD-12114,CUST-1981,2026-07-05,Orthopedic & Mobility,Air Mattress for Bedsores,5,26800.87,1.6,Credit Card,Cancelled,Vikram Patel,WH-Kolkata (East),East
ORD-12115,CUST-1573,2025-04-09,Infusion & Vascular,IV Cannula (18G-24G),4,2181.77,1.1,Net Banking,Processing,Priya Sharma,WH-Bengaluru (South),South
ORD-12116,CUST-1176,2025-10-25,Diagnostic & Monitoring,Continuous Glucose Monitor (CGM),3,44127.84,8.7,UPI,Delivered,Priya Sharma,WH-Bhiwandi (West),West
ORD-12117,CUST-1239,2026-04-09,Sterilization & Lab,Digital Centrifuge Machine,3,37459.59,3.5,Debit Card,Delivered,Priya Sharma,WH-Gurugram (North),North
ORD-12118,CUST-1913,2026-06-23,Diagnostic & Monitoring,Infrared Non-Contact Thermometer,4,42564.5,9.3,Net Banking,Cancelled,Ramesh Rao,WH-Bhiwandi (West),West
ORD-12119,CUST-1091,2026-06-11,Diagnostic & Monitoring,Single-Channel ECG Machine,2,5458.43,5.1,Debit Card,Returned,Anjali Nair,WH-Bhiwandi (West),West
ORD-12120,CUST-1905,2025-10-18,Diagnostic & Monitoring,Fetal Doppler Heart Rate Monitor,1,24894.29,13.9,Debit Card,Delivered,Sanjay Verma,WH-Kolkata (East),East
ORD-12121,CUST-1623,2025-12-23,Diabetes Care,Insulin Pump,2,28948.86,5.2,Net Banking,Delivered,Priya Sharma,WH-Gurugram (North),North
ORD-12122,CUST-1801,2025-05-17,Infusion & Vascular,Central Venous Catheter Kit,3,1320.2,6.4,Net Banking,Delivered,Ramesh Rao,WH-Kolkata (East),East
ORD-12123,CUST-1049,2026-01-02,Respiratory Care,Portable Oxygen Concentrator (5L),1,11451.57,14.4,COD,Delivered,Anjali Nair,WH-Bhiwandi (West),West
ORD-12124,CUST-1313,2026-06-13,Sterilization & Lab,UV Sterilizer Box,2,20016.86,13.9,Credit Card,Shipped,Vikram Patel,WH-Bhiwandi (West),West
ORD-12125,CUST-1901,2026-03-28,Diagnostic & Monitoring,Single-Channel ECG Machine,5,15505.19,12.1,UPI,Cancelled,Priya Sharma,WH-Bhiwandi (West),West
ORD-12126,CUST-1539,2025-02-23,Diagnostic & Monitoring,Multi-Para Patient Monitor,5,39075.65,11.8,Net Banking,Delivered,Vikram Patel,WH-Bengaluru (South),South
ORD-12127,CUST-1777,2026-06-14,Surgical & Critical Care,Surgical Stapler,5,20752.44,5.5,Debit Card,Delivered,Priya Sharma,WH-Gurugram (North),North
ORD-12128,CUST-1732,2025-12-23,Diagnostic & Monitoring,Stethoscope (Cardiology Grade),4,13832.29,0.2,Debit Card,Delivered,Anjali Nair,WH-Gurugram (North),North
ORD-12129,CUST-1570,2026-06-19,Sterilization & Lab,Tabletop Steam Autoclave,4,7740.69,12.5,Net Banking,Cancelled,Sanjay Verma,WH-Bengaluru (South),South
ORD-12130,CUST-1179,2026-06-10,Diagnostic & Monitoring,Digital Otoscope,5,34991.79,11.6,Net Banking,Processing,Vikram Patel,WH-Bhiwandi (West),West
ORD-12131,CUST-1805,2026-06-30,Diagnostic & Monitoring,Single-Channel ECG Machine,5,27482.94,0.2,COD,Delivered,Anjali Nair,WH-Gurugram (North),North
ORD-12132,CUST-1043,2026-03-05,Surgical & Critical Care,Surgical Electrocautery Unit,5,23192.14,2.1,Debit Card,Delivered,Ramesh Rao,WH-Gurugram (North),North
ORD-12133,CUST-1560,2026-06-07,Orthopedic & Mobility,Air Mattress for Bedsores,4,6525.5,7.7,UPI,Delivered,Anjali Nair,WH-Kolkata (East),East
ORD-12134,CUST-1372,2026-06-29,Respiratory Care,Portable Oxygen Concentrator (5L),4,15878.59,2.6,Credit Card,Delivered,Priya Sharma,WH-Kolkata (East),East
ORD-12135,CUST-1693,2026-03-08,Diagnostic & Monitoring,Multi-Para Patient Monitor,1,27770.93,12.3,UPI,Shipped,Priya Sharma,WH-Gurugram (North),North
ORD-12136,CUST-1180,2026-03-28,Diagnostic & Monitoring,Stethoscope (Cardiology Grade),5,1527.0,7.3,Net Banking,Delivered,Anjali Nair,WH-Gurugram (North),North
ORD-12137,CUST-1477,2026-07-18,Surgical & Critical Care,Surgical Stapler,3,34123.0,9.0,Debit Card,Cancelled,Sanjay Verma,WH-Gurugram (North),North
ORD-12138,CUST-1534,2024-11-25,Orthopedic & Mobility,Motorized Wheelchair,4,19102.55,13.7,Debit Card,Delivered,Vikram Patel,WH-Gurugram (North),North
ORD-12139,CUST-1551,2025-08-11,Orthopedic & Mobility,Walking Frame with Castors,5,31400.07,10.8,Net Banking,Shipped,Sanjay Verma,WH-Gurugram (North),North
ORD-12140,CUST-1945,2026-06-10,Home Healthcare,Electric Heating Pad,1,39521.82,4.6,Debit Card,Cancelled,Anjali Nair,WH-Gurugram (North),North
ORD-12141,CUST-1900,2026-05-17,Surgical & Critical Care,Anesthesia Workstation,3,20203.65,14.8,Debit Card,Returned,Anjali Nair,WH-Gurugram (North),North
ORD-12142,CUST-1430,2026-07-17,Surgical & Critical Care,Surgical Electrocautery Unit,1,22822.3,4.8,COD,Delivered,Ramesh Rao,WH-Kolkata (East),East
ORD-12143,CUST-1636,2025-11-15,Orthopedic & Mobility,Cervical Traction Unit,4,18988.51,1.1,Net Banking,Delivered,Priya Sharma,WH-Bhiwandi (West),West
ORD-12144,CUST-1180,2025-07-22,Respiratory Care,Incentive Spirometer,3,39708.67,13.1,UPI,Delivered,Anjali Nair,WH-Kolkata (East),East
ORD-12145,CUST-1170,2026-07-19,Orthopedic & Mobility,TENS Physiotherapy Unit,2,21377.68,7.0,UPI,Returned,Anjali Nair,WH-Bengaluru (South),South
ORD-12146,CUST-1681,2026-07-12,Diagnostic & Monitoring,Continuous Glucose Monitor (CGM),2,2325.6,9.6,UPI,Processing,Anjali Nair,WH-Kolkata (East),East
ORD-12147,CUST-1827,2026-07-10,Diagnostic & Monitoring,Digital Blood Pressure Monitor,4,10541.11,6.3,Debit Card,Delivered,Priya Sharma,WH-Kolkata (East),East
ORD-12148,CUST-1206,2025-11-17,Surgical & Critical Care,Surgical Stapler,3,36107.12,3.1,Net Banking,Delivered,Vikram Patel,WH-Gurugram (North),North
ORD-12149,CUST-1670,2025-07-29,Diagnostic & Monitoring,Fetal Doppler Heart Rate Monitor,5,14806.31,2.2,Net Banking,Delivered,Anjali Nair,WH-Kolkata (East),East
ORD-12150,CUST-1934,2026-06-22,Diagnostic & Monitoring,Single-Channel ECG Machine,1,1240.35,13.0,COD,Delivered,Sanjay Verma,WH-Bengaluru (South),South
ORD-12151,CUST-1845,2025-02-01,Infusion & Vascular,Syringe Driver Pump,5,23039.15,6.7,Debit Card,Processing,Ramesh Rao,WH-Kolkata (East),East
ORD-12152,CUST-1389,2026-07-16,Orthopedic & Mobility,Air Mattress for Bedsores,1,36305.87,9.9,UPI,Processing,Sanjay Verma,WH-Bhiwandi (West),West
ORD-12153,CUST-1345,2026-05-06,Sterilization & Lab,UV Sterilizer Box,4,22393.2,8.3,Debit Card,Cancelled,Sanjay Verma,WH-Bhiwandi (West),West
ORD-12154,CUST-1317,2026-06-26,Surgical & Critical Care,Electric Suction Apparatus,5,18218.64,5.1,COD,Delivered,Priya Sharma,WH-Bhiwandi (West),West
ORD-12155,CUST-1988,2026-03-25,Diagnostic & Monitoring,Stethoscope (Cardiology Grade),4,31707.54,12.7,Net Banking,Delivered,Sanjay Verma,WH-Kolkata (East),East
ORD-12156,CUST-1527,2025-09-11,Infusion & Vascular,Syringe Driver Pump,1,32916.09,5.9,Net Banking,Delivered,Sanjay Verma,WH-Bengaluru (South),South
ORD-12157,CUST-1538,2025-11-26,Orthopedic & Mobility,Cervical Traction Unit,1,35260.36,10.2,Credit Card,Delivered,Sanjay Verma,WH-Bhiwandi (West),West
ORD-12158,CUST-1419,2026-03-15,Respiratory Care,Suction Machine,4,15404.71,11.1,UPI,Cancelled,Anjali Nair,WH-Bengaluru (South),South
ORD-12159,CUST-1492,2025-12-27,Diabetes Care,Insulin Pen Injector,1,23461.83,3.8,Debit Card,Cancelled,Ramesh Rao,WH-Bhiwandi (West),West
ORD-12160,CUST-1676,2025-07-31,Orthopedic & Mobility,Cervical Traction Unit,4,14865.12,14.2,Credit Card,Processing,Ramesh Rao,WH-Bhiwandi (West),West
ORD-12161,CUST-1924,2025-04-03,Respiratory Care,High-Flow Nasal Cannula System,2,33954.27,6.0,COD,Delivered,Priya Sharma,WH-Bengaluru (South),South
ORD-12162,CUST-1399,2026-05-08,Orthopedic & Mobility,Cervical Traction Unit,1,11496.88,10.1,UPI,Delivered,Priya Sharma,WH-Gurugram (North),North
ORD-12163,CUST-1088,2026-02-24,Diagnostic & Monitoring,Digital Blood Pressure Monitor,3,3817.78,8.1,Debit Card,Delivered,Ramesh Rao,WH-Bhiwandi (West),West
ORD-12164,CUST-1252,2026-05-13,Diagnostic & Monitoring,Vascular Doppler,3,8647.89,6.5,Debit Card,Delivered,Priya Sharma,WH-Gurugram (North),North
ORD-12165,CUST-1122,2026-06-24,Diabetes Care,Insulin Pump,1,22086.98,14.0,Credit Card,Delivered,Priya Sharma,WH-Bengaluru (South),South
ORD-12166,CUST-1533,2026-04-28,Respiratory Care,Incentive Spirometer,3,28120.37,0.4,Credit Card,Delivered,Anjali Nair,WH-Bengaluru (South),South
ORD-12167,CUST-1452,2025-01-03,Sterilization & Lab,UV Sterilizer Box,2,36647.67,11.2,COD,Delivered,Ramesh Rao,WH-Kolkata (East),East
ORD-12168,CUST-1607,2025-04-01,Diagnostic & Monitoring,Digital Blood Pressure Monitor,1,41235.42,6.8,COD,Delivered,Priya Sharma,WH-Bhiwandi (West),West
ORD-12169,CUST-1894,2025-10-25,Infusion & Vascular,Volumetric Infusion Pump,3,4377.81,7.0,Net Banking,Delivered,Anjali Nair,WH-Bengaluru (South),South
ORD-12170,CUST-1862,2026-05-23,Diagnostic & Monitoring,Continuous Glucose Monitor (CGM),3,9665.6,1.7,Debit Card,Cancelled,Ramesh Rao,WH-Bengaluru (South),South
ORD-12171,CUST-1784,2026-05-28,Sterilization & Lab,Ultrasound Cleaner,2,30382.69,0.5,Credit Card,Returned,Anjali Nair,WH-Kolkata (East),East
ORD-12172,CUST-1695,2026-05-05,Surgical & Critical Care,Surgical Electrocautery Unit,5,43634.41,1.0,COD,Cancelled,Vikram Patel,WH-Bengaluru (South),South
ORD-12173,CUST-1623,2026-01-01,Diagnostic & Monitoring,Multi-Para Patient Monitor,5,17475.8,11.9,Debit Card,Cancelled,Anjali Nair,WH-Kolkata (East),East
ORD-12174,CUST-1385,2026-05-24,Infusion & Vascular,Central Venous Catheter Kit,5,2558.73,5.8,UPI,Processing,Anjali Nair,WH-Kolkata (East),East
ORD-12175,CUST-1891,2025-12-07,Diagnostic & Monitoring,Digital Blood Pressure Monitor,4,39244.61,5.4,Credit Card,Delivered,Vikram Patel,WH-Bhiwandi (West),West
ORD-12176,CUST-1875,2026-03-01,Diagnostic & Monitoring,Fetal Doppler Heart Rate Monitor,4,29927.87,5.4,UPI,Shipped,Vikram Patel,WH-Kolkata (East),East
ORD-12177,CUST-1937,2025-12-26,Diagnostic & Monitoring,Multi-Para Patient Monitor,4,39261.27,9.1,COD,Shipped,Ramesh Rao,WH-Gurugram (North),North
ORD-12178,CUST-1487,2026-05-23,Surgical & Critical Care,Anesthesia Workstation,1,8939.21,11.2,UPI,Processing,Priya Sharma,WH-Bhiwandi (West),West
ORD-12179,CUST-1986,2025-07-03,Diagnostic & Monitoring,Continuous Glucose Monitor (CGM),1,37037.71,4.7,Credit Card,Cancelled,Anjali Nair,WH-Kolkata (East),East
ORD-12180,CUST-1296,2025-05-14,Sterilization & Lab,Digital Centrifuge Machine,1,7203.55,2.1,Debit Card,Processing,Ramesh Rao,WH-Gurugram (North),North
ORD-12181,CUST-1164,2025-12-08,Diabetes Care,Blood Glucose Meter Kit,3,34253.3,4.1,Net Banking,Delivered,Priya Sharma,WH-Gurugram (North),North
ORD-12182,CUST-1260,2026-03-27,Orthopedic & Mobility,Walking Frame with Castors,4,15559.48,3.5,COD,Delivered,Priya Sharma,WH-Kolkata (East),East
ORD-12183,CUST-1005,2026-06-18,Diagnostic & Monitoring,Stethoscope (Cardiology Grade),2,5373.6,11.7,COD,Returned,Sanjay Verma,WH-Gurugram (North),North
ORD-12184,CUST-1146,2026-07-21,Surgical & Critical Care,Laryngoscope Set,3,34255.44,10.4,Debit Card,Cancelled,Vikram Patel,WH-Kolkata (East),East
ORD-12185,CUST-1010,2026-03-05,Orthopedic & Mobility,TENS Physiotherapy Unit,2,18735.85,11.3,Net Banking,Delivered,Vikram Patel,WH-Gurugram (North),North
ORD-12186,CUST-1231,2026-01-02,Diabetes Care,Lancet Device,5,5238.38,10.6,UPI,Delivered,Ramesh Rao,WH-Bengaluru (South),South
ORD-12187,CUST-1383,2025-10-05,Surgical & Critical Care,LED Surgical OT Light,4,43042.22,14.5,Credit Card,Delivered,Ramesh Rao,WH-Bengaluru (South),South
ORD-12188,CUST-1702,2026-06-11,Diagnostic & Monitoring,Stethoscope (Cardiology Grade),3,29302.57,11.6,Net Banking,Delivered,Ramesh Rao,WH-Gurugram (North),North
ORD-12189,CUST-1421,2026-01-10,Diagnostic & Monitoring,Digital Otoscope,1,13491.77,7.2,UPI,Delivered,Anjali Nair,WH-Kolkata (East),East
ORD-12190,CUST-1325,2025-03-19,Diagnostic & Monitoring,Pulse Oximeter,3,20788.56,2.6,UPI,Delivered,Anjali Nair,WH-Bengaluru (South),South
ORD-12191,CUST-1145,2025-11-24,Diagnostic & Monitoring,Single-Channel ECG Machine,3,38670.73,9.7,UPI,Delivered,Priya Sharma,WH-Bhiwandi (West),West
ORD-12192,CUST-1061,2026-07-15,Diagnostic & Monitoring,Single-Channel ECG Machine,3,38867.75,11.3,COD,Returned,Priya Sharma,WH-Bengaluru (South),South
ORD-12193,CUST-1236,2026-04-17,Diagnostic & Monitoring,Continuous Glucose Monitor (CGM),5,1695.4,6.4,Credit Card,Cancelled,Sanjay Verma,WH-Bhiwandi (West),West
ORD-12194,CUST-1329,2026-05-21,Diagnostic & Monitoring,Vascular Doppler,5,23212.64,2.6,COD,Processing,Sanjay Verma,WH-Gurugram (North),North
ORD-12195,CUST-1903,2024-12-05,Orthopedic & Mobility,Air Mattress for Bedsores,4,30044.77,0.5,COD,Delivered,Ramesh Rao,WH-Kolkata (East),East
ORD-12196,CUST-1375,2026-06-04,Surgical & Critical Care,Defibrillator & AED,5,24205.0,10.0,UPI,Shipped,Sanjay Verma,WH-Gurugram (North),North
ORD-12197,CUST-1501,2026-05-09,Orthopedic & Mobility,Folding Lightweight Wheelchair,5,15901.47,7.4,UPI,Cancelled,Anjali Nair,WH-Kolkata (East),East
ORD-12198,CUST-1528,2026-01-30,Diabetes Care,Insulin Pen Injector,3,14799.53,9.7,Debit Card,Delivered,Sanjay Verma,WH-Bhiwandi (West),West
ORD-12199,CUST-1220,2025-12-21,Home Healthcare,Electric Heating Pad,2,14040.33,5.2,Credit Card,Shipped,Sanjay Verma,WH-Bhiwandi (West),West
ORD-12200,CUST-1831,2025-10-12,Diabetes Care,Insulin Pump,1,11585.24,3.6,Debit Card,Returned,Anjali Nair,WH-Gurugram (North),North
ORD-12201,CUST-1881,2026-07-18,Home Healthcare,Digital Vein Finder,1,14522.5,3.2,Credit Card,Delivered,Ramesh Rao,WH-Gurugram (North),North
ORD-12202,CUST-1976,2025-09-14,Orthopedic & Mobility,Cervical Traction Unit,3,43167.83,7.5,COD,Delivered,Priya Sharma,WH-Gurugram (North),North
ORD-12203,CUST-1711,2026-06-05,Infusion & Vascular,Central Venous Catheter Kit,1,8510.36,0.7,Debit Card,Shipped,Vikram Patel,WH-Kolkata (East),East
ORD-12204,CUST-1091,2026-03-28,Respiratory Care,Mesh Nebulizer,2,37293.01,8.3,Debit Card,Delivered,Ramesh Rao,WH-Gurugram (North),North
ORD-12205,CUST-1492,2026-04-11,Diabetes Care,Blood Glucose Meter Kit,4,43871.0,9.9,UPI,Delivered,Sanjay Verma,WH-Gurugram (North),North
ORD-12206,CUST-1954,2026-02-17,Surgical & Critical Care,Laryngoscope Set,5,38170.85,12.1,Debit Card,Returned,Sanjay Verma,WH-Kolkata (East),East
ORD-12207,CUST-1276,2026-02-16,Surgical & Critical Care,Anesthesia Workstation,2,31150.12,9.9,UPI,Delivered,Sanjay Verma,WH-Gurugram (North),North
ORD-12208,CUST-1693,2025-07-30,Respiratory Care,Suction Machine,1,43227.24,6.9,COD,Delivered,Priya Sharma,WH-Bengaluru (South),South
ORD-12209,CUST-1767,2026-01-12,Diagnostic & Monitoring,Digital Otoscope,1,16775.04,8.5,Net Banking,Delivered,Vikram Patel,WH-Gurugram (North),North
ORD-12210,CUST-1277,2025-07-06,Diabetes Care,Insulin Pen Injector,4,14525.93,9.9,Credit Card,Delivered,Ramesh Rao,WH-Gurugram (North),North
ORD-12211,CUST-1211,2026-02-10,Sterilization & Lab,UV Sterilizer Box,1,8565.61,13.2,Credit Card,Cancelled,Vikram Patel,WH-Bengaluru (South),South
ORD-12212,CUST-1410,2026-07-06,Diagnostic & Monitoring,Continuous Glucose Monitor (CGM),4,21170.45,6.5,Debit Card,Processing,Ramesh Rao,WH-Bhiwandi (West),West
ORD-12213,CUST-1463,2026-06-15,Surgical & Critical Care,Defibrillator & AED,3,43930.04,4.0,Credit Card,Delivered,Priya Sharma,WH-Gurugram (North),North
ORD-12214,CUST-1855,2026-05-03,Surgical & Critical Care,Surgical Stapler,5,20911.62,3.1,UPI,Shipped,Sanjay Verma,WH-Bhiwandi (West),West
ORD-12215,CUST-1018,2026-03-12,Orthopedic & Mobility,TENS Physiotherapy Unit,2,1308.5,13.3,UPI,Returned,Sanjay Verma,WH-Bengaluru (South),South
ORD-12216,CUST-1578,2026-05-08,Surgical & Critical Care,Pulse Generator Pacemaker,3,26429.19,14.8,COD,Shipped,Priya Sharma,WH-Gurugram (North),North
ORD-12217,CUST-1887,2025-03-17,Diagnostic & Monitoring,Capnograph Monitor,2,35697.16,6.1,COD,Shipped,Priya Sharma,WH-Gurugram (North),North
ORD-12218,CUST-1102,2025-04-28,Diabetes Care,Insulin Pump,3,35363.26,3.6,UPI,Delivered,Ramesh Rao,WH-Kolkata (East),East
ORD-12219,CUST-1811,2025-02-21,Diabetes Care,Insulin Pen Injector,2,8102.82,12.1,UPI,Delivered,Anjali Nair,WH-Gurugram (North),North
ORD-12220,CUST-1305,2026-07-20,Sterilization & Lab,Ultrasound Cleaner,4,34280.35,13.0,COD,Delivered,Priya Sharma,WH-Bengaluru (South),South
ORD-12221,CUST-1797,2026-06-08,Surgical & Critical Care,Laryngoscope Set,2,16273.13,14.6,UPI,Delivered,Priya Sharma,WH-Bhiwandi (West),West
ORD-12222,CUST-1273,2025-09-21,Diagnostic & Monitoring,Digital Blood Pressure Monitor,2,13251.17,5.5,Debit Card,Delivered,Anjali Nair,WH-Kolkata (East),East
ORD-12223,CUST-1930,2026-03-29,Orthopedic & Mobility,Cervical Traction Unit,4,23481.01,4.2,Net Banking,Cancelled,Sanjay Verma,WH-Bengaluru (South),South
ORD-12224,CUST-1246,2025-05-05,Respiratory Care,Mesh Nebulizer,1,30556.29,10.3,Debit Card,Shipped,Priya Sharma,WH-Gurugram (North),North
ORD-12225,CUST-1921,2026-01-06,Surgical & Critical Care,Surgical Electrocautery Unit,3,8850.93,9.0,Net Banking,Cancelled,Sanjay Verma,WH-Bhiwandi (West),West
ORD-12226,CUST-1341,2026-04-01,Respiratory Care,Suction Machine,2,36545.59,4.4,UPI,Delivered,Ramesh Rao,WH-Gurugram (North),North
ORD-12227,CUST-1435,2026-01-11,Diagnostic & Monitoring,Digital Otoscope,5,42247.52,6.2,Credit Card,Delivered,Vikram Patel,WH-Gurugram (North),North
ORD-12228,CUST-1746,2025-02-19,Surgical & Critical Care,LED Surgical OT Light,5,31385.27,5.9,UPI,Delivered,Sanjay Verma,WH-Bengaluru (South),South
ORD-12229,CUST-1239,2026-05-09,Respiratory Care,Portable Oxygen Concentrator (5L),3,17415.11,3.5,COD,Processing,Priya Sharma,WH-Bengaluru (South),South
ORD-12230,CUST-1443,2026-06-03,Sterilization & Lab,UV Sterilizer Box,3,13997.48,14.4,Net Banking,Cancelled,Anjali Nair,WH-Kolkata (East),East
ORD-12231,CUST-1598,2026-04-30,Diagnostic & Monitoring,Stethoscope (Cardiology Grade),3,2533.7,0.2,COD,Returned,Priya Sharma,WH-Kolkata (East),East
ORD-12232,CUST-1474,2026-02-21,Respiratory Care,Incentive Spirometer,5,11053.28,2.5,UPI,Delivered,Anjali Nair,WH-Bhiwandi (West),West
ORD-12233,CUST-1405,2026-07-13,Respiratory Care,Compressor Nebulizer,1,29999.99,1.0,COD,Shipped,Vikram Patel,WH-Kolkata (East),East
ORD-12234,CUST-1654,2026-01-24,Diagnostic & Monitoring,Continuous Glucose Monitor (CGM),5,30550.23,11.9,UPI,Returned,Priya Sharma,WH-Bengaluru (South),South
ORD-12235,CUST-1123,2026-03-10,Orthopedic & Mobility,TENS Physiotherapy Unit,2,3590.45,3.0,UPI,Delivered,Vikram Patel,WH-Gurugram (North),North
ORD-12236,CUST-1821,2026-07-05,Orthopedic & Mobility,TENS Physiotherapy Unit,4,1050.86,1.9,Credit Card,Delivered,Sanjay Verma,WH-Bengaluru (South),South
ORD-12237,CUST-1273,2026-06-28,Diagnostic & Monitoring,Vascular Doppler,1,26233.58,3.7,COD,Cancelled,Anjali Nair,WH-Bengaluru (South),South
ORD-12238,CUST-1215,2026-05-24,Diagnostic & Monitoring,Vascular Doppler,4,19380.67,0.9,Debit Card,Returned,Ramesh Rao,WH-Kolkata (East),East
ORD-12239,CUST-1210,2026-01-24,Surgical & Critical Care,Surgical Stapler,5,42858.94,13.0,UPI,Cancelled,Anjali Nair,WH-Bengaluru (South),South
ORD-12240,CUST-1115,2025-08-02,Infusion & Vascular,Volumetric Infusion Pump,1,7616.98,10.6,Debit Card,Processing,Priya Sharma,WH-Kolkata (East),East
ORD-12241,CUST-1559,2026-06-09,Surgical & Critical Care,Anesthesia Workstation,1,39271.36,2.5,Debit Card,Returned,Vikram Patel,WH-Gurugram (North),North
ORD-12242,CUST-1955,2026-05-06,Diagnostic & Monitoring,Single-Channel ECG Machine,3,27199.44,13.7,Net Banking,Delivered,Sanjay Verma,WH-Bengaluru (South),South
ORD-12243,CUST-1243,2026-04-07,Respiratory Care,Incentive Spirometer,5,25388.91,4.4,Debit Card,Delivered,Anjali Nair,WH-Kolkata (East),East
ORD-12244,CUST-1472,2026-04-12,Surgical & Critical Care,Surgical Electrocautery Unit,3,33878.95,10.4,COD,Delivered,Sanjay Verma,WH-Gurugram (North),North
ORD-12245,CUST-1348,2025-01-15,Diagnostic & Monitoring,Vascular Doppler,1,6944.26,6.8,Credit Card,Returned,Vikram Patel,WH-Bengaluru (South),South
ORD-12246,CUST-1487,2026-04-07,Sterilization & Lab,Tabletop Steam Autoclave,1,3652.42,13.0,COD,Delivered,Vikram Patel,WH-Kolkata (East),East
ORD-12247,CUST-1891,2026-03-16,Diagnostic & Monitoring,Digital Spirometer,4,19147.22,3.8,Debit Card,Delivered,Anjali Nair,WH-Gurugram (North),North
ORD-12248,CUST-1230,2026-04-13,Diagnostic & Monitoring,Capnograph Monitor,4,19309.94,0.5,Net Banking,Processing,Ramesh Rao,WH-Gurugram (North),North
ORD-12249,CUST-1217,2026-05-02,Infusion & Vascular,Central Venous Catheter Kit,4,44894.33,14.0,Credit Card,Shipped,Vikram Patel,WH-Bengaluru (South),South
ORD-12250,CUST-1963,2026-04-25,Diabetes Care,Insulin Pen Injector,4,29295.66,0.7,UPI,Delivered,Ramesh Rao,WH-Bhiwandi (West),West
ORD-12251,CUST-1615,2024-09-19,Diabetes Care,Blood Glucose Meter Kit,2,36644.67,0.4,COD,Returned,Anjali Nair,WH-Bengaluru (South),South
ORD-12252,CUST-1858,2026-06-11,Diagnostic & Monitoring,Capnograph Monitor,2,10677.35,12.4,COD,Delivered,Anjali Nair,WH-Bhiwandi (West),West
ORD-12253,CUST-1397,2026-02-18,Respiratory Care,Portable Oxygen Concentrator (5L),5,39303.31,2.6,Debit Card,Returned,Anjali Nair,WH-Gurugram (North),North
ORD-12254,CUST-1320,2026-03-29,Orthopedic & Mobility,Walking Frame with Castors,5,9663.52,6.2,Credit Card,Processing,Priya Sharma,WH-Bengaluru (South),South
ORD-12255,CUST-1840,2026-07-01,Diabetes Care,Lancet Device,3,18786.71,9.0,Credit Card,Delivered,Priya Sharma,WH-Gurugram (North),North
ORD-12256,CUST-1165,2025-08-19,Diagnostic & Monitoring,Stethoscope (Cardiology Grade),4,27013.92,10.1,UPI,Delivered,Priya Sharma,WH-Bhiwandi (West),West
ORD-12257,CUST-1327,2026-01-16,Surgical & Critical Care,Pulse Generator Pacemaker,5,21617.24,12.3,UPI,Cancelled,Priya Sharma,WH-Kolkata (East),East
ORD-12258,CUST-1301,2025-07-29,Diagnostic & Monitoring,Digital Spirometer,5,42150.41,9.8,COD,Shipped,Vikram Patel,WH-Gurugram (North),North
ORD-12259,CUST-1859,2026-06-21,Surgical & Critical Care,Anesthesia Workstation,1,34689.37,2.0,COD,Delivered,Ramesh Rao,WH-Bengaluru (South),South
ORD-12260,CUST-1011,2025-03-19,Diagnostic & Monitoring,Vascular Doppler,3,21233.88,13.0,Debit Card,Delivered,Priya Sharma,WH-Bhiwandi (West),West
ORD-12261,CUST-1948,2026-07-11,Orthopedic & Mobility,Air Mattress for Bedsores,2,22238.39,12.1,UPI,Delivered,Ramesh Rao,WH-Gurugram (North),North
ORD-12262,CUST-1543,2026-05-14,Sterilization & Lab,Digital Centrifuge Machine,3,2298.91,11.7,UPI,Returned,Sanjay Verma,WH-Gurugram (North),North
ORD-12263,CUST-1727,2026-07-08,Diagnostic & Monitoring,Multi-Para Patient Monitor,2,37492.44,6.8,Debit Card,Shipped,Ramesh Rao,WH-Kolkata (East),East
ORD-12264,CUST-1466,2025-07-27,Diabetes Care,Blood Glucose Meter Kit,4,3903.01,10.7,COD,Delivered,Sanjay Verma,WH-Bhiwandi (West),West
ORD-12265,CUST-1454,2025-06-18,Orthopedic & Mobility,Air Mattress for Bedsores,4,34115.89,13.1,COD,Delivered,Priya Sharma,WH-Bengaluru (South),South
ORD-12266,CUST-1882,2025-10-11,Surgical & Critical Care,LED Surgical OT Light,4,16699.89,11.8,UPI,Processing,Sanjay Verma,WH-Gurugram (North),North
ORD-12267,CUST-1152,2026-01-24,Orthopedic & Mobility,Motorized Wheelchair,4,13468.41,8.5,Net Banking,Processing,Vikram Patel,WH-Bengaluru (South),South
ORD-12268,CUST-1258,2026-02-20,Diabetes Care,Insulin Pen Injector,4,11865.24,9.2,Debit Card,Delivered,Anjali Nair,WH-Bhiwandi (West),West
ORD-12269,CUST-1814,2026-04-09,Sterilization & Lab,Ultrasound Cleaner,1,13304.76,4.2,COD,Delivered,Priya Sharma,WH-Gurugram (North),North
ORD-12270,CUST-1497,2026-06-29,Surgical & Critical Care,LED Surgical OT Light,5,815.22,6.6,UPI,Returned,Vikram Patel,WH-Bhiwandi (West),West
ORD-12271,CUST-1655,2026-07-17,Infusion & Vascular,Central Venous Catheter Kit,5,29148.37,2.2,Net Banking,Processing,Priya Sharma,WH-Gurugram (North),North
ORD-12272,CUST-1928,2026-05-25,Diabetes Care,Blood Glucose Meter Kit,2,27280.61,2.7,Net Banking,Processing,Sanjay Verma,WH-Kolkata (East),East
ORD-12273,CUST-1820,2025-11-27,Orthopedic & Mobility,Folding Lightweight Wheelchair,5,8840.84,10.8,COD,Returned,Ramesh Rao,WH-Gurugram (North),North
ORD-12274,CUST-1933,2026-07-08,Home Healthcare,Electric Heating Pad,3,21445.92,9.1,Net Banking,Processing,Ramesh Rao,WH-Gurugram (North),North
ORD-12275,CUST-1243,2025-10-02,Surgical & Critical Care,Electric Suction Apparatus,2,7173.39,2.4,UPI,Delivered,Sanjay Verma,WH-Gurugram (North),North
ORD-12276,CUST-1736,2026-02-10,Orthopedic & Mobility,Air Mattress for Bedsores,1,1164.33,4.5,Net Banking,Shipped,Priya Sharma,WH-Bhiwandi (West),West
ORD-12277,CUST-1110,2026-06-27,Diagnostic & Monitoring,Fetal Doppler Heart Rate Monitor,5,28817.61,2.1,Net Banking,Cancelled,Vikram Patel,WH-Bengaluru (South),South
ORD-12278,CUST-1059,2025-06-27,Infusion & Vascular,Volumetric Infusion Pump,2,4604.87,3.0,Debit Card,Delivered,Priya Sharma,WH-Gurugram (North),North
ORD-12279,CUST-1544,2026-02-20,Infusion & Vascular,IV Cannula (18G-24G),1,10267.02,13.4,COD,Delivered,Sanjay Verma,WH-Gurugram (North),North
ORD-12280,CUST-1352,2026-06-24,Respiratory Care,High-Flow Nasal Cannula System,2,9461.25,0.4,COD,Processing,Priya Sharma,WH-Kolkata (East),East
ORD-12281,CUST-1796,2026-02-17,Home Healthcare,Electric Heating Pad,2,16381.32,13.4,Debit Card,Cancelled,Priya Sharma,WH-Gurugram (North),North
ORD-12282,CUST-1794,2026-01-27,Infusion & Vascular,IV Cannula (18G-24G),2,12736.63,4.5,COD,Delivered,Ramesh Rao,WH-Kolkata (East),East
ORD-12283,CUST-1883,2025-07-31,Diabetes Care,Insulin Pen Injector,3,43827.06,7.7,Net Banking,Processing,Ramesh Rao,WH-Bhiwandi (West),West
ORD-12284,CUST-1223,2026-06-21,Infusion & Vascular,Syringe Driver Pump,5,28574.6,4.6,COD,Cancelled,Anjali Nair,WH-Bhiwandi (West),West
ORD-12285,CUST-1051,2025-10-19,Diagnostic & Monitoring,Vascular Doppler,4,19046.12,7.9,UPI,Delivered,Priya Sharma,WH-Bengaluru (South),South
ORD-12286,CUST-1668,2026-03-03,Diagnostic & Monitoring,Pulse Oximeter,4,10618.66,8.5,Net Banking,Cancelled,Vikram Patel,WH-Bengaluru (South),South
ORD-12287,CUST-1359,2025-04-24,Orthopedic & Mobility,TENS Physiotherapy Unit,3,22559.23,5.2,Credit Card,Returned,Ramesh Rao,WH-Kolkata (East),East
ORD-12288,CUST-1306,2026-07-11,Diagnostic & Monitoring,Infrared Non-Contact Thermometer,5,16950.01,6.9,Credit Card,Cancelled,Vikram Patel,WH-Gurugram (North),North
ORD-12289,CUST-1204,2026-05-30,Respiratory Care,Suction Machine,4,30260.93,13.4,Debit Card,Returned,Ramesh Rao,WH-Bhiwandi (West),West
ORD-12290,CUST-1337,2025-08-06,Respiratory Care,Mesh Nebulizer,5,10778.84,7.0,COD,Delivered,Ramesh Rao,WH-Kolkata (East),East
ORD-12291,CUST-1185,2026-02-26,Diabetes Care,Insulin Pump,5,23733.37,13.6,COD,Shipped,Sanjay Verma,WH-Bengaluru (South),South
ORD-12292,CUST-1443,2025-10-17,Sterilization & Lab,Tabletop Steam Autoclave,1,9339.27,2.3,Credit Card,Returned,Ramesh Rao,WH-Bengaluru (South),South
ORD-12293,CUST-1264,2026-06-12,Sterilization & Lab,Tabletop Steam Autoclave,2,42724.84,6.6,UPI,Returned,Anjali Nair,WH-Bengaluru (South),South
ORD-12294,CUST-1626,2026-07-11,Respiratory Care,Suction Machine,2,5451.25,4.8,Debit Card,Delivered,Sanjay Verma,WH-Gurugram (North),North
ORD-12295,CUST-1428,2026-01-24,Respiratory Care,Portable Oxygen Concentrator (5L),2,10843.83,3.6,Credit Card,Delivered,Ramesh Rao,WH-Bengaluru (South),South
ORD-12296,CUST-1768,2026-01-18,Sterilization & Lab,UV Sterilizer Box,5,4556.28,1.7,Credit Card,Delivered,Ramesh Rao,WH-Bengaluru (South),South
ORD-12297,CUST-1662,2025-06-13,Diabetes Care,Insulin Pump,2,25064.86,2.9,Debit Card,Delivered,Anjali Nair,WH-Bhiwandi (West),West
ORD-12298,CUST-1486,2025-10-22,Diagnostic & Monitoring,Stethoscope (Cardiology Grade),4,5090.02,6.1,Net Banking,Cancelled,Vikram Patel,WH-Bengaluru (South),South
ORD-12299,CUST-1444,2026-06-17,Diagnostic & Monitoring,Digital Otoscope,5,10062.81,8.2,Debit Card,Returned,Vikram Patel,WH-Kolkata (East),East
ORD-12300,CUST-1068,2026-01-13,Diagnostic & Monitoring,Stethoscope (Cardiology Grade),4,10180.21,9.2,Debit Card,Delivered,Vikram Patel,WH-Bengaluru (South),South
ORD-12301,CUST-1375,2026-06-16,Home Healthcare,Electric Heating Pad,3,33739.57,4.8,Credit Card,Returned,Priya Sharma,WH-Bhiwandi (West),West
ORD-12302,CUST-1872,2026-06-04,Surgical & Critical Care,Electric Suction Apparatus,1,38746.4,4.6,UPI,Returned,Ramesh Rao,WH-Bhiwandi (West),West
ORD-12303,CUST-1025,2026-07-06,Infusion & Vascular,Dialysis Catheter,1,27015.43,8.1,COD,Returned,Anjali Nair,WH-Gurugram (North),North
ORD-12304,CUST-1210,2026-07-21,Surgical & Critical Care,Pulse Generator Pacemaker,2,716.17,0.2,COD,Delivered,Anjali Nair,WH-Gurugram (North),North
ORD-12305,CUST-1592,2026-05-04,Orthopedic & Mobility,Folding Lightweight Wheelchair,1,23478.51,4.5,Credit Card,Delivered,Sanjay Verma,WH-Bhiwandi (West),West
ORD-12306,CUST-1364,2025-08-17,Diagnostic & Monitoring,Capnograph Monitor,3,43468.58,14.1,Credit Card,Delivered,Sanjay Verma,WH-Bengaluru (South),South
ORD-12307,CUST-1216,2026-05-24,Surgical & Critical Care,Pulse Generator Pacemaker,4,19349.72,8.8,UPI,Cancelled,Anjali Nair,WH-Bhiwandi (West),West
ORD-12308,CUST-1827,2026-06-02,Surgical & Critical Care,Surgical Stapler,5,671.04,14.6,Credit Card,Delivered,Anjali Nair,WH-Kolkata (East),East
ORD-12309,CUST-1993,2025-05-25,Respiratory Care,Auto CPAP Machine,5,10113.44,12.2,COD,Cancelled,Vikram Patel,WH-Bhiwandi (West),West
ORD-12310,CUST-1356,2026-07-16,Respiratory Care,Compressor Nebulizer,3,16728.34,5.2,COD,Cancelled,Ramesh Rao,WH-Bhiwandi (West),West
ORD-12311,CUST-1104,2026-07-18,Diagnostic & Monitoring,Pulse Oximeter,4,17034.07,10.9,UPI,Delivered,Sanjay Verma,WH-Bengaluru (South),South
ORD-12312,CUST-1359,2025-06-05,Diagnostic & Monitoring,Multi-Para Patient Monitor,4,6663.1,7.9,Debit Card,Delivered,Anjali Nair,WH-Kolkata (East),East
ORD-12313,CUST-1421,2026-02-18,Sterilization & Lab,Ultrasound Cleaner,4,33730.56,4.5,Net Banking,Shipped,Ramesh Rao,WH-Gurugram (North),North
ORD-12314,CUST-1679,2026-04-12,Diagnostic & Monitoring,Fetal Doppler Heart Rate Monitor,1,25020.15,9.2,Net Banking,Processing,Anjali Nair,WH-Gurugram (North),North
ORD-12315,CUST-1313,2025-01-25,Surgical & Critical Care,Electric Suction Apparatus,2,1558.43,0.2,Net Banking,Processing,Vikram Patel,WH-Bhiwandi (West),West
ORD-12316,CUST-1905,2026-03-17,Orthopedic & Mobility,Motorized Wheelchair,2,17514.14,10.3,COD,Delivered,Sanjay Verma,WH-Bhiwandi (West),West
ORD-12317,CUST-1631,2025-11-12,Surgical & Critical Care,Surgical Electrocautery Unit,1,10434.37,2.7,Debit Card,Delivered,Priya Sharma,WH-Gurugram (North),North
ORD-12318,CUST-1651,2026-07-06,Home Healthcare,Peak Flow Meter,3,27220.65,5.1,Debit Card,Processing,Sanjay Verma,WH-Kolkata (East),East
ORD-12319,CUST-1284,2025-04-12,Diagnostic & Monitoring,Continuous Glucose Monitor (CGM),2,3795.79,14.4,UPI,Delivered,Ramesh Rao,WH-Kolkata (East),East
ORD-12320,CUST-1517,2026-05-04,Diagnostic & Monitoring,Infrared Non-Contact Thermometer,5,29774.71,11.7,Credit Card,Cancelled,Vikram Patel,WH-Kolkata (East),East
ORD-12321,CUST-1940,2026-06-19,Diagnostic & Monitoring,Fetal Doppler Heart Rate Monitor,1,32980.5,14.9,Net Banking,Shipped,Vikram Patel,WH-Gurugram (North),North
ORD-12322,CUST-1830,2025-11-23,Diagnostic & Monitoring,Stethoscope (Cardiology Grade),3,8311.45,5.0,UPI,Delivered,Ramesh Rao,WH-Kolkata (East),East
ORD-12323,CUST-1623,2026-07-22,Respiratory Care,Incentive Spirometer,5,31489.21,12.4,COD,Delivered,Ramesh Rao,WH-Gurugram (North),North
ORD-12324,CUST-1687,2025-06-19,Respiratory Care,Portable Oxygen Concentrator (5L),4,17740.51,4.7,Net Banking,Returned,Ramesh Rao,WH-Gurugram (North),North
ORD-12325,CUST-1289,2025-11-13,Surgical & Critical Care,Pulse Generator Pacemaker,4,8629.85,11.3,UPI,Returned,Ramesh Rao,WH-Bhiwandi (West),West
ORD-12326,CUST-1230,2026-04-25,Sterilization & Lab,Digital Centrifuge Machine,3,4284.24,8.5,Credit Card,Cancelled,Anjali Nair,WH-Bengaluru (South),South
ORD-12327,CUST-1894,2026-04-07,Orthopedic & Mobility,Folding Lightweight Wheelchair,3,41839.64,1.1,COD,Shipped,Priya Sharma,WH-Kolkata (East),East
ORD-12328,CUST-1415,2026-06-24,Diabetes Care,Insulin Pen Injector,5,5883.75,3.8,UPI,Delivered,Priya Sharma,WH-Gurugram (North),North
ORD-12329,CUST-1059,2025-12-29,Respiratory Care,Auto CPAP Machine,2,37489.14,4.0,Net Banking,Delivered,Ramesh Rao,WH-Gurugram (North),North
ORD-12330,CUST-1979,2025-03-09,Diabetes Care,Insulin Pen Injector,5,2717.65,5.7,Credit Card,Returned,Vikram Patel,WH-Kolkata (East),East
ORD-12331,CUST-1471,2026-07-14,Diagnostic & Monitoring,Multi-Para Patient Monitor,4,2067.27,0.4,COD,Returned,Vikram Patel,WH-Gurugram (North),North
ORD-12332,CUST-1655,2025-10-09,Surgical & Critical Care,Laryngoscope Set,1,11293.4,2.3,Credit Card,Processing,Ramesh Rao,WH-Gurugram (North),North
ORD-12333,CUST-1687,2025-07-16,Surgical & Critical Care,Electric Suction Apparatus,1,34454.23,12.1,COD,Cancelled,Vikram Patel,WH-Bhiwandi (West),West
ORD-12334,CUST-1216,2025-07-24,Infusion & Vascular,Central Venous Catheter Kit,2,33530.29,2.0,Net Banking,Cancelled,Anjali Nair,WH-Bengaluru (South),South
ORD-12335,CUST-1664,2026-06-22,Sterilization & Lab,Digital Centrifuge Machine,3,26376.62,10.0,Debit Card,Delivered,Sanjay Verma,WH-Bengaluru (South),South
ORD-12336,CUST-1427,2025-10-13,Surgical & Critical Care,Anesthesia Workstation,1,13724.42,6.6,Debit Card,Delivered,Vikram Patel,WH-Kolkata (East),East
ORD-12337,CUST-1907,2026-06-21,Orthopedic & Mobility,Motorized Wheelchair,4,27317.09,8.1,UPI,Cancelled,Priya Sharma,WH-Gurugram (North),North
ORD-12338,CUST-1048,2026-07-15,Diagnostic & Monitoring,Infrared Non-Contact Thermometer,1,903.46,5.9,UPI,Shipped,Sanjay Verma,WH-Kolkata (East),East
ORD-12339,CUST-1299,2025-10-02,Sterilization & Lab,Ultrasound Cleaner,1,5646.36,2.5,UPI,Delivered,Vikram Patel,WH-Kolkata (East),East
ORD-12340,CUST-1992,2025-11-02,Diagnostic & Monitoring,Single-Channel ECG Machine,4,29728.05,3.4,Debit Card,Returned,Ramesh Rao,WH-Bhiwandi (West),West
ORD-12341,CUST-1152,2025-08-05,Respiratory Care,Auto CPAP Machine,2,42984.31,13.7,Credit Card,Cancelled,Priya Sharma,WH-Gurugram (North),North
ORD-12342,CUST-1537,2025-10-06,Respiratory Care,Auto CPAP Machine,1,36382.94,10.1,Net Banking,Delivered,Sanjay Verma,WH-Bhiwandi (West),West
ORD-12343,CUST-1263,2025-08-30,Respiratory Care,Compressor Nebulizer,2,4973.71,3.4,COD,Cancelled,Anjali Nair,WH-Gurugram (North),North
ORD-12344,CUST-1235,2025-03-21,Respiratory Care,High-Flow Nasal Cannula System,3,26848.7,6.8,Net Banking,Delivered,Ramesh Rao,WH-Kolkata (East),East
ORD-12345,CUST-1963,2025-06-30,Infusion & Vascular,Volumetric Infusion Pump,3,17275.61,8.3,Debit Card,Delivered,Ramesh Rao,WH-Bhiwandi (West),West
ORD-12346,CUST-1885,2026-06-29,Sterilization & Lab,Digital Centrifuge Machine,4,36060.76,1.9,Debit Card,Cancelled,Ramesh Rao,WH-Gurugram (North),North
ORD-12347,CUST-1116,2025-12-12,Sterilization & Lab,Tabletop Steam Autoclave,5,2360.28,3.0,Net Banking,Delivered,Sanjay Verma,WH-Kolkata (East),East
ORD-12348,CUST-1637,2026-05-16,Sterilization & Lab,Ultrasound Cleaner,1,30311.25,8.1,Debit Card,Processing,Ramesh Rao,WH-Bengaluru (South),South
ORD-12349,CUST-1155,2026-06-12,Orthopedic & Mobility,Motorized Wheelchair,4,7791.35,0.4,Net Banking,Returned,Anjali Nair,WH-Bengaluru (South),South
ORD-12350,CUST-1918,2026-04-25,Surgical & Critical Care,Pulse Generator Pacemaker,1,1070.65,3.5,Credit Card,Processing,Priya Sharma,WH-Bhiwandi (West),West
ORD-12351,CUST-1392,2026-06-23,Orthopedic & Mobility,Cervical Traction Unit,1,26256.91,0.0,Debit Card,Delivered,Priya Sharma,WH-Bhiwandi (West),West
ORD-12352,CUST-1232,2025-09-18,Diabetes Care,Lancet Device,1,42025.5,7.4,UPI,Delivered,Ramesh Rao,WH-Gurugram (North),North
ORD-12353,CUST-1744,2026-03-15,Diagnostic & Monitoring,Fetal Doppler Heart Rate Monitor,1,34536.12,12.4,COD,Delivered,Ramesh Rao,WH-Bengaluru (South),South
ORD-12354,CUST-1910,2024-09-14,Respiratory Care,Auto CPAP Machine,2,30944.16,4.1,UPI,Delivered,Priya Sharma,WH-Bhiwandi (West),West
ORD-12355,CUST-1069,2026-05-22,Respiratory Care,Auto CPAP Machine,4,18096.05,10.5,Debit Card,Delivered,Vikram Patel,WH-Gurugram (North),North
ORD-12356,CUST-1391,2026-07-07,Infusion & Vascular,IV Cannula (18G-24G),2,39996.13,10.6,Credit Card,Cancelled,Anjali Nair,WH-Gurugram (North),North
ORD-12357,CUST-1712,2026-05-19,Orthopedic & Mobility,Walking Frame with Castors,3,35836.2,13.8,COD,Processing,Vikram Patel,WH-Kolkata (East),East
ORD-12358,CUST-1159,2025-08-08,Diagnostic & Monitoring,Fetal Doppler Heart Rate Monitor,2,29217.45,12.2,Debit Card,Delivered,Priya Sharma,WH-Gurugram (North),North
ORD-12359,CUST-1666,2025-11-18,Diagnostic & Monitoring,Capnograph Monitor,4,21846.07,14.3,Credit Card,Shipped,Ramesh Rao,WH-Bhiwandi (West),West
ORD-12360,CUST-1830,2025-10-11,Respiratory Care,Mesh Nebulizer,3,30900.54,13.9,Credit Card,Delivered,Vikram Patel,WH-Bengaluru (South),South
ORD-12361,CUST-1593,2024-10-19,Surgical & Critical Care,Surgical Electrocautery Unit,1,22158.04,12.0,Debit Card,Delivered,Sanjay Verma,WH-Bengaluru (South),South
ORD-12362,CUST-1732,2026-02-26,Respiratory Care,Auto CPAP Machine,5,22993.64,7.5,UPI,Delivered,Sanjay Verma,WH-Bengaluru (South),South
ORD-12363,CUST-1278,2026-06-07,Orthopedic & Mobility,Walking Frame with Castors,1,15574.05,1.1,Debit Card,Delivered,Ramesh Rao,WH-Gurugram (North),North
ORD-12364,CUST-1878,2026-06-30,Infusion & Vascular,Syringe Driver Pump,2,33377.38,6.1,COD,Delivered,Priya Sharma,WH-Kolkata (East),East
ORD-12365,CUST-1230,2026-05-21,Diagnostic & Monitoring,Pulse Oximeter,1,38487.22,2.1,Debit Card,Delivered,Priya Sharma,WH-Gurugram (North),North
ORD-12366,CUST-1180,2026-07-22,Infusion & Vascular,IV Cannula (18G-24G),4,23234.63,14.2,Credit Card,Processing,Vikram Patel,WH-Gurugram (North),North
ORD-12367,CUST-1058,2026-03-30,Diabetes Care,Blood Glucose Meter Kit,4,32411.49,5.5,Credit Card,Returned,Anjali Nair,WH-Gurugram (North),North
ORD-12368,CUST-1252,2026-05-11,Respiratory Care,Portable Oxygen Concentrator (5L),4,32218.71,6.7,UPI,Shipped,Ramesh Rao,WH-Gurugram (North),North
ORD-12369,CUST-1690,2026-06-20,Respiratory Care,Compressor Nebulizer,4,30613.92,11.9,COD,Returned,Vikram Patel,WH-Bhiwandi (West),West
ORD-12370,CUST-1512,2026-07-11,Respiratory Care,Mesh Nebulizer,2,7462.62,10.7,Net Banking,Delivered,Priya Sharma,WH-Kolkata (East),East
ORD-12371,CUST-1705,2026-07-16,Home Healthcare,Digital Vein Finder,4,30733.18,7.9,COD,Returned,Anjali Nair,WH-Bhiwandi (West),West
ORD-12372,CUST-1880,2026-03-01,Diagnostic & Monitoring,Digital Spirometer,4,18322.69,7.8,COD,Delivered,Ramesh Rao,WH-Bengaluru (South),South
ORD-12373,CUST-1248,2026-06-02,Diagnostic & Monitoring,Multi-Para Patient Monitor,3,38984.32,14.8,UPI,Delivered,Sanjay Verma,WH-Kolkata (East),East
ORD-12374,CUST-1369,2025-09-07,Orthopedic & Mobility,Walking Frame with Castors,5,28280.47,3.8,Credit Card,Returned,Vikram Patel,WH-Bengaluru (South),South
ORD-12375,CUST-1057,2026-06-05,Infusion & Vascular,Syringe Driver Pump,5,19034.52,1.1,UPI,Delivered,Sanjay Verma,WH-Kolkata (East),East
ORD-12376,CUST-1411,2026-06-19,Surgical & Critical Care,Surgical Electrocautery Unit,2,31045.11,6.3,Credit Card,Processing,Vikram Patel,WH-Gurugram (North),North
ORD-12377,CUST-1966,2025-02-09,Diagnostic & Monitoring,Multi-Para Patient Monitor,4,21577.58,9.2,Credit Card,Delivered,Ramesh Rao,WH-Kolkata (East),East
ORD-12378,CUST-1875,2026-07-06,Diagnostic & Monitoring,Digital Spirometer,3,25311.61,14.5,UPI,Shipped,Priya Sharma,WH-Gurugram (North),North
ORD-12379,CUST-1703,2026-07-01,Diagnostic & Monitoring,Capnograph Monitor,5,33928.73,4.8,Credit Card,Delivered,Anjali Nair,WH-Gurugram (North),North
ORD-12380,CUST-1675,2026-02-24,Home Healthcare,Electric Heating Pad,3,21950.96,7.9,Net Banking,Cancelled,Priya Sharma,WH-Kolkata (East),East
ORD-12381,CUST-1411,2026-06-06,Surgical & Critical Care,Laryngoscope Set,4,41140.47,1.8,Net Banking,Delivered,Ramesh Rao,WH-Kolkata (East),East
ORD-12382,CUST-1677,2026-02-09,Surgical & Critical Care,Laryngoscope Set,2,21340.97,7.3,Net Banking,Delivered,Priya Sharma,WH-Kolkata (East),East
ORD-12383,CUST-1060,2026-01-26,Orthopedic & Mobility,TENS Physiotherapy Unit,5,20419.45,3.3,Debit Card,Processing,Priya Sharma,WH-Bengaluru (South),South
ORD-12384,CUST-1411,2026-06-02,Surgical & Critical Care,Pulse Generator Pacemaker,4,2482.72,0.6,UPI,Shipped,Sanjay Verma,WH-Gurugram (North),North
ORD-12385,CUST-1475,2025-10-04,Respiratory Care,Mesh Nebulizer,3,2074.3,8.8,Net Banking,Cancelled,Priya Sharma,WH-Bhiwandi (West),West
ORD-12386,CUST-1977,2026-07-14,Diagnostic & Monitoring,Digital Spirometer,5,41807.17,0.2,UPI,Returned,Ramesh Rao,WH-Kolkata (East),East
ORD-12387,CUST-1709,2025-10-16,Sterilization & Lab,Digital Centrifuge Machine,3,18914.82,8.9,Debit Card,Shipped,Vikram Patel,WH-Kolkata (East),East
ORD-12388,CUST-1811,2025-04-15,Diagnostic & Monitoring,Multi-Para Patient Monitor,2,27637.25,6.4,Credit Card,Shipped,Anjali Nair,WH-Bhiwandi (West),West
ORD-12389,CUST-1345,2024-10-01,Respiratory Care,High-Flow Nasal Cannula System,1,23255.76,6.7,Credit Card,Cancelled,Vikram Patel,WH-Kolkata (East),East
ORD-12390,CUST-1247,2026-04-06,Orthopedic & Mobility,Motorized Wheelchair,5,39500.44,9.6,Credit Card,Delivered,Priya Sharma,WH-Gurugram (North),North
ORD-12391,CUST-1475,2025-11-04,Surgical & Critical Care,Defibrillator & AED,4,2471.81,1.9,UPI,Delivered,Sanjay Verma,WH-Gurugram (North),North
ORD-12392,CUST-1426,2025-07-21,Orthopedic & Mobility,Walking Frame with Castors,4,39225.9,0.9,Debit Card,Returned,Priya Sharma,WH-Gurugram (North),North
ORD-12393,CUST-1272,2026-07-03,Diagnostic & Monitoring,Pulse Oximeter,1,13104.87,8.5,COD,Delivered,Ramesh Rao,WH-Kolkata (East),East
ORD-12394,CUST-1589,2025-09-20,Orthopedic & Mobility,Air Mattress for Bedsores,1,12185.2,10.7,UPI,Shipped,Ramesh Rao,WH-Bhiwandi (West),West
ORD-12395,CUST-1837,2026-06-01,Orthopedic & Mobility,Air Mattress for Bedsores,3,33719.17,4.6,Credit Card,Delivered,Sanjay Verma,WH-Gurugram (North),North
ORD-12396,CUST-1618,2026-04-20,Home Healthcare,Peak Flow Meter,5,4965.13,5.6,Net Banking,Cancelled,Priya Sharma,WH-Gurugram (North),North
ORD-12397,CUST-1544,2025-12-11,Surgical & Critical Care,Surgical Electrocautery Unit,5,21923.0,3.9,Debit Card,Returned,Anjali Nair,WH-Bhiwandi (West),West
ORD-12398,CUST-1415,2026-07-06,Diagnostic & Monitoring,Digital Otoscope,1,29323.02,13.0,UPI,Returned,Vikram Patel,WH-Bengaluru (South),South
ORD-12399,CUST-1238,2026-07-14,Orthopedic & Mobility,Motorized Wheelchair,2,25394.58,7.0,Credit Card,Delivered,Anjali Nair,WH-Bhiwandi (West),West
ORD-12400,CUST-1771,2026-07-04,Diagnostic & Monitoring,Infrared Non-Contact Thermometer,1,4248.39,10.3,COD,Returned,Sanjay Verma,WH-Bhiwandi (West),West
ORD-12401,CUST-1239,2025-08-18,Diagnostic & Monitoring,Vascular Doppler,2,21179.18,7.4,COD,Delivered,Sanjay Verma,WH-Kolkata (East),East
ORD-12402,CUST-1201,2026-06-27,Respiratory Care,Incentive Spirometer,5,37819.89,0.4,Credit Card,Processing,Sanjay Verma,WH-Bhiwandi (West),West
ORD-12403,CUST-1777,2026-07-02,Diabetes Care,Blood Glucose Meter Kit,2,42677.39,10.6,Credit Card,Delivered,Priya Sharma,WH-Bengaluru (South),South
ORD-12404,CUST-1123,2026-07-11,Orthopedic & Mobility,Walking Frame with Castors,1,26206.19,14.2,COD,Processing,Priya Sharma,WH-Gurugram (North),North
ORD-12405,CUST-1576,2026-07-05,Home Healthcare,Electric Heating Pad,4,24163.33,11.8,Credit Card,Cancelled,Priya Sharma,WH-Bengaluru (South),South
ORD-12406,CUST-1474,2026-04-21,Diagnostic & Monitoring,Infrared Non-Contact Thermometer,5,35892.76,10.0,UPI,Cancelled,Priya Sharma,WH-Bengaluru (South),South
ORD-12407,CUST-1853,2026-02-11,Diagnostic & Monitoring,Digital Otoscope,4,29016.47,6.4,Debit Card,Cancelled,Anjali Nair,WH-Bhiwandi (West),West
ORD-12408,CUST-1608,2025-09-21,Infusion & Vascular,Central Venous Catheter Kit,4,29004.4,12.4,Debit Card,Delivered,Sanjay Verma,WH-Bengaluru (South),South
ORD-12409,CUST-1048,2025-12-26,Surgical & Critical Care,LED Surgical OT Light,3,27345.22,8.5,Credit Card,Delivered,Anjali Nair,WH-Kolkata (East),East
ORD-12410,CUST-1322,2026-05-31,Diagnostic & Monitoring,Pulse Oximeter,4,7693.05,14.4,Debit Card,Shipped,Sanjay Verma,WH-Bengaluru (South),South
ORD-12411,CUST-1240,2026-07-04,Home Healthcare,Peak Flow Meter,5,4354.75,2.0,Debit Card,Cancelled,Ramesh Rao,WH-Bengaluru (South),South
ORD-12412,CUST-1008,2025-03-04,Respiratory Care,Compressor Nebulizer,4,3549.07,10.7,Debit Card,Cancelled,Vikram Patel,WH-Bengaluru (South),South
ORD-12413,CUST-1338,2026-07-22,Orthopedic & Mobility,Walking Frame with Castors,4,21010.6,1.8,UPI,Processing,Priya Sharma,WH-Kolkata (East),East
ORD-12414,CUST-1603,2025-08-08,Surgical & Critical Care,Laryngoscope Set,2,3459.7,8.5,Debit Card,Returned,Ramesh Rao,WH-Kolkata (East),East
ORD-12415,CUST-1777,2026-06-04,Surgical & Critical Care,LED Surgical OT Light,1,22349.42,12.8,Net Banking,Processing,Vikram Patel,WH-Kolkata (East),East
ORD-12416,CUST-1783,2026-02-22,Diagnostic & Monitoring,Stethoscope (Cardiology Grade),4,42556.87,6.8,Debit Card,Returned,Ramesh Rao,WH-Bhiwandi (West),West
ORD-12417,CUST-1428,2026-07-04,Diagnostic & Monitoring,Digital Blood Pressure Monitor,3,10400.42,5.3,COD,Cancelled,Sanjay Verma,WH-Bengaluru (South),South
ORD-12418,CUST-1478,2026-06-23,Surgical & Critical Care,Electric Suction Apparatus,3,44353.42,8.2,COD,Shipped,Vikram Patel,WH-Gurugram (North),North
ORD-12419,CUST-1549,2026-01-12,Respiratory Care,Suction Machine,2,36873.59,10.9,Net Banking,Delivered,Ramesh Rao,WH-Bhiwandi (West),West
ORD-12420,CUST-1138,2026-07-15,Diagnostic & Monitoring,Multi-Para Patient Monitor,2,38848.88,0.0,UPI,Shipped,Sanjay Verma,WH-Bhiwandi (West),West
ORD-12421,CUST-1693,2025-05-24,Surgical & Critical Care,LED Surgical OT Light,3,12084.47,13.9,Debit Card,Delivered,Sanjay Verma,WH-Kolkata (East),East
ORD-12422,CUST-1098,2026-01-25,Orthopedic & Mobility,Folding Lightweight Wheelchair,5,4690.88,9.1,COD,Delivered,Sanjay Verma,WH-Bengaluru (South),South
ORD-12423,CUST-1690,2026-07-16,Infusion & Vascular,Syringe Driver Pump,5,18307.48,11.2,COD,Delivered,Sanjay Verma,WH-Gurugram (North),North
ORD-12424,CUST-1622,2025-08-28,Orthopedic & Mobility,TENS Physiotherapy Unit,5,8318.45,7.0,Net Banking,Delivered,Sanjay Verma,WH-Kolkata (East),East
ORD-12425,CUST-1782,2026-01-04,Surgical & Critical Care,Defibrillator & AED,4,11043.01,9.0,UPI,Delivered,Ramesh Rao,WH-Gurugram (North),North
ORD-12426,CUST-1185,2026-04-07,Diabetes Care,Insulin Pen Injector,3,18617.85,0.4,Net Banking,Delivered,Sanjay Verma,WH-Kolkata (East),East
ORD-12427,CUST-1675,2026-07-14,Diagnostic & Monitoring,Multi-Para Patient Monitor,3,20468.33,13.5,Net Banking,Delivered,Ramesh Rao,WH-Bengaluru (South),South
ORD-12428,CUST-1641,2025-12-01,Diagnostic & Monitoring,Fetal Doppler Heart Rate Monitor,4,15940.15,2.8,Net Banking,Delivered,Ramesh Rao,WH-Bengaluru (South),South
ORD-12429,CUST-1042,2026-05-29,Respiratory Care,Mesh Nebulizer,4,20691.35,9.1,Net Banking,Delivered,Priya Sharma,WH-Kolkata (East),East
ORD-12430,CUST-1898,2026-01-20,Sterilization & Lab,Tabletop Steam Autoclave,1,25252.7,7.6,Net Banking,Cancelled,Anjali Nair,WH-Gurugram (North),North
ORD-12431,CUST-1730,2025-07-19,Orthopedic & Mobility,TENS Physiotherapy Unit,1,19083.8,3.1,COD,Shipped,Ramesh Rao,WH-Bengaluru (South),South
ORD-12432,CUST-1273,2025-10-01,Surgical & Critical Care,Pulse Generator Pacemaker,5,37940.85,8.7,Credit Card,Returned,Sanjay Verma,WH-Gurugram (North),North
ORD-12433,CUST-1870,2026-06-25,Respiratory Care,Auto CPAP Machine,4,28632.0,14.8,Debit Card,Returned,Priya Sharma,WH-Gurugram (North),North
ORD-12434,CUST-1823,2025-05-22,Diagnostic & Monitoring,Single-Channel ECG Machine,3,7736.03,5.8,Net Banking,Delivered,Vikram Patel,WH-Bhiwandi (West),West
ORD-12435,CUST-1696,2025-11-27,Respiratory Care,Compressor Nebulizer,5,12614.26,12.3,UPI,Delivered,Ramesh Rao,WH-Gurugram (North),North
ORD-12436,CUST-1764,2026-01-17,Sterilization & Lab,UV Sterilizer Box,1,15721.47,8.7,COD,Delivered,Anjali Nair,WH-Bhiwandi (West),West
ORD-12437,CUST-1052,2025-11-16,Respiratory Care,Compressor Nebulizer,1,15582.53,10.9,COD,Processing,Sanjay Verma,WH-Kolkata (East),East
ORD-12438,CUST-1913,2026-06-26,Surgical & Critical Care,Anesthesia Workstation,2,13137.02,6.3,Credit Card,Delivered,Priya Sharma,WH-Bengaluru (South),South
ORD-12439,CUST-1712,2026-06-03,Diabetes Care,Insulin Pen Injector,3,23532.47,4.1,UPI,Returned,Sanjay Verma,WH-Bengaluru (South),South
ORD-12440,CUST-1921,2026-05-26,Diabetes Care,Lancet Device,2,29967.12,9.7,UPI,Delivered,Priya Sharma,WH-Kolkata (East),East
ORD-12441,CUST-1818,2026-03-19,Respiratory Care,Incentive Spirometer,2,1794.0,8.8,Debit Card,Delivered,Ramesh Rao,WH-Kolkata (East),East
ORD-12442,CUST-1493,2025-10-15,Home Healthcare,Peak Flow Meter,2,14512.97,6.2,Net Banking,Cancelled,Priya Sharma,WH-Bhiwandi (West),West
ORD-12443,CUST-1435,2025-12-02,Respiratory Care,BiPAP Machine,1,34690.07,6.5,Credit Card,Cancelled,Sanjay Verma,WH-Bhiwandi (West),West
ORD-12444,CUST-1186,2026-05-25,Diabetes Care,Insulin Pump,2,32144.1,7.8,Net Banking,Delivered,Ramesh Rao,WH-Kolkata (East),East
ORD-12445,CUST-1635,2026-06-11,Diagnostic & Monitoring,Continuous Glucose Monitor (CGM),1,11104.28,2.1,UPI,Cancelled,Ramesh Rao,WH-Bhiwandi (West),West
ORD-12446,CUST-1455,2025-12-25,Respiratory Care,Portable Oxygen Concentrator (5L),2,11732.99,7.2,COD,Returned,Priya Sharma,WH-Gurugram (North),North
ORD-12447,CUST-1012,2025-02-01,Diagnostic & Monitoring,Digital Blood Pressure Monitor,5,30892.18,1.5,Credit Card,Returned,Priya Sharma,WH-Gurugram (North),North
ORD-12448,CUST-1756,2026-06-17,Orthopedic & Mobility,Walking Frame with Castors,3,27539.28,3.0,COD,Delivered,Sanjay Verma,WH-Bhiwandi (West),West
ORD-12449,CUST-1067,2025-09-23,Surgical & Critical Care,Laryngoscope Set,5,15838.3,12.4,Credit Card,Delivered,Vikram Patel,WH-Bhiwandi (West),West
ORD-12450,CUST-1238,2026-07-04,Diabetes Care,Insulin Pen Injector,2,26175.0,10.2,Credit Card,Processing,Sanjay Verma,WH-Bhiwandi (West),West
ORD-12451,CUST-1049,2025-05-21,Infusion & Vascular,Syringe Driver Pump,4,27033.1,1.0,Credit Card,Shipped,Anjali Nair,WH-Bengaluru (South),South
ORD-12452,CUST-1550,2026-06-15,Orthopedic & Mobility,Folding Lightweight Wheelchair,2,15353.61,1.2,Debit Card,Delivered,Vikram Patel,WH-Bhiwandi (West),West
ORD-12453,CUST-1666,2026-06-28,Sterilization & Lab,Tabletop Steam Autoclave,1,41906.49,1.4,COD,Delivered,Anjali Nair,WH-Bhiwandi (West),West
ORD-12454,CUST-1535,2025-01-24,Surgical & Critical Care,Laryngoscope Set,4,31790.1,12.0,Net Banking,Shipped,Priya Sharma,WH-Bhiwandi (West),West
ORD-12455,CUST-1292,2025-04-27,Orthopedic & Mobility,Cervical Traction Unit,5,27281.03,3.8,Net Banking,Processing,Vikram Patel,WH-Bhiwandi (West),West
ORD-12456,CUST-1519,2025-07-27,Diabetes Care,Blood Glucose Meter Kit,5,648.83,11.8,Credit Card,Delivered,Anjali Nair,WH-Bengaluru (South),South
ORD-12457,CUST-1983,2025-01-23,Surgical & Critical Care,Laryngoscope Set,4,15331.65,5.0,Net Banking,Delivered,Anjali Nair,WH-Kolkata (East),East
ORD-12458,CUST-1643,2024-12-17,Diagnostic & Monitoring,Single-Channel ECG Machine,2,5021.1,0.5,UPI,Processing,Ramesh Rao,WH-Gurugram (North),North
ORD-12459,CUST-1476,2026-06-03,Home Healthcare,Peak Flow Meter,1,14666.51,4.9,Debit Card,Delivered,Sanjay Verma,WH-Kolkata (East),East
ORD-12460,CUST-1176,2025-05-14,Infusion & Vascular,Syringe Driver Pump,5,28837.0,14.0,Debit Card,Delivered,Ramesh Rao,WH-Bengaluru (South),South
ORD-12461,CUST-1691,2026-05-04,Orthopedic & Mobility,Folding Lightweight Wheelchair,1,6301.87,5.6,Net Banking,Cancelled,Sanjay Verma,WH-Bengaluru (South),South
ORD-12462,CUST-1363,2025-03-25,Respiratory Care,Compressor Nebulizer,3,21044.24,0.8,Debit Card,Shipped,Anjali Nair,WH-Gurugram (North),North
ORD-12463,CUST-1730,2025-08-02,Orthopedic & Mobility,Folding Lightweight Wheelchair,1,1343.63,4.9,Net Banking,Returned,Anjali Nair,WH-Bengaluru (South),South
ORD-12464,CUST-1754,2026-06-01,Infusion & Vascular,Volumetric Infusion Pump,3,28853.24,13.1,Net Banking,Delivered,Sanjay Verma,WH-Bhiwandi (West),West
ORD-12465,CUST-1525,2026-05-12,Respiratory Care,Suction Machine,2,7225.19,2.7,Net Banking,Processing,Priya Sharma,WH-Bhiwandi (West),West
ORD-12466,CUST-1129,2025-11-22,Home Healthcare,Peak Flow Meter,4,5467.31,14.8,COD,Delivered,Ramesh Rao,WH-Bengaluru (South),South
ORD-12467,CUST-1935,2025-07-01,Diabetes Care,Insulin Pen Injector,3,33877.75,6.5,COD,Delivered,Priya Sharma,WH-Gurugram (North),North
ORD-12468,CUST-1094,2025-12-04,Infusion & Vascular,IV Cannula (18G-24G),5,22354.59,14.3,COD,Delivered,Vikram Patel,WH-Kolkata (East),East
ORD-12469,CUST-1980,2025-09-11,Respiratory Care,High-Flow Nasal Cannula System,2,38822.19,5.6,Net Banking,Delivered,Ramesh Rao,WH-Bengaluru (South),South
ORD-12470,CUST-1847,2026-04-20,Diagnostic & Monitoring,Digital Blood Pressure Monitor,3,44864.41,10.5,Credit Card,Cancelled,Anjali Nair,WH-Kolkata (East),East
ORD-12471,CUST-1741,2025-10-19,Orthopedic & Mobility,Walking Frame with Castors,1,38027.97,9.0,UPI,Shipped,Sanjay Verma,WH-Kolkata (East),East
ORD-12472,CUST-1236,2025-12-01,Diagnostic & Monitoring,Digital Blood Pressure Monitor,5,22975.16,2.5,UPI,Delivered,Ramesh Rao,WH-Bhiwandi (West),West
ORD-12473,CUST-1117,2026-03-15,Sterilization & Lab,Digital Centrifuge Machine,3,25040.97,1.8,UPI,Delivered,Vikram Patel,WH-Bhiwandi (West),West
ORD-12474,CUST-1128,2026-02-18,Respiratory Care,BiPAP Machine,3,43691.67,8.3,UPI,Delivered,Anjali Nair,WH-Bhiwandi (West),West
ORD-12475,CUST-1484,2026-07-14,Diagnostic & Monitoring,Multi-Para Patient Monitor,3,4168.68,10.7,COD,Processing,Anjali Nair,WH-Bengaluru (South),South
ORD-12476,CUST-1197,2026-02-19,Orthopedic & Mobility,TENS Physiotherapy Unit,4,38814.14,6.6,COD,Delivered,Vikram Patel,WH-Bhiwandi (West),West
ORD-12477,CUST-1552,2024-12-21,Diagnostic & Monitoring,Pulse Oximeter,2,21695.62,11.2,COD,Cancelled,Anjali Nair,WH-Bengaluru (South),South
ORD-12478,CUST-1538,2026-04-19,Surgical & Critical Care,Electric Suction Apparatus,5,5481.3,0.5,Debit Card,Processing,Anjali Nair,WH-Bhiwandi (West),West
ORD-12479,CUST-1880,2025-10-19,Diagnostic & Monitoring,Multi-Para Patient Monitor,1,28933.03,13.5,Credit Card,Processing,Anjali Nair,WH-Kolkata (East),East
ORD-12480,CUST-1611,2025-03-22,Infusion & Vascular,Volumetric Infusion Pump,1,9943.49,0.3,UPI,Cancelled,Ramesh Rao,WH-Bhiwandi (West),West
ORD-12481,CUST-1952,2025-10-16,Respiratory Care,Incentive Spirometer,2,39006.53,14.5,COD,Cancelled,Vikram Patel,WH-Bengaluru (South),South
ORD-12482,CUST-1498,2026-02-24,Diagnostic & Monitoring,Digital Otoscope,3,41678.24,5.2,Debit Card,Shipped,Vikram Patel,WH-Kolkata (East),East
ORD-12483,CUST-1924,2026-07-07,Respiratory Care,Compressor Nebulizer,5,13716.42,1.0,Net Banking,Delivered,Vikram Patel,WH-Bhiwandi (West),West
ORD-12484,CUST-1235,2026-01-18,Diabetes Care,Lancet Device,1,12842.94,9.6,Net Banking,Processing,Sanjay Verma,WH-Gurugram (North),North
ORD-12485,CUST-1236,2026-05-07,Diagnostic & Monitoring,Continuous Glucose Monitor (CGM),3,4459.14,4.7,Net Banking,Processing,Anjali Nair,WH-Bengaluru (South),South
ORD-12486,CUST-1415,2026-03-20,Surgical & Critical Care,Laryngoscope Set,1,28335.82,8.9,Credit Card,Processing,Priya Sharma,WH-Bengaluru (South),South
ORD-12487,CUST-1214,2026-07-21,Surgical & Critical Care,Laryngoscope Set,5,6471.01,14.8,Credit Card,Delivered,Ramesh Rao,WH-Bengaluru (South),South
ORD-12488,CUST-1256,2025-12-12,Diagnostic & Monitoring,Capnograph Monitor,1,33961.38,6.4,Debit Card,Delivered,Ramesh Rao,WH-Bengaluru (South),South
ORD-12489,CUST-1692,2026-03-24,Sterilization & Lab,Ultrasound Cleaner,1,33398.81,9.2,Debit Card,Shipped,Ramesh Rao,WH-Bhiwandi (West),West
ORD-12490,CUST-1085,2026-06-25,Infusion & Vascular,Syringe Driver Pump,5,27121.31,13.5,Net Banking,Delivered,Ramesh Rao,WH-Bengaluru (South),South
ORD-12491,CUST-1214,2026-07-21,Sterilization & Lab,UV Sterilizer Box,4,10145.34,10.6,Credit Card,Processing,Anjali Nair,WH-Bengaluru (South),South
ORD-12492,CUST-1214,2026-07-19,Home Healthcare,Peak Flow Meter,2,44091.02,11.5,Net Banking,Returned,Priya Sharma,WH-Gurugram (North),North
ORD-12493,CUST-1734,2026-07-15,Surgical & Critical Care,Laryngoscope Set,2,1493.1,14.1,COD,Cancelled,Priya Sharma,WH-Bhiwandi (West),West
ORD-12494,CUST-1758,2026-03-24,Surgical & Critical Care,Anesthesia Workstation,5,33236.13,2.0,Net Banking,Delivered,Priya Sharma,WH-Bhiwandi (West),West
ORD-12495,CUST-1379,2026-07-13,Diagnostic & Monitoring,Capnograph Monitor,1,15041.7,6.5,Credit Card,Shipped,Priya Sharma,WH-Bengaluru (South),South
ORD-12496,CUST-1007,2026-07-13,Diagnostic & Monitoring,Pulse Oximeter,1,32870.58,6.6,Debit Card,Returned,Anjali Nair,WH-Bhiwandi (West),West
ORD-12497,CUST-1238,2026-07-06,Infusion & Vascular,Syringe Driver Pump,5,14473.6,0.1,Debit Card,Cancelled,Sanjay Verma,WH-Bengaluru (South),South
ORD-12498,CUST-1494,2026-05-02,Home Healthcare,Digital Vein Finder,4,7009.54,4.3,Net Banking,Cancelled,Anjali Nair,WH-Bengaluru (South),South
ORD-12499,CUST-1831,2026-03-01,Infusion & Vascular,Dialysis Catheter,5,24863.8,12.8,UPI,Processing,Priya Sharma,WH-Bhiwandi (West),West
ORD-12500,CUST-1096,2026-04-09,Diagnostic & Monitoring,Vascular Doppler,4,22358.41,15.0,Debit Card,Delivered,Ramesh Rao,WH-Kolkata (East),East
ORD-12501,CUST-1288,2026-05-06,Infusion & Vascular,Syringe Driver Pump,4,7240.63,5.6,Net Banking,Shipped,Sanjay Verma,WH-Kolkata (East),East
ORD-12502,CUST-1906,2026-04-23,Diagnostic & Monitoring,Fetal Doppler Heart Rate Monitor,5,31954.88,2.9,Net Banking,Delivered,Priya Sharma,WH-Gurugram (North),North
ORD-12503,CUST-1856,2025-03-13,Sterilization & Lab,Digital Centrifuge Machine,1,24263.74,6.3,COD,Processing,Anjali Nair,WH-Gurugram (North),North
ORD-12504,CUST-1836,2026-04-19,Surgical & Critical Care,Anesthesia Workstation,1,25167.5,12.7,Credit Card,Cancelled,Vikram Patel,WH-Gurugram (North),North
ORD-12505,CUST-1065,2026-04-28,Orthopedic & Mobility,Air Mattress for Bedsores,3,40263.65,7.5,UPI,Delivered,Ramesh Rao,WH-Bhiwandi (West),West
ORD-12506,CUST-1057,2026-04-06,Orthopedic & Mobility,Folding Lightweight Wheelchair,2,33365.65,4.8,UPI,Delivered,Sanjay Verma,WH-Kolkata (East),East
ORD-12507,CUST-1494,2026-01-07,Respiratory Care,Mesh Nebulizer,2,30225.95,4.1,Net Banking,Delivered,Vikram Patel,WH-Kolkata (East),East
ORD-12508,CUST-1012,2025-12-17,Diagnostic & Monitoring,Digital Otoscope,4,26953.55,2.8,Net Banking,Delivered,Vikram Patel,WH-Bhiwandi (West),West
ORD-12509,CUST-1542,2025-11-08,Sterilization & Lab,Tabletop Steam Autoclave,5,44959.99,0.5,COD,Delivered,Sanjay Verma,WH-Kolkata (East),East
ORD-12510,CUST-1148,2025-08-11,Infusion & Vascular,Syringe Driver Pump,1,13800.9,8.1,Net Banking,Returned,Vikram Patel,WH-Gurugram (North),North
ORD-12511,CUST-1059,2025-07-06,Orthopedic & Mobility,Cervical Traction Unit,5,4078.13,4.8,Credit Card,Shipped,Sanjay Verma,WH-Gurugram (North),North
ORD-12512,CUST-1129,2026-01-20,Infusion & Vascular,Dialysis Catheter,4,22861.42,13.3,Net Banking,Delivered,Sanjay Verma,WH-Bengaluru (South),South
ORD-12513,CUST-1054,2026-05-27,Sterilization & Lab,UV Sterilizer Box,5,30847.85,8.7,Net Banking,Returned,Ramesh Rao,WH-Kolkata (East),East
ORD-12514,CUST-1809,2026-01-08,Diagnostic & Monitoring,Pulse Oximeter,5,25885.11,0.1,Debit Card,Shipped,Ramesh Rao,WH-Bhiwandi (West),West
ORD-12515,CUST-1443,2026-01-30,Surgical & Critical Care,LED Surgical OT Light,1,16860.67,4.0,UPI,Delivered,Anjali Nair,WH-Bengaluru (South),South
ORD-12516,CUST-1414,2026-06-12,Surgical & Critical Care,Anesthesia Workstation,5,9660.35,13.6,Credit Card,Cancelled,Ramesh Rao,WH-Gurugram (North),North
ORD-12517,CUST-1699,2026-01-19,Infusion & Vascular,Volumetric Infusion Pump,2,7644.28,4.1,Net Banking,Returned,Priya Sharma,WH-Bengaluru (South),South
ORD-12518,CUST-1020,2026-07-09,Diagnostic & Monitoring,Multi-Para Patient Monitor,4,32683.49,14.2,Net Banking,Cancelled,Anjali Nair,WH-Gurugram (North),North
ORD-12519,CUST-1042,2026-04-02,Diagnostic & Monitoring,Continuous Glucose Monitor (CGM),3,30129.23,6.9,UPI,Cancelled,Anjali Nair,WH-Kolkata (East),East
ORD-12520,CUST-1548,2026-05-22,Infusion & Vascular,Central Venous Catheter Kit,4,28014.05,4.8,UPI,Delivered,Ramesh Rao,WH-Bhiwandi (West),West
ORD-12521,CUST-1594,2026-07-22,Diagnostic & Monitoring,Pulse Oximeter,3,34236.0,1.1,Net Banking,Shipped,Vikram Patel,WH-Bengaluru (South),South
ORD-12522,CUST-1606,2025-11-12,Infusion & Vascular,IV Cannula (18G-24G),5,24476.51,2.1,Net Banking,Returned,Vikram Patel,WH-Bengaluru (South),South
ORD-12523,CUST-1976,2026-03-28,Infusion & Vascular,Dialysis Catheter,2,11709.75,11.9,COD,Delivered,Anjali Nair,WH-Bhiwandi (West),West
ORD-12524,CUST-1418,2025-05-10,Surgical & Critical Care,Laryngoscope Set,2,23124.78,8.7,Net Banking,Processing,Anjali Nair,WH-Kolkata (East),East
ORD-12525,CUST-1358,2026-01-30,Surgical & Critical Care,Defibrillator & AED,3,7864.71,8.8,COD,Delivered,Sanjay Verma,WH-Bengaluru (South),South
ORD-12526,CUST-1605,2025-05-26,Diabetes Care,Insulin Pen Injector,4,44674.56,9.0,UPI,Returned,Ramesh Rao,WH-Bhiwandi (West),West
ORD-12527,CUST-1684,2025-09-09,Respiratory Care,Incentive Spirometer,3,28186.25,9.2,UPI,Delivered,Ramesh Rao,WH-Bengaluru (South),South
ORD-12528,CUST-1390,2026-03-20,Diabetes Care,Lancet Device,3,28032.18,11.3,COD,Processing,Vikram Patel,WH-Gurugram (North),North
ORD-12529,CUST-1187,2026-01-31,Diagnostic & Monitoring,Capnograph Monitor,5,12449.31,11.3,Net Banking,Cancelled,Anjali Nair,WH-Gurugram (North),North
ORD-12530,CUST-1018,2026-07-02,Sterilization & Lab,Tabletop Steam Autoclave,5,33905.73,7.0,COD,Cancelled,Priya Sharma,WH-Bengaluru (South),South
ORD-12531,CUST-1158,2026-04-30,Diabetes Care,Lancet Device,4,18060.06,5.2,COD,Processing,Ramesh Rao,WH-Kolkata (East),East
ORD-12532,CUST-1255,2025-04-01,Orthopedic & Mobility,Folding Lightweight Wheelchair,4,28059.71,11.1,Debit Card,Cancelled,Sanjay Verma,WH-Kolkata (East),East
ORD-12533,CUST-1683,2025-12-29,Sterilization & Lab,Tabletop Steam Autoclave,2,41651.95,6.6,UPI,Processing,Ramesh Rao,WH-Bengaluru (South),South
ORD-12534,CUST-1638,2026-05-03,Surgical & Critical Care,Laryngoscope Set,2,6001.96,9.4,Debit Card,Delivered,Vikram Patel,WH-Kolkata (East),East
ORD-12535,CUST-1043,2025-08-05,Respiratory Care,BiPAP Machine,2,41310.44,11.8,Net Banking,Processing,Priya Sharma,WH-Gurugram (North),North
ORD-12536,CUST-1379,2026-07-09,Diagnostic & Monitoring,Digital Otoscope,2,40743.7,14.3,Credit Card,Delivered,Anjali Nair,WH-Bhiwandi (West),West
ORD-12537,CUST-1866,2026-07-11,Surgical & Critical Care,Defibrillator & AED,1,39465.29,14.6,Credit Card,Delivered,Anjali Nair,WH-Gurugram (North),North
ORD-12538,CUST-1885,2026-07-05,Respiratory Care,Portable Oxygen Concentrator (5L),2,813.17,7.1,Debit Card,Delivered,Anjali Nair,WH-Bhiwandi (West),West
ORD-12539,CUST-1573,2026-05-18,Diabetes Care,Lancet Device,2,7646.88,6.3,Debit Card,Delivered,Vikram Patel,WH-Bengaluru (South),South
ORD-12540,CUST-1016,2026-02-10,Surgical & Critical Care,Anesthesia Workstation,5,2495.96,7.5,Net Banking,Processing,Anjali Nair,WH-Bhiwandi (West),West
ORD-12541,CUST-1329,2026-05-03,Diagnostic & Monitoring,Infrared Non-Contact Thermometer,5,41822.18,12.1,COD,Shipped,Sanjay Verma,WH-Bhiwandi (West),West
ORD-12542,CUST-1329,2026-05-09,Infusion & Vascular,IV Cannula (18G-24G),5,6786.36,2.6,UPI,Delivered,Sanjay Verma,WH-Bhiwandi (West),West
ORD-12543,CUST-1932,2026-07-15,Orthopedic & Mobility,Motorized Wheelchair,5,12290.25,5.4,UPI,Returned,Ramesh Rao,WH-Gurugram (North),North
ORD-12544,CUST-1160,2026-07-21,Orthopedic & Mobility,TENS Physiotherapy Unit,5,23743.82,7.1,COD,Cancelled,Sanjay Verma,WH-Kolkata (East),East
ORD-12545,CUST-1516,2026-07-08,Orthopedic & Mobility,Walking Frame with Castors,5,9699.45,12.2,Credit Card,Processing,Sanjay Verma,WH-Bengaluru (South),South
ORD-12546,CUST-1950,2026-07-06,Diabetes Care,Insulin Pen Injector,2,43889.43,2.9,COD,Returned,Anjali Nair,WH-Kolkata (East),East
ORD-12547,CUST-1400,2025-06-13,Respiratory Care,Suction Machine,2,24053.95,2.6,Debit Card,Shipped,Priya Sharma,WH-Kolkata (East),East
ORD-12548,CUST-1569,2025-11-28,Diabetes Care,Blood Glucose Meter Kit,3,21026.33,8.7,UPI,Returned,Vikram Patel,WH-Gurugram (North),North
ORD-12549,CUST-1993,2026-03-19,Diabetes Care,Lancet Device,4,40714.98,14.9,Credit Card,Returned,Anjali Nair,WH-Bengaluru (South),South
ORD-12550,CUST-1815,2024-11-23,Infusion & Vascular,IV Cannula (18G-24G),2,12399.44,10.2,Debit Card,Delivered,Sanjay Verma,WH-Gurugram (North),North
ORD-12551,CUST-1164,2026-05-04,Infusion & Vascular,Syringe Driver Pump,3,26283.36,10.9,COD,Shipped,Anjali Nair,WH-Bhiwandi (West),West
ORD-12552,CUST-1941,2026-04-20,Respiratory Care,Auto CPAP Machine,4,3578.11,5.3,COD,Processing,Priya Sharma,WH-Gurugram (North),North
ORD-12553,CUST-1702,2026-07-11,Diagnostic & Monitoring,Stethoscope (Cardiology Grade),5,24471.1,4.0,UPI,Processing,Sanjay Verma,WH-Gurugram (North),North
ORD-12554,CUST-1614,2026-06-18,Respiratory Care,Suction Machine,1,29419.78,12.2,Credit Card,Delivered,Vikram Patel,WH-Gurugram (North),North
ORD-12555,CUST-1379,2026-06-23,Orthopedic & Mobility,Folding Lightweight Wheelchair,4,10322.75,10.3,Credit Card,Returned,Sanjay Verma,WH-Bhiwandi (West),West
ORD-12556,CUST-1744,2026-01-01,Diagnostic & Monitoring,Single-Channel ECG Machine,4,25483.66,13.7,COD,Delivered,Sanjay Verma,WH-Bengaluru (South),South
ORD-12557,CUST-1193,2026-04-05,Diagnostic & Monitoring,Single-Channel ECG Machine,5,8724.02,4.8,COD,Delivered,Vikram Patel,WH-Gurugram (North),North
ORD-12558,CUST-1652,2026-06-28,Surgical & Critical Care,Electric Suction Apparatus,3,7037.6,11.6,Credit Card,Delivered,Anjali Nair,WH-Gurugram (North),North
ORD-12559,CUST-1902,2025-01-03,Diagnostic & Monitoring,Digital Otoscope,5,24921.55,8.6,UPI,Processing,Ramesh Rao,WH-Bengaluru (South),South
ORD-12560,CUST-1224,2025-11-09,Diagnostic & Monitoring,Fetal Doppler Heart Rate Monitor,2,20263.49,9.5,Credit Card,Cancelled,Ramesh Rao,WH-Kolkata (East),East
ORD-12561,CUST-1212,2026-02-27,Orthopedic & Mobility,Air Mattress for Bedsores,2,8612.07,13.7,Net Banking,Shipped,Vikram Patel,WH-Bhiwandi (West),West
ORD-12562,CUST-1728,2026-05-21,Diagnostic & Monitoring,Multi-Para Patient Monitor,5,33976.41,9.5,Debit Card,Shipped,Sanjay Verma,WH-Kolkata (East),East
ORD-12563,CUST-1825,2025-09-04,Surgical & Critical Care,Laryngoscope Set,2,33453.9,14.0,UPI,Returned,Sanjay Verma,WH-Bhiwandi (West),West
ORD-12564,CUST-1311,2026-04-09,Diagnostic & Monitoring,Fetal Doppler Heart Rate Monitor,3,9924.85,13.7,Debit Card,Cancelled,Ramesh Rao,WH-Bhiwandi (West),West
ORD-12565,CUST-1761,2026-06-11,Infusion & Vascular,Dialysis Catheter,5,38853.02,0.7,UPI,Processing,Anjali Nair,WH-Bengaluru (South),South
ORD-12566,CUST-1083,2026-06-12,Respiratory Care,Mesh Nebulizer,5,14511.18,9.5,UPI,Shipped,Priya Sharma,WH-Bengaluru (South),South
ORD-12567,CUST-1905,2025-10-02,Diagnostic & Monitoring,Digital Blood Pressure Monitor,1,14001.87,5.6,Net Banking,Returned,Sanjay Verma,WH-Bengaluru (South),South
ORD-12568,CUST-1065,2026-07-13,Sterilization & Lab,Digital Centrifuge Machine,5,19776.6,10.7,Credit Card,Cancelled,Sanjay Verma,WH-Kolkata (East),East
ORD-12569,CUST-1950,2026-07-12,Infusion & Vascular,Syringe Driver Pump,3,20092.89,5.6,Credit Card,Delivered,Anjali Nair,WH-Bhiwandi (West),West
ORD-12570,CUST-1473,2025-09-01,Diabetes Care,Insulin Pump,3,23216.18,6.7,Debit Card,Delivered,Sanjay Verma,WH-Bhiwandi (West),West
ORD-12571,CUST-1902,2025-01-02,Diagnostic & Monitoring,Multi-Para Patient Monitor,1,36331.41,4.4,COD,Delivered,Vikram Patel,WH-Gurugram (North),North
ORD-12572,CUST-1997,2026-07-19,Diagnostic & Monitoring,Vascular Doppler,2,21623.24,9.8,Debit Card,Delivered,Vikram Patel,WH-Bengaluru (South),South
ORD-12573,CUST-1892,2025-12-13,Surgical & Critical Care,Defibrillator & AED,3,22802.87,11.2,Credit Card,Delivered,Sanjay Verma,WH-Gurugram (North),North
ORD-12574,CUST-1265,2026-07-21,Sterilization & Lab,Tabletop Steam Autoclave,2,21891.23,7.4,UPI,Delivered,Priya Sharma,WH-Kolkata (East),East
ORD-12575,CUST-1428,2026-04-30,Diabetes Care,Insulin Pump,3,34456.32,2.4,UPI,Delivered,Ramesh Rao,WH-Bhiwandi (West),West
ORD-12576,CUST-1943,2025-10-31,Orthopedic & Mobility,TENS Physiotherapy Unit,5,42411.42,9.5,COD,Processing,Ramesh Rao,WH-Bhiwandi (West),West
ORD-12577,CUST-1568,2025-06-18,Diabetes Care,Lancet Device,3,26779.59,10.3,Credit Card,Cancelled,Vikram Patel,WH-Bengaluru (South),South
ORD-12578,CUST-1559,2026-02-24,Surgical & Critical Care,LED Surgical OT Light,1,32642.63,10.4,Net Banking,Shipped,Ramesh Rao,WH-Kolkata (East),East
ORD-12579,CUST-1196,2025-07-08,Surgical & Critical Care,Surgical Electrocautery Unit,2,20146.38,3.0,UPI,Cancelled,Ramesh Rao,WH-Gurugram (North),North
ORD-12580,CUST-1490,2026-02-23,Respiratory Care,Compressor Nebulizer,3,20568.95,2.9,COD,Shipped,Vikram Patel,WH-Kolkata (East),East
ORD-12581,CUST-1237,2026-05-29,Diagnostic & Monitoring,Capnograph Monitor,1,31699.06,2.7,UPI,Returned,Ramesh Rao,WH-Kolkata (East),East
ORD-12582,CUST-1819,2026-04-18,Diabetes Care,Insulin Pen Injector,5,8283.91,12.7,UPI,Delivered,Priya Sharma,WH-Bhiwandi (West),West
ORD-12583,CUST-1610,2026-06-18,Respiratory Care,High-Flow Nasal Cannula System,3,36875.97,8.2,UPI,Returned,Vikram Patel,WH-Bhiwandi (West),West
ORD-12584,CUST-1860,2026-06-27,Sterilization & Lab,Tabletop Steam Autoclave,4,38596.35,5.1,Net Banking,Delivered,Ramesh Rao,WH-Bhiwandi (West),West
ORD-12585,CUST-1313,2025-06-05,Sterilization & Lab,UV Sterilizer Box,4,23129.91,5.6,Net Banking,Delivered,Sanjay Verma,WH-Kolkata (East),East
ORD-12586,CUST-1161,2026-05-07,Surgical & Critical Care,Surgical Stapler,1,24767.38,11.5,Credit Card,Delivered,Sanjay Verma,WH-Gurugram (North),North
ORD-12587,CUST-1650,2026-03-03,Diagnostic & Monitoring,Vascular Doppler,5,25356.54,11.2,Credit Card,Processing,Ramesh Rao,WH-Kolkata (East),East
ORD-12588,CUST-1166,2026-03-10,Surgical & Critical Care,Pulse Generator Pacemaker,4,22285.37,5.7,Net Banking,Returned,Anjali Nair,WH-Bengaluru (South),South
ORD-12589,CUST-1403,2026-06-12,Diagnostic & Monitoring,Digital Spirometer,2,13471.57,8.7,COD,Processing,Sanjay Verma,WH-Gurugram (North),North
ORD-12590,CUST-1912,2025-05-13,Orthopedic & Mobility,Motorized Wheelchair,2,20773.53,10.8,COD,Returned,Vikram Patel,WH-Bengaluru (South),South
ORD-12591,CUST-1262,2025-07-30,Orthopedic & Mobility,Cervical Traction Unit,2,34131.88,14.0,COD,Cancelled,Vikram Patel,WH-Gurugram (North),North
ORD-12592,CUST-1418,2025-03-12,Diagnostic & Monitoring,Digital Otoscope,3,27331.11,0.2,UPI,Processing,Vikram Patel,WH-Gurugram (North),North
ORD-12593,CUST-1088,2026-03-04,Surgical & Critical Care,Defibrillator & AED,2,44342.46,11.0,UPI,Delivered,Anjali Nair,WH-Kolkata (East),East
ORD-12594,CUST-1511,2025-04-09,Diagnostic & Monitoring,Digital Blood Pressure Monitor,3,16736.65,10.4,COD,Returned,Priya Sharma,WH-Bengaluru (South),South
ORD-12595,CUST-1046,2025-12-07,Surgical & Critical Care,Surgical Stapler,4,27540.84,7.1,Debit Card,Returned,Ramesh Rao,WH-Bengaluru (South),South
ORD-12596,CUST-1422,2026-02-06,Surgical & Critical Care,Anesthesia Workstation,3,40084.99,14.9,Debit Card,Delivered,Vikram Patel,WH-Bengaluru (South),South
ORD-12597,CUST-1380,2025-10-06,Diagnostic & Monitoring,Pulse Oximeter,2,14003.74,3.5,Credit Card,Delivered,Vikram Patel,WH-Bengaluru (South),South
ORD-12598,CUST-1729,2026-01-29,Infusion & Vascular,Dialysis Catheter,1,25019.44,13.2,UPI,Processing,Sanjay Verma,WH-Bhiwandi (West),West
ORD-12599,CUST-1931,2026-07-07,Orthopedic & Mobility,TENS Physiotherapy Unit,3,39475.13,2.1,COD,Delivered,Sanjay Verma,WH-Kolkata (East),East
ORD-12600,CUST-1432,2025-08-10,Diagnostic & Monitoring,Pulse Oximeter,4,30661.28,14.9,COD,Returned,Anjali Nair,WH-Bengaluru (South),South
ORD-12601,CUST-1190,2026-07-14,Orthopedic & Mobility,Folding Lightweight Wheelchair,2,3333.77,1.8,Net Banking,Delivered,Priya Sharma,WH-Kolkata (East),East
ORD-12602,CUST-1145,2026-02-16,Orthopedic & Mobility,Motorized Wheelchair,3,44990.13,11.0,COD,Shipped,Ramesh Rao,WH-Kolkata (East),East
ORD-12603,CUST-1736,2025-12-31,Diabetes Care,Blood Glucose Meter Kit,1,40302.31,9.1,COD,Delivered,Ramesh Rao,WH-Kolkata (East),East
ORD-12604,CUST-1163,2025-08-02,Respiratory Care,Auto CPAP Machine,4,41977.93,7.2,COD,Delivered,Sanjay Verma,WH-Bhiwandi (West),West
ORD-12605,CUST-1365,2026-01-12,Diagnostic & Monitoring,Continuous Glucose Monitor (CGM),1,27608.4,14.9,Net Banking,Delivered,Sanjay Verma,WH-Gurugram (North),North
ORD-12606,CUST-1710,2026-03-31,Diagnostic & Monitoring,Stethoscope (Cardiology Grade),1,25516.85,9.7,COD,Cancelled,Vikram Patel,WH-Kolkata (East),East
ORD-12607,CUST-1446,2026-03-19,Respiratory Care,Suction Machine,1,25662.11,13.9,UPI,Processing,Priya Sharma,WH-Gurugram (North),North
ORD-12608,CUST-1585,2026-06-15,Infusion & Vascular,Volumetric Infusion Pump,3,8584.75,2.2,UPI,Delivered,Vikram Patel,WH-Bhiwandi (West),West
ORD-12609,CUST-1505,2026-06-30,Respiratory Care,High-Flow Nasal Cannula System,1,800.38,9.4,UPI,Processing,Sanjay Verma,WH-Kolkata (East),East
ORD-12610,CUST-1453,2026-06-05,Respiratory Care,Incentive Spirometer,4,13636.82,2.8,Debit Card,Returned,Vikram Patel,WH-Gurugram (North),North
ORD-12611,CUST-1881,2026-06-25,Surgical & Critical Care,Laryngoscope Set,3,20032.71,3.3,Credit Card,Delivered,Anjali Nair,WH-Bengaluru (South),South
ORD-12612,CUST-1669,2026-04-12,Diagnostic & Monitoring,Vascular Doppler,5,22706.21,1.4,Debit Card,Delivered,Vikram Patel,WH-Bhiwandi (West),West
ORD-12613,CUST-1483,2026-01-30,Orthopedic & Mobility,TENS Physiotherapy Unit,3,13903.1,9.3,Credit Card,Shipped,Priya Sharma,WH-Bhiwandi (West),West
ORD-12614,CUST-1272,2026-07-09,Surgical & Critical Care,Electric Suction Apparatus,2,31916.52,8.4,Credit Card,Processing,Anjali Nair,WH-Gurugram (North),North
ORD-12615,CUST-1229,2025-12-06,Surgical & Critical Care,Electric Suction Apparatus,2,26178.44,11.9,Credit Card,Cancelled,Vikram Patel,WH-Bengaluru (South),South
ORD-12616,CUST-1018,2026-06-22,Orthopedic & Mobility,Walking Frame with Castors,3,44578.11,5.1,Debit Card,Delivered,Ramesh Rao,WH-Gurugram (North),North
ORD-12617,CUST-1202,2026-03-25,Home Healthcare,Electric Heating Pad,3,39712.03,1.5,Credit Card,Delivered,Anjali Nair,WH-Bhiwandi (West),West
ORD-12618,CUST-1046,2025-11-28,Respiratory Care,Compressor Nebulizer,4,11966.5,1.3,Debit Card,Delivered,Sanjay Verma,WH-Bhiwandi (West),West
ORD-12619,CUST-1504,2026-05-02,Diabetes Care,Blood Glucose Meter Kit,5,9033.31,0.4,Credit Card,Delivered,Ramesh Rao,WH-Bengaluru (South),South
ORD-12620,CUST-1148,2026-07-04,Diabetes Care,Insulin Pen Injector,1,2875.64,14.8,UPI,Delivered,Sanjay Verma,WH-Gurugram (North),North
ORD-12621,CUST-1873,2025-07-11,Orthopedic & Mobility,Air Mattress for Bedsores,5,36814.74,12.8,Net Banking,Shipped,Anjali Nair,WH-Kolkata (East),East
ORD-12622,CUST-1282,2026-07-07,Diabetes Care,Insulin Pump,2,6927.74,8.8,Credit Card,Shipped,Ramesh Rao,WH-Gurugram (North),North
ORD-12623,CUST-1084,2025-12-16,Diabetes Care,Blood Glucose Meter Kit,4,28946.85,6.8,Net Banking,Processing,Priya Sharma,WH-Bengaluru (South),South
ORD-12624,CUST-1553,2026-03-21,Diabetes Care,Lancet Device,2,5042.9,8.8,COD,Returned,Vikram Patel,WH-Bhiwandi (West),West
ORD-12625,CUST-1680,2026-05-27,Diagnostic & Monitoring,Capnograph Monitor,5,31784.57,6.6,Net Banking,Shipped,Vikram Patel,WH-Gurugram (North),North
ORD-12626,CUST-1527,2026-02-07,Diabetes Care,Insulin Pen Injector,4,42079.49,1.4,Debit Card,Cancelled,Ramesh Rao,WH-Gurugram (North),North
ORD-12627,CUST-1321,2025-07-24,Diagnostic & Monitoring,Fetal Doppler Heart Rate Monitor,2,21577.63,12.5,Debit Card,Delivered,Priya Sharma,WH-Bhiwandi (West),West
ORD-12628,CUST-1214,2026-07-20,Infusion & Vascular,Volumetric Infusion Pump,5,18558.9,0.3,Net Banking,Delivered,Vikram Patel,WH-Bengaluru (South),South
ORD-12629,CUST-1251,2026-05-18,Diabetes Care,Blood Glucose Meter Kit,2,21756.13,0.2,Net Banking,Shipped,Anjali Nair,WH-Gurugram (North),North
ORD-12630,CUST-1190,2026-07-20,Orthopedic & Mobility,Air Mattress for Bedsores,2,9728.98,14.6,Debit Card,Delivered,Sanjay Verma,WH-Bhiwandi (West),West
ORD-12631,CUST-1912,2025-08-05,Diagnostic & Monitoring,Single-Channel ECG Machine,2,18238.37,13.9,Net Banking,Shipped,Priya Sharma,WH-Gurugram (North),North
ORD-12632,CUST-1009,2025-08-07,Diagnostic & Monitoring,Digital Spirometer,1,17497.3,11.3,Credit Card,Cancelled,Vikram Patel,WH-Kolkata (East),East
ORD-12633,CUST-1403,2026-06-15,Sterilization & Lab,Tabletop Steam Autoclave,4,10737.29,9.9,Net Banking,Processing,Priya Sharma,WH-Bhiwandi (West),West
ORD-12634,CUST-1380,2026-06-01,Respiratory Care,High-Flow Nasal Cannula System,5,29206.91,12.8,COD,Returned,Priya Sharma,WH-Bhiwandi (West),West
ORD-12635,CUST-1237,2026-05-30,Diabetes Care,Lancet Device,4,27069.48,1.9,Net Banking,Delivered,Anjali Nair,WH-Bhiwandi (West),West
ORD-12636,CUST-1538,2025-11-30,Diagnostic & Monitoring,Pulse Oximeter,1,6200.22,1.3,Credit Card,Cancelled,Sanjay Verma,WH-Gurugram (North),North
ORD-12637,CUST-1080,2025-06-06,Respiratory Care,High-Flow Nasal Cannula System,1,29821.39,5.9,Net Banking,Shipped,Sanjay Verma,WH-Bhiwandi (West),West
ORD-12638,CUST-1732,2026-03-11,Orthopedic & Mobility,TENS Physiotherapy Unit,1,39955.96,4.9,COD,Cancelled,Priya Sharma,WH-Bhiwandi (West),West
ORD-12639,CUST-1549,2026-05-23,Diagnostic & Monitoring,Continuous Glucose Monitor (CGM),4,12297.85,13.5,Credit Card,Returned,Priya Sharma,WH-Kolkata (East),East
ORD-12640,CUST-1896,2025-02-23,Infusion & Vascular,Dialysis Catheter,5,12949.42,8.8,Debit Card,Cancelled,Priya Sharma,WH-Bhiwandi (West),West
ORD-12641,CUST-1416,2026-01-28,Diagnostic & Monitoring,Digital Spirometer,1,1074.77,9.4,Net Banking,Shipped,Priya Sharma,WH-Bengaluru (South),South
ORD-12642,CUST-1025,2026-07-08,Home Healthcare,Digital Vein Finder,5,40946.76,2.3,UPI,Delivered,Anjali Nair,WH-Bengaluru (South),South
ORD-12643,CUST-1259,2025-11-19,Diagnostic & Monitoring,Digital Blood Pressure Monitor,2,40874.27,6.6,UPI,Shipped,Priya Sharma,WH-Gurugram (North),North
ORD-12644,CUST-1205,2026-07-01,Home Healthcare,Digital Vein Finder,2,32912.8,6.3,Net Banking,Processing,Vikram Patel,WH-Gurugram (North),North
ORD-12645,CUST-1068,2026-03-02,Infusion & Vascular,Volumetric Infusion Pump,2,20024.53,2.2,Debit Card,Processing,Priya Sharma,WH-Bhiwandi (West),West
ORD-12646,CUST-1730,2026-03-29,Orthopedic & Mobility,TENS Physiotherapy Unit,5,44220.22,8.3,Credit Card,Delivered,Ramesh Rao,WH-Gurugram (North),North
ORD-12647,CUST-1570,2026-07-07,Orthopedic & Mobility,Folding Lightweight Wheelchair,4,41319.57,9.7,COD,Cancelled,Anjali Nair,WH-Bengaluru (South),South
ORD-12648,CUST-1399,2025-11-23,Sterilization & Lab,Digital Centrifuge Machine,3,18516.33,1.3,Credit Card,Delivered,Priya Sharma,WH-Gurugram (North),North
ORD-12649,CUST-1397,2026-05-14,Respiratory Care,Compressor Nebulizer,2,10263.2,7.4,Net Banking,Delivered,Anjali Nair,WH-Kolkata (East),East
ORD-12650,CUST-1015,2025-12-09,Orthopedic & Mobility,TENS Physiotherapy Unit,3,40572.5,6.2,Credit Card,Delivered,Anjali Nair,WH-Gurugram (North),North
ORD-12651,CUST-1483,2025-05-10,Diagnostic & Monitoring,Digital Spirometer,1,18926.22,9.3,Debit Card,Returned,Sanjay Verma,WH-Gurugram (North),North
ORD-12652,CUST-1603,2025-12-30,Respiratory Care,Incentive Spirometer,5,11120.22,1.1,Debit Card,Shipped,Ramesh Rao,WH-Bhiwandi (West),West
ORD-12653,CUST-1077,2026-04-18,Diagnostic & Monitoring,Infrared Non-Contact Thermometer,4,12658.67,3.8,UPI,Cancelled,Ramesh Rao,WH-Gurugram (North),North
ORD-12654,CUST-1750,2026-05-16,Diagnostic & Monitoring,Fetal Doppler Heart Rate Monitor,2,19742.25,10.1,Net Banking,Shipped,Anjali Nair,WH-Bhiwandi (West),West
ORD-12655,CUST-1295,2026-03-12,Surgical & Critical Care,Defibrillator & AED,4,24853.3,10.1,UPI,Delivered,Ramesh Rao,WH-Bengaluru (South),South
ORD-12656,CUST-1363,2025-06-03,Respiratory Care,Auto CPAP Machine,1,9055.41,0.8,Net Banking,Returned,Anjali Nair,WH-Kolkata (East),East
ORD-12657,CUST-1095,2026-07-14,Respiratory Care,Suction Machine,4,34868.98,8.2,Credit Card,Delivered,Sanjay Verma,WH-Kolkata (East),East
ORD-12658,CUST-1224,2026-07-10,Diagnostic & Monitoring,Digital Spirometer,3,43615.29,3.4,COD,Cancelled,Priya Sharma,WH-Kolkata (East),East
ORD-12659,CUST-1560,2025-06-08,Diagnostic & Monitoring,Infrared Non-Contact Thermometer,4,14212.62,1.6,Debit Card,Delivered,Priya Sharma,WH-Bengaluru (South),South
ORD-12660,CUST-1693,2025-02-12,Respiratory Care,Suction Machine,1,33655.61,2.4,Debit Card,Delivered,Sanjay Verma,WH-Bengaluru (South),South
ORD-12661,CUST-1454,2025-05-16,Diabetes Care,Blood Glucose Meter Kit,3,17107.93,0.5,Net Banking,Processing,Anjali Nair,WH-Bhiwandi (West),West
ORD-12662,CUST-1641,2026-07-08,Orthopedic & Mobility,Cervical Traction Unit,3,44918.26,11.6,UPI,Delivered,Sanjay Verma,WH-Bhiwandi (West),West
ORD-12663,CUST-1260,2026-05-25,Infusion & Vascular,Volumetric Infusion Pump,3,19956.38,10.3,Credit Card,Processing,Anjali Nair,WH-Gurugram (North),North
ORD-12664,CUST-1614,2026-05-15,Orthopedic & Mobility,TENS Physiotherapy Unit,4,38135.37,14.7,Net Banking,Delivered,Vikram Patel,WH-Kolkata (East),East
ORD-12665,CUST-1569,2025-10-09,Surgical & Critical Care,Surgical Stapler,5,14468.28,3.9,Credit Card,Shipped,Sanjay Verma,WH-Kolkata (East),East
ORD-12666,CUST-1489,2025-09-15,Respiratory Care,BiPAP Machine,5,11927.42,2.9,Debit Card,Delivered,Priya Sharma,WH-Bengaluru (South),South
ORD-12667,CUST-1614,2026-01-25,Surgical & Critical Care,Electric Suction Apparatus,4,18230.86,1.6,Debit Card,Processing,Sanjay Verma,WH-Bengaluru (South),South
ORD-12668,CUST-1498,2024-10-18,Respiratory Care,Portable Oxygen Concentrator (5L),5,23177.27,12.4,Net Banking,Delivered,Vikram Patel,WH-Kolkata (East),East
ORD-12669,CUST-1612,2026-03-18,Diabetes Care,Insulin Pen Injector,4,42665.46,12.2,Debit Card,Returned,Priya Sharma,WH-Kolkata (East),East
ORD-12670,CUST-1722,2026-02-05,Home Healthcare,Peak Flow Meter,3,42268.98,6.6,Net Banking,Processing,Anjali Nair,WH-Gurugram (North),North
ORD-12671,CUST-1379,2026-07-20,Orthopedic & Mobility,Cervical Traction Unit,4,34027.54,13.2,Net Banking,Returned,Anjali Nair,WH-Bengaluru (South),South
ORD-12672,CUST-1095,2026-07-18,Infusion & Vascular,IV Cannula (18G-24G),2,24363.93,10.1,UPI,Delivered,Anjali Nair,WH-Gurugram (North),North
ORD-12673,CUST-1937,2025-05-08,Respiratory Care,Portable Oxygen Concentrator (5L),3,40353.19,11.6,COD,Delivered,Vikram Patel,WH-Kolkata (East),East
ORD-12674,CUST-1527,2026-06-23,Home Healthcare,Digital Vein Finder,1,24492.44,13.3,Net Banking,Shipped,Priya Sharma,WH-Gurugram (North),North
ORD-12675,CUST-1609,2025-06-26,Sterilization & Lab,UV Sterilizer Box,3,28682.04,4.5,Net Banking,Processing,Priya Sharma,WH-Bengaluru (South),South
ORD-12676,CUST-1265,2026-05-27,Sterilization & Lab,Ultrasound Cleaner,2,38143.44,8.1,Debit Card,Delivered,Vikram Patel,WH-Bengaluru (South),South
ORD-12677,CUST-1785,2026-01-17,Diagnostic & Monitoring,Single-Channel ECG Machine,3,11164.91,12.8,Net Banking,Returned,Vikram Patel,WH-Kolkata (East),East
ORD-12678,CUST-1796,2026-07-22,Sterilization & Lab,Tabletop Steam Autoclave,4,28513.29,7.4,COD,Delivered,Anjali Nair,WH-Bhiwandi (West),West
ORD-12679,CUST-1603,2026-03-30,Respiratory Care,Suction Machine,5,39209.55,6.8,Debit Card,Cancelled,Sanjay Verma,WH-Gurugram (North),North
ORD-12680,CUST-1232,2025-08-29,Respiratory Care,Incentive Spirometer,3,35750.96,13.7,Net Banking,Shipped,Priya Sharma,WH-Bengaluru (South),South
ORD-12681,CUST-1459,2026-06-22,Sterilization & Lab,Ultrasound Cleaner,2,30133.36,3.0,Debit Card,Delivered,Anjali Nair,WH-Gurugram (North),North
ORD-12682,CUST-1347,2026-07-06,Infusion & Vascular,IV Cannula (18G-24G),5,8792.22,0.8,COD,Delivered,Priya Sharma,WH-Kolkata (East),East
ORD-12683,CUST-1039,2026-04-09,Diagnostic & Monitoring,Pulse Oximeter,2,8408.29,5.4,Debit Card,Delivered,Anjali Nair,WH-Kolkata (East),East
ORD-12684,CUST-1908,2026-05-24,Diagnostic & Monitoring,Fetal Doppler Heart Rate Monitor,5,8864.23,14.7,COD,Returned,Sanjay Verma,WH-Kolkata (East),East
ORD-12685,CUST-1700,2025-11-27,Respiratory Care,High-Flow Nasal Cannula System,1,4823.09,12.3,UPI,Delivered,Sanjay Verma,WH-Bhiwandi (West),West
ORD-12686,CUST-1362,2025-10-09,Diagnostic & Monitoring,Stethoscope (Cardiology Grade),3,40274.18,3.0,UPI,Cancelled,Priya Sharma,WH-Kolkata (East),East
ORD-12687,CUST-1270,2025-03-18,Respiratory Care,Incentive Spirometer,2,6165.8,7.4,Debit Card,Processing,Priya Sharma,WH-Bhiwandi (West),West
ORD-12688,CUST-1995,2025-12-23,Respiratory Care,High-Flow Nasal Cannula System,5,14207.49,3.2,Net Banking,Processing,Priya Sharma,WH-Bengaluru (South),South
ORD-12689,CUST-1403,2025-11-21,Diagnostic & Monitoring,Capnograph Monitor,5,16730.22,9.1,Credit Card,Delivered,Ramesh Rao,WH-Gurugram (North),North
ORD-12690,CUST-1683,2025-04-12,Diagnostic & Monitoring,Continuous Glucose Monitor (CGM),2,25194.75,6.6,Debit Card,Delivered,Anjali Nair,WH-Bengaluru (South),South
ORD-12691,CUST-1276,2026-06-02,Infusion & Vascular,Dialysis Catheter,5,6023.8,13.1,COD,Delivered,Anjali Nair,WH-Kolkata (East),East
ORD-12692,CUST-1482,2025-08-13,Diagnostic & Monitoring,Stethoscope (Cardiology Grade),4,23579.36,13.1,UPI,Returned,Anjali Nair,WH-Kolkata (East),East
ORD-12693,CUST-1359,2025-09-11,Diagnostic & Monitoring,Digital Blood Pressure Monitor,3,30913.01,4.2,UPI,Cancelled,Anjali Nair,WH-Bhiwandi (West),West
ORD-12694,CUST-1683,2025-04-12,Surgical & Critical Care,Electric Suction Apparatus,1,34555.24,9.0,COD,Returned,Ramesh Rao,WH-Bhiwandi (West),West
ORD-12695,CUST-1181,2025-11-10,Home Healthcare,Digital Vein Finder,3,17140.81,8.0,Debit Card,Shipped,Sanjay Verma,WH-Kolkata (East),East
ORD-12696,CUST-1314,2026-07-14,Sterilization & Lab,UV Sterilizer Box,5,40362.16,1.4,Net Banking,Delivered,Sanjay Verma,WH-Bhiwandi (West),West
ORD-12697,CUST-1523,2026-06-22,Surgical & Critical Care,Pulse Generator Pacemaker,3,25788.76,0.4,Net Banking,Delivered,Ramesh Rao,WH-Bhiwandi (West),West
ORD-12698,CUST-1741,2026-02-17,Sterilization & Lab,Tabletop Steam Autoclave,5,14768.83,0.3,COD,Shipped,Priya Sharma,WH-Kolkata (East),East
ORD-12699,CUST-1306,2026-07-20,Orthopedic & Mobility,TENS Physiotherapy Unit,1,34509.24,14.8,Credit Card,Delivered,Ramesh Rao,WH-Bhiwandi (West),West
ORD-12700,CUST-1554,2026-02-08,Respiratory Care,Incentive Spirometer,2,18214.1,10.0,Net Banking,Delivered,Vikram Patel,WH-Bengaluru (South),South
ORD-12701,CUST-1136,2025-01-16,Surgical & Critical Care,Laryngoscope Set,1,12922.57,12.5,COD,Delivered,Sanjay Verma,WH-Kolkata (East),East
ORD-12702,CUST-1959,2026-05-27,Home Healthcare,Electric Heating Pad,1,4702.85,3.6,UPI,Returned,Ramesh Rao,WH-Kolkata (East),East
ORD-12703,CUST-1840,2026-06-12,Diabetes Care,Blood Glucose Meter Kit,4,41995.85,4.6,Debit Card,Returned,Priya Sharma,WH-Bhiwandi (West),West
ORD-12704,CUST-1941,2026-04-13,Diagnostic & Monitoring,Single-Channel ECG Machine,2,20801.94,5.0,Credit Card,Cancelled,Priya Sharma,WH-Bhiwandi (West),West
ORD-12705,CUST-1777,2026-07-03,Surgical & Critical Care,LED Surgical OT Light,5,18270.71,10.4,Debit Card,Returned,Vikram Patel,WH-Bhiwandi (West),West
ORD-12706,CUST-1120,2026-06-14,Surgical & Critical Care,Anesthesia Workstation,2,44338.33,9.8,Debit Card,Delivered,Anjali Nair,WH-Bengaluru (South),South
ORD-12707,CUST-1345,2024-09-26,Infusion & Vascular,Dialysis Catheter,2,42968.89,1.4,COD,Shipped,Ramesh Rao,WH-Bengaluru (South),South
ORD-12708,CUST-1104,2026-07-19,Diagnostic & Monitoring,Digital Blood Pressure Monitor,5,39226.55,10.3,Debit Card,Delivered,Sanjay Verma,WH-Kolkata (East),East
ORD-12709,CUST-1881,2026-04-24,Respiratory Care,Suction Machine,3,38659.82,2.3,Net Banking,Delivered,Ramesh Rao,WH-Bengaluru (South),South
ORD-12710,CUST-1586,2026-07-22,Diagnostic & Monitoring,Multi-Para Patient Monitor,5,3560.18,8.9,Credit Card,Shipped,Anjali Nair,WH-Gurugram (North),North
ORD-12711,CUST-1493,2026-01-02,Orthopedic & Mobility,Folding Lightweight Wheelchair,1,3866.29,10.6,Credit Card,Cancelled,Anjali Nair,WH-Bengaluru (South),South
ORD-12712,CUST-1733,2026-06-25,Respiratory Care,High-Flow Nasal Cannula System,5,3575.15,3.8,Net Banking,Delivered,Priya Sharma,WH-Bengaluru (South),South
ORD-12713,CUST-1736,2026-03-11,Infusion & Vascular,Syringe Driver Pump,2,16286.83,1.7,UPI,Delivered,Ramesh Rao,WH-Bhiwandi (West),West
ORD-12714,CUST-1396,2026-05-17,Diagnostic & Monitoring,Infrared Non-Contact Thermometer,2,34363.55,11.5,Credit Card,Delivered,Anjali Nair,WH-Bhiwandi (West),West
ORD-12715,CUST-1500,2026-02-22,Diabetes Care,Insulin Pump,4,44820.86,8.2,Credit Card,Processing,Sanjay Verma,WH-Bhiwandi (West),West
ORD-12716,CUST-1938,2025-12-27,Respiratory Care,Mesh Nebulizer,4,13825.13,13.8,COD,Delivered,Priya Sharma,WH-Kolkata (East),East
ORD-12717,CUST-1122,2026-06-21,Diagnostic & Monitoring,Digital Blood Pressure Monitor,2,44526.71,4.8,Net Banking,Shipped,Vikram Patel,WH-Gurugram (North),North
ORD-12718,CUST-1403,2026-02-05,Sterilization & Lab,Ultrasound Cleaner,2,28620.34,9.5,Debit Card,Delivered,Anjali Nair,WH-Kolkata (East),East
ORD-12719,CUST-1213,2025-10-30,Surgical & Critical Care,Anesthesia Workstation,2,21300.31,13.3,UPI,Delivered,Sanjay Verma,WH-Kolkata (East),East
ORD-12720,CUST-1598,2026-05-23,Surgical & Critical Care,Pulse Generator Pacemaker,1,38423.21,3.3,Debit Card,Cancelled,Ramesh Rao,WH-Gurugram (North),North
ORD-12721,CUST-1920,2026-05-05,Diagnostic & Monitoring,Fetal Doppler Heart Rate Monitor,2,1583.99,8.3,Credit Card,Cancelled,Vikram Patel,WH-Bengaluru (South),South
ORD-12722,CUST-1389,2026-07-22,Diagnostic & Monitoring,Vascular Doppler,1,39931.19,3.5,Credit Card,Delivered,Vikram Patel,WH-Bengaluru (South),South
ORD-12723,CUST-1878,2026-07-05,Diabetes Care,Insulin Pump,2,24775.48,3.2,Credit Card,Delivered,Ramesh Rao,WH-Bengaluru (South),South
ORD-12724,CUST-1832,2026-05-18,Surgical & Critical Care,Pulse Generator Pacemaker,4,35608.28,13.6,Credit Card,Returned,Sanjay Verma,WH-Bengaluru (South),South
ORD-12725,CUST-1535,2026-06-07,Orthopedic & Mobility,Folding Lightweight Wheelchair,5,7455.83,3.1,Credit Card,Cancelled,Ramesh Rao,WH-Bhiwandi (West),West
ORD-12726,CUST-1862,2025-11-03,Respiratory Care,High-Flow Nasal Cannula System,1,30398.05,14.8,Net Banking,Cancelled,Priya Sharma,WH-Bhiwandi (West),West
ORD-12727,CUST-1383,2025-11-23,Diagnostic & Monitoring,Digital Otoscope,2,37370.6,12.0,Credit Card,Delivered,Ramesh Rao,WH-Bengaluru (South),South
ORD-12728,CUST-1533,2026-06-29,Orthopedic & Mobility,Air Mattress for Bedsores,1,28832.73,9.5,Net Banking,Shipped,Sanjay Verma,WH-Gurugram (North),North
ORD-12729,CUST-1820,2026-05-20,Diagnostic & Monitoring,Single-Channel ECG Machine,4,16762.11,5.8,Credit Card,Shipped,Priya Sharma,WH-Kolkata (East),East
ORD-12730,CUST-1351,2025-04-19,Infusion & Vascular,Dialysis Catheter,5,34833.27,5.1,Debit Card,Shipped,Vikram Patel,WH-Gurugram (North),North
ORD-12731,CUST-1002,2026-04-17,Orthopedic & Mobility,Walking Frame with Castors,5,3231.72,9.2,Credit Card,Returned,Priya Sharma,WH-Bengaluru (South),South
ORD-12732,CUST-1222,2026-02-13,Diabetes Care,Lancet Device,1,7060.43,2.7,UPI,Shipped,Vikram Patel,WH-Bengaluru (South),South
ORD-12733,CUST-1417,2026-05-03,Diagnostic & Monitoring,Fetal Doppler Heart Rate Monitor,3,38999.04,8.2,COD,Delivered,Vikram Patel,WH-Bhiwandi (West),West
ORD-12734,CUST-1274,2025-02-10,Orthopedic & Mobility,Cervical Traction Unit,5,14122.16,9.6,UPI,Processing,Sanjay Verma,WH-Bengaluru (South),South
ORD-12735,CUST-1747,2026-07-22,Sterilization & Lab,UV Sterilizer Box,5,38404.67,6.2,Credit Card,Delivered,Priya Sharma,WH-Bengaluru (South),South
ORD-12736,CUST-1099,2026-03-26,Surgical & Critical Care,Defibrillator & AED,2,16855.05,9.3,Net Banking,Cancelled,Priya Sharma,WH-Gurugram (North),North
ORD-12737,CUST-1425,2025-04-29,Diagnostic & Monitoring,Multi-Para Patient Monitor,3,35129.21,14.3,UPI,Delivered,Priya Sharma,WH-Bengaluru (South),South
ORD-12738,CUST-1658,2025-09-21,Sterilization & Lab,Tabletop Steam Autoclave,3,27838.6,12.5,COD,Returned,Sanjay Verma,WH-Bhiwandi (West),West
ORD-12739,CUST-1293,2026-07-22,Sterilization & Lab,Tabletop Steam Autoclave,2,13658.51,10.8,Credit Card,Delivered,Vikram Patel,WH-Gurugram (North),North
ORD-12740,CUST-1440,2025-12-07,Home Healthcare,Electric Heating Pad,1,25990.97,12.5,Net Banking,Returned,Anjali Nair,WH-Gurugram (North),North
ORD-12741,CUST-1614,2025-12-15,Surgical & Critical Care,Anesthesia Workstation,3,40072.5,10.7,COD,Shipped,Anjali Nair,WH-Bengaluru (South),South
ORD-12742,CUST-1876,2026-06-18,Home Healthcare,Digital Vein Finder,1,3024.71,1.7,Credit Card,Shipped,Priya Sharma,WH-Bhiwandi (West),West
ORD-12743,CUST-1208,2026-06-10,Surgical & Critical Care,Anesthesia Workstation,2,42705.54,13.7,Net Banking,Processing,Anjali Nair,WH-Bengaluru (South),South
ORD-12744,CUST-1058,2026-04-16,Orthopedic & Mobility,TENS Physiotherapy Unit,1,2988.32,6.8,Credit Card,Shipped,Anjali Nair,WH-Kolkata (East),East
ORD-12745,CUST-1483,2025-10-07,Infusion & Vascular,Dialysis Catheter,1,41164.92,7.3,Debit Card,Delivered,Anjali Nair,WH-Bengaluru (South),South
ORD-12746,CUST-1940,2026-03-27,Infusion & Vascular,Volumetric Infusion Pump,2,35881.88,8.2,Debit Card,Delivered,Anjali Nair,WH-Bengaluru (South),South
ORD-12747,CUST-1811,2025-05-20,Diabetes Care,Blood Glucose Meter Kit,2,34879.98,4.2,COD,Processing,Ramesh Rao,WH-Kolkata (East),East
ORD-12748,CUST-1272,2026-06-14,Diabetes Care,Lancet Device,2,19635.46,3.1,Credit Card,Processing,Vikram Patel,WH-Bhiwandi (West),West
ORD-12749,CUST-1590,2025-11-13,Orthopedic & Mobility,TENS Physiotherapy Unit,1,21105.79,14.3,Credit Card,Delivered,Sanjay Verma,WH-Gurugram (North),North
ORD-12750,CUST-1317,2026-06-15,Home Healthcare,Peak Flow Meter,2,34850.21,11.5,Credit Card,Returned,Ramesh Rao,WH-Bhiwandi (West),West
ORD-12751,CUST-1859,2025-05-16,Sterilization & Lab,Digital Centrifuge Machine,5,26666.88,2.5,Credit Card,Delivered,Anjali Nair,WH-Bengaluru (South),South
ORD-12752,CUST-1682,2026-06-18,Diagnostic & Monitoring,Digital Spirometer,3,35208.83,8.9,UPI,Processing,Priya Sharma,WH-Bhiwandi (West),West
ORD-12753,CUST-1774,2025-09-05,Diagnostic & Monitoring,Infrared Non-Contact Thermometer,5,6854.84,7.0,Debit Card,Processing,Anjali Nair,WH-Bhiwandi (West),West
ORD-12754,CUST-1201,2026-01-01,Diagnostic & Monitoring,Vascular Doppler,4,26943.67,5.0,COD,Delivered,Anjali Nair,WH-Gurugram (North),North
ORD-12755,CUST-1406,2026-03-13,Diagnostic & Monitoring,Fetal Doppler Heart Rate Monitor,2,8510.87,5.4,Credit Card,Processing,Vikram Patel,WH-Bhiwandi (West),West
ORD-12756,CUST-1067,2026-06-13,Respiratory Care,Auto CPAP Machine,5,30625.34,13.9,UPI,Delivered,Ramesh Rao,WH-Bhiwandi (West),West
ORD-12757,CUST-1595,2026-04-25,Diagnostic & Monitoring,Digital Blood Pressure Monitor,5,15772.84,10.2,UPI,Processing,Priya Sharma,WH-Kolkata (East),East
ORD-12758,CUST-1974,2025-05-16,Infusion & Vascular,IV Cannula (18G-24G),3,44284.31,3.9,Debit Card,Cancelled,Priya Sharma,WH-Bengaluru (South),South
ORD-12759,CUST-1766,2026-07-14,Infusion & Vascular,Central Venous Catheter Kit,2,36407.11,14.3,Debit Card,Shipped,Anjali Nair,WH-Bhiwandi (West),West
ORD-12760,CUST-1393,2026-05-13,Diabetes Care,Insulin Pump,4,28557.19,11.7,UPI,Cancelled,Vikram Patel,WH-Bhiwandi (West),West
ORD-12761,CUST-1998,2026-05-17,Orthopedic & Mobility,Air Mattress for Bedsores,2,7099.04,6.0,Debit Card,Delivered,Anjali Nair,WH-Gurugram (North),North
ORD-12762,CUST-1816,2026-02-14,Sterilization & Lab,UV Sterilizer Box,3,4901.13,3.3,Debit Card,Shipped,Ramesh Rao,WH-Kolkata (East),East
ORD-12763,CUST-1302,2026-03-08,Orthopedic & Mobility,Cervical Traction Unit,5,34056.39,2.9,UPI,Delivered,Priya Sharma,WH-Gurugram (North),North
ORD-12764,CUST-1403,2025-10-23,Surgical & Critical Care,Electric Suction Apparatus,5,15802.94,10.6,UPI,Shipped,Priya Sharma,WH-Gurugram (North),North
ORD-12765,CUST-1522,2026-03-10,Infusion & Vascular,Volumetric Infusion Pump,2,42259.75,0.1,Debit Card,Shipped,Anjali Nair,WH-Bengaluru (South),South
ORD-12766,CUST-1522,2025-04-26,Respiratory Care,Suction Machine,5,25016.65,0.9,COD,Shipped,Ramesh Rao,WH-Bhiwandi (West),West
ORD-12767,CUST-1535,2025-10-24,Orthopedic & Mobility,Cervical Traction Unit,3,9855.09,11.1,Credit Card,Returned,Priya Sharma,WH-Gurugram (North),North
ORD-12768,CUST-1203,2024-12-16,Home Healthcare,Digital Vein Finder,1,22326.7,1.5,Debit Card,Shipped,Ramesh Rao,WH-Gurugram (North),North
ORD-12769,CUST-1089,2026-01-04,Surgical & Critical Care,Surgical Stapler,1,28029.45,0.1,Credit Card,Cancelled,Anjali Nair,WH-Bengaluru (South),South
ORD-12770,CUST-1739,2026-03-13,Orthopedic & Mobility,TENS Physiotherapy Unit,5,19827.58,6.1,Net Banking,Processing,Sanjay Verma,WH-Gurugram (North),North
ORD-12771,CUST-1670,2025-12-07,Orthopedic & Mobility,Folding Lightweight Wheelchair,3,25094.67,12.2,Credit Card,Shipped,Anjali Nair,WH-Bhiwandi (West),West
ORD-12772,CUST-1722,2025-08-24,Infusion & Vascular,IV Cannula (18G-24G),5,10942.54,11.1,Net Banking,Shipped,Priya Sharma,WH-Bengaluru (South),South
ORD-12773,CUST-1019,2026-06-26,Orthopedic & Mobility,Walking Frame with Castors,1,36634.79,0.5,COD,Delivered,Vikram Patel,WH-Kolkata (East),East
ORD-12774,CUST-1272,2026-06-24,Infusion & Vascular,Dialysis Catheter,3,44554.25,9.8,Net Banking,Delivered,Ramesh Rao,WH-Bengaluru (South),South
ORD-12775,CUST-1210,2026-05-20,Sterilization & Lab,UV Sterilizer Box,5,27408.17,11.3,Net Banking,Delivered,Sanjay Verma,WH-Bhiwandi (West),West
ORD-12776,CUST-1789,2024-11-11,Surgical & Critical Care,Surgical Electrocautery Unit,2,26420.17,11.3,Net Banking,Delivered,Ramesh Rao,WH-Bengaluru (South),South
ORD-12777,CUST-1744,2025-10-29,Surgical & Critical Care,Anesthesia Workstation,2,21538.85,14.0,Debit Card,Delivered,Ramesh Rao,WH-Bengaluru (South),South
ORD-12778,CUST-1914,2026-01-09,Surgical & Critical Care,Surgical Stapler,5,3156.25,5.3,UPI,Delivered,Ramesh Rao,WH-Kolkata (East),East
ORD-12779,CUST-1747,2026-04-27,Diagnostic & Monitoring,Fetal Doppler Heart Rate Monitor,1,44607.33,7.6,UPI,Delivered,Ramesh Rao,WH-Kolkata (East),East
ORD-12780,CUST-1571,2026-07-01,Diagnostic & Monitoring,Capnograph Monitor,5,12814.34,5.2,COD,Returned,Vikram Patel,WH-Kolkata (East),East
ORD-12781,CUST-1190,2026-06-22,Infusion & Vascular,Syringe Driver Pump,1,40301.13,2.8,Credit Card,Delivered,Sanjay Verma,WH-Bhiwandi (West),West
ORD-12782,CUST-1799,2026-06-19,Infusion & Vascular,Central Venous Catheter Kit,2,20768.86,9.2,COD,Delivered,Anjali Nair,WH-Bengaluru (South),South
ORD-12783,CUST-1646,2026-07-11,Home Healthcare,Electric Heating Pad,3,40379.63,10.3,Credit Card,Cancelled,Sanjay Verma,WH-Gurugram (North),North
ORD-12784,CUST-1883,2025-10-19,Infusion & Vascular,Volumetric Infusion Pump,3,28825.28,14.6,Net Banking,Cancelled,Vikram Patel,WH-Bhiwandi (West),West
ORD-12785,CUST-1788,2026-01-31,Sterilization & Lab,Ultrasound Cleaner,4,14415.64,6.5,Debit Card,Shipped,Vikram Patel,WH-Bhiwandi (West),West
ORD-12786,CUST-1701,2026-02-16,Diagnostic & Monitoring,Digital Spirometer,3,4109.66,5.7,Credit Card,Delivered,Vikram Patel,WH-Bengaluru (South),South
ORD-12787,CUST-1097,2026-06-25,Sterilization & Lab,UV Sterilizer Box,4,10859.13,13.5,Credit Card,Delivered,Anjali Nair,WH-Gurugram (North),North
ORD-12788,CUST-1341,2024-12-21,Respiratory Care,Compressor Nebulizer,2,30018.78,3.5,COD,Delivered,Vikram Patel,WH-Gurugram (North),North
ORD-12789,CUST-1044,2025-10-10,Respiratory Care,Suction Machine,1,580.45,1.8,Debit Card,Delivered,Ramesh Rao,WH-Kolkata (East),East
ORD-12790,CUST-1264,2026-05-13,Diagnostic & Monitoring,Fetal Doppler Heart Rate Monitor,2,30025.39,11.6,Credit Card,Processing,Priya Sharma,WH-Gurugram (North),North
ORD-12791,CUST-1269,2026-01-02,Respiratory Care,Mesh Nebulizer,3,3052.71,6.6,Credit Card,Cancelled,Vikram Patel,WH-Gurugram (North),North
ORD-12792,CUST-1565,2026-06-14,Diagnostic & Monitoring,Vascular Doppler,3,6766.71,13.4,Credit Card,Delivered,Vikram Patel,WH-Bengaluru (South),South
ORD-12793,CUST-1854,2026-07-17,Diagnostic & Monitoring,Single-Channel ECG Machine,1,36478.8,6.7,Credit Card,Cancelled,Sanjay Verma,WH-Gurugram (North),North
ORD-12794,CUST-1429,2026-03-05,Orthopedic & Mobility,Air Mattress for Bedsores,5,36750.78,11.6,Net Banking,Cancelled,Ramesh Rao,WH-Bhiwandi (West),West
ORD-12795,CUST-1269,2026-04-12,Surgical & Critical Care,Electric Suction Apparatus,1,35070.08,14.5,COD,Delivered,Priya Sharma,WH-Bengaluru (South),South
ORD-12796,CUST-1853,2026-03-18,Surgical & Critical Care,Laryngoscope Set,5,8624.75,12.8,COD,Returned,Ramesh Rao,WH-Bhiwandi (West),West
ORD-12797,CUST-1310,2026-06-13,Infusion & Vascular,Dialysis Catheter,1,26674.55,13.7,Debit Card,Delivered,Vikram Patel,WH-Bengaluru (South),South
ORD-12798,CUST-1566,2026-06-30,Respiratory Care,BiPAP Machine,4,2469.94,7.3,Debit Card,Returned,Ramesh Rao,WH-Bengaluru (South),South
ORD-12799,CUST-1992,2026-07-07,Diagnostic & Monitoring,Pulse Oximeter,5,13552.56,0.2,Credit Card,Delivered,Sanjay Verma,WH-Bhiwandi (West),West
ORD-12800,CUST-1169,2024-10-03,Surgical & Critical Care,Laryngoscope Set,3,7543.0,6.6,Net Banking,Shipped,Sanjay Verma,WH-Bhiwandi (West),West
ORD-12801,CUST-1328,2026-07-20,Diagnostic & Monitoring,Digital Blood Pressure Monitor,3,16181.7,12.1,COD,Delivered,Ramesh Rao,WH-Gurugram (North),North
ORD-12802,CUST-1609,2026-07-10,Surgical & Critical Care,LED Surgical OT Light,1,17618.28,3.8,Credit Card,Cancelled,Vikram Patel,WH-Gurugram (North),North
ORD-12803,CUST-1294,2026-04-03,Orthopedic & Mobility,TENS Physiotherapy Unit,2,34202.21,10.3,Net Banking,Delivered,Vikram Patel,WH-Bengaluru (South),South
ORD-12804,CUST-1648,2026-06-24,Home Healthcare,Electric Heating Pad,3,31729.89,13.6,Net Banking,Delivered,Ramesh Rao,WH-Kolkata (East),East
ORD-12805,CUST-1974,2026-03-08,Surgical & Critical Care,Pulse Generator Pacemaker,1,2458.97,5.1,COD,Cancelled,Ramesh Rao,WH-Gurugram (North),North
ORD-12806,CUST-1689,2026-05-02,Diagnostic & Monitoring,Infrared Non-Contact Thermometer,1,10202.72,14.0,Credit Card,Shipped,Priya Sharma,WH-Bhiwandi (West),West
ORD-12807,CUST-1694,2026-07-15,Orthopedic & Mobility,Folding Lightweight Wheelchair,4,39873.12,3.3,Credit Card,Shipped,Sanjay Verma,WH-Gurugram (North),North
ORD-12808,CUST-1760,2025-10-01,Respiratory Care,Auto CPAP Machine,2,18542.61,7.3,Debit Card,Returned,Anjali Nair,WH-Kolkata (East),East
ORD-12809,CUST-1329,2026-06-27,Surgical & Critical Care,Surgical Stapler,2,2727.53,9.7,Debit Card,Returned,Ramesh Rao,WH-Kolkata (East),East
ORD-12810,CUST-1359,2026-07-12,Surgical & Critical Care,LED Surgical OT Light,1,31469.34,11.7,COD,Shipped,Anjali Nair,WH-Kolkata (East),East
ORD-12811,CUST-1733,2026-07-13,Respiratory Care,Portable Oxygen Concentrator (5L),2,31561.69,5.4,Net Banking,Cancelled,Vikram Patel,WH-Bhiwandi (West),West
ORD-12812,CUST-1253,2026-04-22,Diagnostic & Monitoring,Vascular Doppler,5,11060.6,10.0,UPI,Delivered,Priya Sharma,WH-Bengaluru (South),South
ORD-12813,CUST-1805,2025-02-15,Diabetes Care,Blood Glucose Meter Kit,5,14658.84,5.9,COD,Cancelled,Sanjay Verma,WH-Bengaluru (South),South
ORD-12814,CUST-1068,2026-01-09,Respiratory Care,Suction Machine,5,7638.37,11.2,Credit Card,Delivered,Sanjay Verma,WH-Kolkata (East),East
ORD-12815,CUST-1811,2025-01-13,Home Healthcare,Peak Flow Meter,3,6716.18,5.8,Debit Card,Delivered,Anjali Nair,WH-Bengaluru (South),South
ORD-12816,CUST-1197,2025-09-23,Surgical & Critical Care,Pulse Generator Pacemaker,3,14770.94,5.4,Credit Card,Processing,Sanjay Verma,WH-Gurugram (North),North
ORD-12817,CUST-1592,2025-09-14,Surgical & Critical Care,Defibrillator & AED,4,27486.69,2.5,UPI,Delivered,Anjali Nair,WH-Bengaluru (South),South
ORD-12818,CUST-1024,2026-05-21,Surgical & Critical Care,Electric Suction Apparatus,1,32552.56,7.0,Credit Card,Returned,Priya Sharma,WH-Kolkata (East),East
ORD-12819,CUST-1157,2026-03-23,Infusion & Vascular,Volumetric Infusion Pump,1,33981.51,9.8,Credit Card,Delivered,Ramesh Rao,WH-Bengaluru (South),South
ORD-12820,CUST-1866,2026-06-24,Diagnostic & Monitoring,Vascular Doppler,4,9443.71,6.6,COD,Cancelled,Anjali Nair,WH-Kolkata (East),East
ORD-12821,CUST-1003,2026-07-05,Diagnostic & Monitoring,Continuous Glucose Monitor (CGM),1,2514.94,12.0,UPI,Delivered,Priya Sharma,WH-Gurugram (North),North
ORD-12822,CUST-1107,2025-10-05,Sterilization & Lab,Tabletop Steam Autoclave,3,13301.51,8.6,Debit Card,Delivered,Anjali Nair,WH-Bhiwandi (West),West
ORD-12823,CUST-1724,2026-06-29,Surgical & Critical Care,LED Surgical OT Light,5,2957.62,5.6,UPI,Delivered,Anjali Nair,WH-Gurugram (North),North
ORD-12824,CUST-1864,2025-12-19,Diagnostic & Monitoring,Capnograph Monitor,3,4078.68,11.4,Credit Card,Processing,Anjali Nair,WH-Bhiwandi (West),West
ORD-12825,CUST-1120,2024-12-19,Sterilization & Lab,Tabletop Steam Autoclave,2,39046.86,8.8,COD,Processing,Vikram Patel,WH-Bengaluru (South),South
ORD-12826,CUST-1169,2026-01-17,Surgical & Critical Care,Surgical Electrocautery Unit,3,42346.05,8.7,COD,Shipped,Sanjay Verma,WH-Gurugram (North),North
ORD-12827,CUST-1951,2025-08-18,Diabetes Care,Insulin Pump,5,8469.85,10.5,COD,Returned,Anjali Nair,WH-Bhiwandi (West),West
ORD-12828,CUST-1191,2026-07-09,Sterilization & Lab,Tabletop Steam Autoclave,3,15107.87,6.7,Credit Card,Shipped,Vikram Patel,WH-Bengaluru (South),South
ORD-12829,CUST-1596,2025-11-20,Surgical & Critical Care,Laryngoscope Set,5,23312.0,2.3,Credit Card,Returned,Priya Sharma,WH-Bengaluru (South),South
ORD-12830,CUST-1974,2025-12-11,Diabetes Care,Insulin Pump,4,11300.06,13.9,COD,Processing,Priya Sharma,WH-Bengaluru (South),South
ORD-12831,CUST-1052,2026-01-08,Infusion & Vascular,Syringe Driver Pump,3,34553.05,1.1,COD,Shipped,Anjali Nair,WH-Bhiwandi (West),West
ORD-12832,CUST-1141,2025-06-01,Diagnostic & Monitoring,Fetal Doppler Heart Rate Monitor,4,35488.3,3.6,COD,Returned,Sanjay Verma,WH-Bengaluru (South),South
ORD-12833,CUST-1509,2026-06-08,Diabetes Care,Insulin Pump,3,29283.24,9.4,Debit Card,Returned,Ramesh Rao,WH-Bengaluru (South),South
ORD-12834,CUST-1125,2026-07-16,Infusion & Vascular,Central Venous Catheter Kit,2,33650.67,10.1,Debit Card,Shipped,Vikram Patel,WH-Bhiwandi (West),West
ORD-12835,CUST-1385,2026-05-10,Respiratory Care,Portable Oxygen Concentrator (5L),3,29537.62,6.1,Credit Card,Shipped,Vikram Patel,WH-Bhiwandi (West),West
ORD-12836,CUST-1480,2026-07-09,Home Healthcare,Digital Vein Finder,2,23008.61,7.3,Credit Card,Shipped,Priya Sharma,WH-Gurugram (North),North
ORD-12837,CUST-1183,2026-03-28,Diabetes Care,Insulin Pump,1,17486.59,6.5,Net Banking,Shipped,Ramesh Rao,WH-Bhiwandi (West),West
ORD-12838,CUST-1377,2026-07-07,Respiratory Care,Mesh Nebulizer,2,41044.72,5.7,COD,Returned,Sanjay Verma,WH-Kolkata (East),East
ORD-12839,CUST-1175,2026-07-11,Orthopedic & Mobility,Air Mattress for Bedsores,2,19236.5,12.1,Debit Card,Cancelled,Anjali Nair,WH-Bhiwandi (West),West
ORD-12840,CUST-1014,2026-03-30,Respiratory Care,Incentive Spirometer,4,40617.28,0.8,UPI,Delivered,Sanjay Verma,WH-Bhiwandi (West),West
ORD-12841,CUST-1891,2025-11-17,Home Healthcare,Electric Heating Pad,5,21877.37,3.1,Net Banking,Delivered,Sanjay Verma,WH-Bhiwandi (West),West
ORD-12842,CUST-1332,2025-07-26,Orthopedic & Mobility,Cervical Traction Unit,3,17814.32,8.5,Debit Card,Processing,Anjali Nair,WH-Bhiwandi (West),West
ORD-12843,CUST-1333,2026-07-12,Respiratory Care,BiPAP Machine,1,6309.42,5.0,Credit Card,Cancelled,Vikram Patel,WH-Bhiwandi (West),West
ORD-12844,CUST-1192,2026-03-14,Respiratory Care,Incentive Spirometer,2,14702.42,9.9,Net Banking,Processing,Anjali Nair,WH-Kolkata (East),East
ORD-12845,CUST-1636,2026-06-17,Infusion & Vascular,Dialysis Catheter,2,8104.48,6.5,UPI,Processing,Anjali Nair,WH-Bengaluru (South),South
ORD-12846,CUST-1269,2026-06-13,Sterilization & Lab,UV Sterilizer Box,5,27475.3,2.6,Debit Card,Cancelled,Anjali Nair,WH-Bengaluru (South),South
ORD-12847,CUST-1336,2025-05-31,Diagnostic & Monitoring,Infrared Non-Contact Thermometer,4,11997.37,3.9,COD,Cancelled,Priya Sharma,WH-Bhiwandi (West),West
ORD-12848,CUST-1861,2025-05-26,Orthopedic & Mobility,Motorized Wheelchair,1,19859.91,12.7,UPI,Cancelled,Anjali Nair,WH-Gurugram (North),North
ORD-12849,CUST-1124,2026-04-20,Diagnostic & Monitoring,Pulse Oximeter,4,20139.49,6.7,UPI,Cancelled,Vikram Patel,WH-Bhiwandi (West),West
ORD-12850,CUST-1988,2026-06-04,Respiratory Care,Incentive Spirometer,3,33685.18,2.6,Net Banking,Returned,Priya Sharma,WH-Bengaluru (South),South
ORD-12851,CUST-1666,2026-06-02,Diabetes Care,Insulin Pen Injector,5,29665.03,14.2,COD,Delivered,Anjali Nair,WH-Kolkata (East),East
ORD-12852,CUST-1353,2026-01-25,Respiratory Care,Mesh Nebulizer,4,4748.59,0.2,UPI,Returned,Sanjay Verma,WH-Gurugram (North),North
ORD-12853,CUST-1156,2026-06-16,Orthopedic & Mobility,Air Mattress for Bedsores,2,4268.05,8.6,Net Banking,Delivered,Sanjay Verma,WH-Gurugram (North),North
ORD-12854,CUST-1989,2026-02-11,Infusion & Vascular,Central Venous Catheter Kit,4,5910.11,9.6,Net Banking,Delivered,Priya Sharma,WH-Gurugram (North),North
ORD-12855,CUST-1029,2026-02-26,Surgical & Critical Care,Surgical Stapler,2,30975.4,12.9,Net Banking,Delivered,Priya Sharma,WH-Bhiwandi (West),West
ORD-12856,CUST-1532,2026-02-24,Infusion & Vascular,Syringe Driver Pump,3,9162.76,0.6,COD,Shipped,Anjali Nair,WH-Bhiwandi (West),West
ORD-12857,CUST-1290,2026-06-18,Infusion & Vascular,Syringe Driver Pump,1,30111.22,1.5,Net Banking,Delivered,Sanjay Verma,WH-Gurugram (North),North
ORD-12858,CUST-1831,2025-11-11,Respiratory Care,Portable Oxygen Concentrator (5L),1,19505.96,8.3,Net Banking,Processing,Vikram Patel,WH-Bhiwandi (West),West
ORD-12859,CUST-1654,2025-08-05,Diagnostic & Monitoring,Capnograph Monitor,4,26190.74,10.1,UPI,Delivered,Sanjay Verma,WH-Bhiwandi (West),West
ORD-12860,CUST-1228,2025-08-09,Orthopedic & Mobility,Folding Lightweight Wheelchair,4,27282.62,7.3,UPI,Shipped,Vikram Patel,WH-Kolkata (East),East
ORD-12861,CUST-1666,2026-03-12,Surgical & Critical Care,Surgical Stapler,5,12501.84,6.9,Net Banking,Shipped,Ramesh Rao,WH-Gurugram (North),North
ORD-12862,CUST-1004,2026-05-23,Diabetes Care,Lancet Device,1,41147.33,8.6,Net Banking,Delivered,Ramesh Rao,WH-Bhiwandi (West),West
ORD-12863,CUST-1676,2026-01-07,Diagnostic & Monitoring,Fetal Doppler Heart Rate Monitor,1,7205.71,5.9,UPI,Delivered,Vikram Patel,WH-Bengaluru (South),South
ORD-12864,CUST-1071,2026-03-21,Diagnostic & Monitoring,Digital Spirometer,3,4941.1,13.2,UPI,Returned,Vikram Patel,WH-Bhiwandi (West),West
ORD-12865,CUST-1974,2026-06-20,Respiratory Care,Portable Oxygen Concentrator (5L),5,3226.74,3.2,Net Banking,Delivered,Ramesh Rao,WH-Bengaluru (South),South
ORD-12866,CUST-1869,2026-02-17,Diagnostic & Monitoring,Pulse Oximeter,4,13700.03,8.1,Debit Card,Returned,Anjali Nair,WH-Gurugram (North),North
ORD-12867,CUST-1269,2026-01-08,Respiratory Care,High-Flow Nasal Cannula System,2,22956.16,5.1,Debit Card,Processing,Vikram Patel,WH-Kolkata (East),East
ORD-12868,CUST-1522,2025-03-02,Orthopedic & Mobility,Walking Frame with Castors,4,32813.65,0.1,Debit Card,Delivered,Anjali Nair,WH-Kolkata (East),East
ORD-12869,CUST-1718,2026-06-15,Respiratory Care,Auto CPAP Machine,1,11017.28,5.7,Credit Card,Delivered,Priya Sharma,WH-Bengaluru (South),South
ORD-12870,CUST-1137,2026-05-03,Surgical & Critical Care,Pulse Generator Pacemaker,2,39028.67,13.3,UPI,Delivered,Vikram Patel,WH-Bengaluru (South),South
ORD-12871,CUST-1597,2026-02-03,Respiratory Care,Mesh Nebulizer,1,16712.72,3.3,COD,Shipped,Anjali Nair,WH-Kolkata (East),East
ORD-12872,CUST-1176,2025-07-16,Diabetes Care,Insulin Pump,4,11862.1,9.5,UPI,Returned,Anjali Nair,WH-Kolkata (East),East
ORD-12873,CUST-1236,2026-07-20,Orthopedic & Mobility,Cervical Traction Unit,4,3334.8,10.0,Debit Card,Returned,Anjali Nair,WH-Gurugram (North),North
ORD-12874,CUST-1265,2026-06-30,Diagnostic & Monitoring,Capnograph Monitor,1,16605.14,3.2,Net Banking,Delivered,Sanjay Verma,WH-Kolkata (East),East
ORD-12875,CUST-1906,2025-08-03,Surgical & Critical Care,Surgical Stapler,1,9520.62,5.0,UPI,Delivered,Sanjay Verma,WH-Gurugram (North),North
ORD-12876,CUST-1064,2026-05-14,Sterilization & Lab,Tabletop Steam Autoclave,3,4942.76,1.8,COD,Processing,Sanjay Verma,WH-Bengaluru (South),South
ORD-12877,CUST-1602,2026-01-03,Surgical & Critical Care,Electric Suction Apparatus,4,38163.15,8.1,Debit Card,Delivered,Anjali Nair,WH-Kolkata (East),East
ORD-12878,CUST-1644,2025-09-06,Surgical & Critical Care,Pulse Generator Pacemaker,5,7105.35,11.0,UPI,Cancelled,Priya Sharma,WH-Bhiwandi (West),West
ORD-12879,CUST-1455,2026-07-03,Sterilization & Lab,Tabletop Steam Autoclave,1,22097.22,7.1,Credit Card,Shipped,Priya Sharma,WH-Bengaluru (South),South
ORD-12880,CUST-1516,2025-12-05,Sterilization & Lab,Tabletop Steam Autoclave,2,42530.07,14.4,COD,Returned,Sanjay Verma,WH-Kolkata (East),East
ORD-12881,CUST-1427,2026-05-18,Diagnostic & Monitoring,Fetal Doppler Heart Rate Monitor,1,34316.04,4.5,Credit Card,Delivered,Priya Sharma,WH-Gurugram (North),North
ORD-12882,CUST-1101,2026-06-19,Respiratory Care,Suction Machine,5,15657.45,9.5,Debit Card,Processing,Sanjay Verma,WH-Bhiwandi (West),West
ORD-12883,CUST-1265,2026-07-08,Sterilization & Lab,Digital Centrifuge Machine,2,20860.15,12.2,COD,Shipped,Priya Sharma,WH-Gurugram (North),North
ORD-12884,CUST-1182,2026-04-13,Diabetes Care,Blood Glucose Meter Kit,2,6120.4,8.4,Debit Card,Delivered,Ramesh Rao,WH-Bhiwandi (West),West
ORD-12885,CUST-1717,2026-02-20,Orthopedic & Mobility,Folding Lightweight Wheelchair,5,41720.95,12.3,Credit Card,Shipped,Sanjay Verma,WH-Kolkata (East),East
ORD-12886,CUST-1008,2026-02-06,Diagnostic & Monitoring,Fetal Doppler Heart Rate Monitor,1,35951.52,2.1,UPI,Processing,Vikram Patel,WH-Bengaluru (South),South
ORD-12887,CUST-1336,2026-07-01,Respiratory Care,Incentive Spirometer,4,16776.34,10.5,COD,Cancelled,Vikram Patel,WH-Bengaluru (South),South
ORD-12888,CUST-1164,2025-08-30,Infusion & Vascular,Syringe Driver Pump,3,19851.3,8.4,Credit Card,Delivered,Ramesh Rao,WH-Bengaluru (South),South
ORD-12889,CUST-1347,2026-07-08,Surgical & Critical Care,Anesthesia Workstation,1,10245.01,0.6,COD,Processing,Vikram Patel,WH-Gurugram (North),North
ORD-12890,CUST-1069,2026-04-30,Sterilization & Lab,Tabletop Steam Autoclave,4,17505.23,4.6,UPI,Delivered,Ramesh Rao,WH-Kolkata (East),East
ORD-12891,CUST-1615,2024-10-20,Diagnostic & Monitoring,Pulse Oximeter,3,42461.82,11.3,Credit Card,Returned,Ramesh Rao,WH-Bhiwandi (West),West
ORD-12892,CUST-1076,2025-12-21,Surgical & Critical Care,LED Surgical OT Light,3,8836.68,13.0,Credit Card,Cancelled,Ramesh Rao,WH-Gurugram (North),North
ORD-12893,CUST-1196,2026-01-11,Surgical & Critical Care,Surgical Electrocautery Unit,4,17885.28,5.5,UPI,Delivered,Priya Sharma,WH-Kolkata (East),East
ORD-12894,CUST-1049,2025-09-04,Orthopedic & Mobility,Motorized Wheelchair,3,38264.69,4.1,Credit Card,Cancelled,Anjali Nair,WH-Gurugram (North),North
ORD-12895,CUST-1998,2026-04-28,Orthopedic & Mobility,Cervical Traction Unit,1,37790.19,10.1,Debit Card,Cancelled,Ramesh Rao,WH-Kolkata (East),East
ORD-12896,CUST-1379,2026-05-24,Diagnostic & Monitoring,Capnograph Monitor,3,29397.25,6.2,COD,Delivered,Vikram Patel,WH-Kolkata (East),East
ORD-12897,CUST-1870,2026-04-22,Diagnostic & Monitoring,Capnograph Monitor,4,8695.87,8.5,COD,Processing,Priya Sharma,WH-Gurugram (North),North
ORD-12898,CUST-1256,2026-03-27,Diagnostic & Monitoring,Vascular Doppler,1,2652.57,6.0,COD,Shipped,Anjali Nair,WH-Gurugram (North),North
ORD-12899,CUST-1573,2025-11-04,Diagnostic & Monitoring,Pulse Oximeter,1,37764.45,8.3,UPI,Cancelled,Vikram Patel,WH-Bhiwandi (West),West
ORD-12900,CUST-1978,2026-01-16,Surgical & Critical Care,Anesthesia Workstation,4,12755.29,4.7,Net Banking,Cancelled,Sanjay Verma,WH-Bhiwandi (West),West
ORD-12901,CUST-1867,2025-10-18,Diagnostic & Monitoring,Fetal Doppler Heart Rate Monitor,4,11388.22,8.2,Credit Card,Shipped,Priya Sharma,WH-Bengaluru (South),South
ORD-12902,CUST-1498,2025-09-19,Home Healthcare,Electric Heating Pad,4,22644.39,13.6,Debit Card,Delivered,Priya Sharma,WH-Bengaluru (South),South
ORD-12903,CUST-1219,2026-04-29,Diagnostic & Monitoring,Capnograph Monitor,1,36426.46,9.8,COD,Delivered,Sanjay Verma,WH-Gurugram (North),North
ORD-12904,CUST-1561,2025-11-01,Surgical & Critical Care,Anesthesia Workstation,5,12921.77,9.3,Debit Card,Delivered,Vikram Patel,WH-Bengaluru (South),South
ORD-12905,CUST-1682,2025-12-04,Orthopedic & Mobility,Walking Frame with Castors,2,44376.88,13.4,UPI,Cancelled,Sanjay Verma,WH-Bhiwandi (West),West
ORD-12906,CUST-1921,2026-05-30,Home Healthcare,Digital Vein Finder,2,8554.73,11.4,Credit Card,Cancelled,Vikram Patel,WH-Kolkata (East),East
ORD-12907,CUST-1795,2025-10-13,Surgical & Critical Care,Anesthesia Workstation,5,35395.12,6.6,Debit Card,Shipped,Vikram Patel,WH-Bhiwandi (West),West
ORD-12908,CUST-1874,2025-11-24,Surgical & Critical Care,Electric Suction Apparatus,4,44666.33,2.7,UPI,Returned,Ramesh Rao,WH-Kolkata (East),East
ORD-12909,CUST-1462,2026-04-21,Respiratory Care,Compressor Nebulizer,3,12900.41,4.8,Credit Card,Cancelled,Sanjay Verma,WH-Gurugram (North),North
ORD-12910,CUST-1019,2026-03-08,Orthopedic & Mobility,TENS Physiotherapy Unit,3,41786.96,14.9,Credit Card,Cancelled,Priya Sharma,WH-Kolkata (East),East
ORD-12911,CUST-1801,2026-05-02,Diabetes Care,Insulin Pen Injector,1,32885.18,5.2,Credit Card,Delivered,Vikram Patel,WH-Kolkata (East),East
ORD-12912,CUST-1198,2026-02-09,Respiratory Care,Mesh Nebulizer,1,1866.38,11.6,Debit Card,Delivered,Sanjay Verma,WH-Bhiwandi (West),West
ORD-12913,CUST-1505,2026-02-23,Surgical & Critical Care,Defibrillator & AED,2,39995.01,12.2,Debit Card,Delivered,Sanjay Verma,WH-Kolkata (East),East
ORD-12914,CUST-1853,2026-07-07,Sterilization & Lab,UV Sterilizer Box,4,26652.27,6.9,COD,Delivered,Priya Sharma,WH-Gurugram (North),North
ORD-12915,CUST-1089,2026-04-04,Surgical & Critical Care,Anesthesia Workstation,1,8085.5,1.0,Credit Card,Processing,Vikram Patel,WH-Kolkata (East),East
ORD-12916,CUST-1960,2026-05-05,Surgical & Critical Care,Electric Suction Apparatus,1,29857.34,11.3,Credit Card,Returned,Priya Sharma,WH-Bhiwandi (West),West
ORD-12917,CUST-1877,2026-03-06,Home Healthcare,Peak Flow Meter,4,38266.11,12.9,UPI,Shipped,Sanjay Verma,WH-Kolkata (East),East
ORD-12918,CUST-1356,2026-07-04,Diabetes Care,Lancet Device,5,5530.83,8.1,COD,Delivered,Priya Sharma,WH-Bhiwandi (West),West
ORD-12919,CUST-1323,2025-05-12,Diagnostic & Monitoring,Continuous Glucose Monitor (CGM),5,37728.51,13.4,Debit Card,Cancelled,Sanjay Verma,WH-Kolkata (East),East
ORD-12920,CUST-1409,2026-06-13,Orthopedic & Mobility,Walking Frame with Castors,3,13657.59,11.5,Net Banking,Shipped,Ramesh Rao,WH-Bhiwandi (West),West
ORD-12921,CUST-1795,2025-04-15,Diagnostic & Monitoring,Single-Channel ECG Machine,2,26761.27,1.0,Credit Card,Processing,Ramesh Rao,WH-Bhiwandi (West),West
ORD-12922,CUST-1571,2025-12-27,Respiratory Care,High-Flow Nasal Cannula System,4,43744.19,9.0,COD,Delivered,Priya Sharma,WH-Gurugram (North),North
ORD-12923,CUST-1580,2025-12-11,Diagnostic & Monitoring,Pulse Oximeter,5,15290.55,7.7,UPI,Delivered,Priya Sharma,WH-Bengaluru (South),South
ORD-12924,CUST-1335,2026-07-22,Diagnostic & Monitoring,Digital Spirometer,4,1696.6,13.9,COD,Cancelled,Priya Sharma,WH-Kolkata (East),East
ORD-12925,CUST-1445,2026-03-05,Surgical & Critical Care,Surgical Electrocautery Unit,1,35943.92,3.1,Credit Card,Delivered,Ramesh Rao,WH-Bhiwandi (West),West
ORD-12926,CUST-1368,2025-03-28,Diagnostic & Monitoring,Digital Blood Pressure Monitor,4,34845.65,7.5,COD,Returned,Priya Sharma,WH-Bengaluru (South),South
ORD-12927,CUST-1131,2026-05-05,Sterilization & Lab,Tabletop Steam Autoclave,1,22070.43,3.1,Debit Card,Delivered,Vikram Patel,WH-Kolkata (East),East
ORD-12928,CUST-1583,2025-06-05,Diagnostic & Monitoring,Digital Otoscope,4,41732.06,1.1,Debit Card,Shipped,Vikram Patel,WH-Bengaluru (South),South
ORD-12929,CUST-1948,2026-07-15,Surgical & Critical Care,LED Surgical OT Light,2,20409.12,6.2,UPI,Returned,Vikram Patel,WH-Bengaluru (South),South
ORD-12930,CUST-1082,2025-11-19,Diagnostic & Monitoring,Digital Otoscope,3,11138.06,10.3,Net Banking,Delivered,Sanjay Verma,WH-Kolkata (East),East
ORD-12931,CUST-1439,2026-05-25,Surgical & Critical Care,Anesthesia Workstation,4,24681.74,6.0,UPI,Returned,Ramesh Rao,WH-Bhiwandi (West),West
ORD-12932,CUST-1044,2025-10-20,Surgical & Critical Care,Anesthesia Workstation,1,39227.29,5.8,COD,Shipped,Anjali Nair,WH-Bengaluru (South),South
ORD-12933,CUST-1759,2025-12-21,Diagnostic & Monitoring,Digital Otoscope,5,10160.08,13.5,Debit Card,Processing,Anjali Nair,WH-Bhiwandi (West),West
ORD-12934,CUST-1738,2026-07-06,Diagnostic & Monitoring,Digital Otoscope,2,38240.26,1.1,Debit Card,Processing,Priya Sharma,WH-Bhiwandi (West),West
ORD-12935,CUST-1007,2026-07-14,Diagnostic & Monitoring,Single-Channel ECG Machine,3,15579.44,12.0,Credit Card,Delivered,Sanjay Verma,WH-Gurugram (North),North
ORD-12936,CUST-1847,2026-05-14,Surgical & Critical Care,LED Surgical OT Light,3,27802.66,3.6,Credit Card,Delivered,Priya Sharma,WH-Bengaluru (South),South
ORD-12937,CUST-1627,2026-07-06,Home Healthcare,Peak Flow Meter,2,7916.81,7.1,UPI,Processing,Priya Sharma,WH-Kolkata (East),East
ORD-12938,CUST-1995,2025-01-20,Diagnostic & Monitoring,Digital Otoscope,2,646.65,5.1,Debit Card,Shipped,Ramesh Rao,WH-Gurugram (North),North
ORD-12939,CUST-1368,2026-01-22,Diagnostic & Monitoring,Pulse Oximeter,3,9746.9,14.5,Credit Card,Delivered,Ramesh Rao,WH-Kolkata (East),East
ORD-12940,CUST-1041,2026-03-31,Surgical & Critical Care,Defibrillator & AED,5,33638.48,9.7,Debit Card,Delivered,Priya Sharma,WH-Kolkata (East),East
ORD-12941,CUST-1561,2026-07-22,Infusion & Vascular,Syringe Driver Pump,1,3884.06,8.9,Net Banking,Shipped,Vikram Patel,WH-Bhiwandi (West),West
ORD-12942,CUST-1975,2025-09-16,Sterilization & Lab,Tabletop Steam Autoclave,5,1626.93,6.5,COD,Processing,Anjali Nair,WH-Bengaluru (South),South
ORD-12943,CUST-1882,2025-10-28,Surgical & Critical Care,Laryngoscope Set,2,14934.39,8.8,COD,Shipped,Priya Sharma,WH-Gurugram (North),North
ORD-12944,CUST-1289,2026-05-05,Diagnostic & Monitoring,Pulse Oximeter,1,3105.71,11.3,UPI,Shipped,Ramesh Rao,WH-Gurugram (North),North
ORD-12945,CUST-1898,2025-05-13,Respiratory Care,Suction Machine,5,27690.29,5.8,UPI,Processing,Vikram Patel,WH-Gurugram (North),North
ORD-12946,CUST-1654,2026-05-04,Sterilization & Lab,Digital Centrifuge Machine,3,35462.08,3.9,COD,Shipped,Ramesh Rao,WH-Bengaluru (South),South
ORD-12947,CUST-1020,2026-07-11,Diagnostic & Monitoring,Capnograph Monitor,5,23270.9,3.2,Net Banking,Returned,Vikram Patel,WH-Gurugram (North),North
ORD-12948,CUST-1564,2025-03-22,Surgical & Critical Care,Electric Suction Apparatus,5,19254.45,7.9,UPI,Returned,Vikram Patel,WH-Kolkata (East),East
ORD-12949,CUST-1112,2025-04-04,Sterilization & Lab,Tabletop Steam Autoclave,5,26602.99,14.4,COD,Delivered,Anjali Nair,WH-Kolkata (East),East
ORD-12950,CUST-1709,2026-02-15,Diagnostic & Monitoring,Digital Spirometer,2,44528.72,12.5,COD,Delivered,Vikram Patel,WH-Kolkata (East),East
ORD-12951,CUST-1796,2026-04-20,Orthopedic & Mobility,Motorized Wheelchair,2,40873.81,12.8,Debit Card,Delivered,Sanjay Verma,WH-Bengaluru (South),South
ORD-12952,CUST-1314,2026-07-09,Diagnostic & Monitoring,Vascular Doppler,1,41658.09,9.5,Credit Card,Processing,Sanjay Verma,WH-Bhiwandi (West),West
ORD-12953,CUST-1965,2025-09-08,Orthopedic & Mobility,Motorized Wheelchair,4,41445.66,1.0,UPI,Cancelled,Vikram Patel,WH-Kolkata (East),East
ORD-12954,CUST-1048,2026-03-12,Diagnostic & Monitoring,Infrared Non-Contact Thermometer,1,21324.34,11.5,Debit Card,Shipped,Vikram Patel,WH-Bengaluru (South),South
ORD-12955,CUST-1213,2026-05-01,Diagnostic & Monitoring,Pulse Oximeter,3,38848.17,11.4,COD,Delivered,Sanjay Verma,WH-Gurugram (North),North
ORD-12956,CUST-1772,2026-03-18,Respiratory Care,High-Flow Nasal Cannula System,5,16005.03,5.8,UPI,Processing,Vikram Patel,WH-Bhiwandi (West),West
ORD-12957,CUST-1761,2025-07-26,Orthopedic & Mobility,Motorized Wheelchair,3,7808.97,13.3,Net Banking,Delivered,Vikram Patel,WH-Bengaluru (South),South
ORD-12958,CUST-1732,2025-10-18,Infusion & Vascular,Dialysis Catheter,1,40419.36,7.0,Debit Card,Delivered,Vikram Patel,WH-Gurugram (North),North
ORD-12959,CUST-1979,2024-12-07,Surgical & Critical Care,Defibrillator & AED,1,20517.54,5.6,Net Banking,Delivered,Anjali Nair,WH-Kolkata (East),East
ORD-12960,CUST-1441,2025-07-19,Home Healthcare,Digital Vein Finder,3,9608.73,12.3,Debit Card,Delivered,Ramesh Rao,WH-Gurugram (North),North
ORD-12961,CUST-1998,2026-06-01,Surgical & Critical Care,Laryngoscope Set,3,1708.69,13.3,Credit Card,Shipped,Ramesh Rao,WH-Gurugram (North),North
ORD-12962,CUST-1459,2026-05-12,Sterilization & Lab,UV Sterilizer Box,1,27169.78,2.1,UPI,Shipped,Sanjay Verma,WH-Gurugram (North),North
ORD-12963,CUST-1802,2024-10-09,Infusion & Vascular,Volumetric Infusion Pump,2,42615.18,12.6,UPI,Shipped,Vikram Patel,WH-Bengaluru (South),South
ORD-12964,CUST-1930,2026-05-07,Diagnostic & Monitoring,Fetal Doppler Heart Rate Monitor,1,10278.88,12.3,Net Banking,Processing,Vikram Patel,WH-Kolkata (East),East
ORD-12965,CUST-1915,2026-06-10,Diabetes Care,Insulin Pump,3,6222.14,10.7,UPI,Processing,Vikram Patel,WH-Kolkata (East),East
ORD-12966,CUST-1423,2026-03-12,Respiratory Care,Portable Oxygen Concentrator (5L),1,21424.9,3.1,COD,Delivered,Ramesh Rao,WH-Bengaluru (South),South
ORD-12967,CUST-1029,2026-02-23,Orthopedic & Mobility,Folding Lightweight Wheelchair,2,26198.03,14.2,Credit Card,Shipped,Anjali Nair,WH-Bengaluru (South),South
ORD-12968,CUST-1688,2024-11-05,Surgical & Critical Care,LED Surgical OT Light,3,35916.79,11.9,Net Banking,Delivered,Anjali Nair,WH-Kolkata (East),East
ORD-12969,CUST-1350,2026-07-16,Orthopedic & Mobility,TENS Physiotherapy Unit,4,21071.94,2.1,Debit Card,Returned,Anjali Nair,WH-Gurugram (North),North
ORD-12970,CUST-1505,2026-02-06,Respiratory Care,Compressor Nebulizer,1,23255.2,7.9,Credit Card,Processing,Ramesh Rao,WH-Bhiwandi (West),West
ORD-12971,CUST-1184,2026-03-16,Infusion & Vascular,Dialysis Catheter,3,8361.02,10.7,COD,Delivered,Sanjay Verma,WH-Gurugram (North),North
ORD-12972,CUST-1279,2026-03-31,Home Healthcare,Digital Vein Finder,1,35986.11,10.6,Net Banking,Processing,Priya Sharma,WH-Bengaluru (South),South
ORD-12973,CUST-1031,2025-05-29,Surgical & Critical Care,Laryngoscope Set,1,36980.61,13.6,COD,Returned,Sanjay Verma,WH-Bengaluru (South),South
ORD-12974,CUST-1021,2026-07-16,Respiratory Care,Portable Oxygen Concentrator (5L),4,1030.32,1.1,UPI,Delivered,Priya Sharma,WH-Bengaluru (South),South
ORD-12975,CUST-1212,2026-07-19,Diagnostic & Monitoring,Digital Spirometer,1,33258.31,14.7,Net Banking,Processing,Priya Sharma,WH-Kolkata (East),East
ORD-12976,CUST-1898,2025-01-31,Orthopedic & Mobility,Motorized Wheelchair,3,42964.48,9.1,UPI,Shipped,Vikram Patel,WH-Bengaluru (South),South
ORD-12977,CUST-1933,2026-04-10,Respiratory Care,High-Flow Nasal Cannula System,2,29505.49,4.7,UPI,Cancelled,Anjali Nair,WH-Gurugram (North),North
ORD-12978,CUST-1604,2025-09-24,Surgical & Critical Care,Defibrillator & AED,4,40090.05,7.0,Debit Card,Shipped,Priya Sharma,WH-Bhiwandi (West),West
ORD-12979,CUST-1887,2025-01-21,Diagnostic & Monitoring,Fetal Doppler Heart Rate Monitor,1,6550.49,13.5,COD,Delivered,Anjali Nair,WH-Bengaluru (South),South
ORD-12980,CUST-1300,2026-01-07,Diagnostic & Monitoring,Digital Spirometer,5,35080.17,14.0,UPI,Delivered,Vikram Patel,WH-Bengaluru (South),South
ORD-12981,CUST-1074,2024-08-06,Surgical & Critical Care,Surgical Electrocautery Unit,3,15899.46,5.5,Debit Card,Delivered,Anjali Nair,WH-Bhiwandi (West),West
ORD-12982,CUST-1225,2026-02-06,Diagnostic & Monitoring,Fetal Doppler Heart Rate Monitor,3,2401.5,11.9,Credit Card,Shipped,Ramesh Rao,WH-Kolkata (East),East
ORD-12983,CUST-1681,2026-04-11,Surgical & Critical Care,Anesthesia Workstation,5,24339.33,13.9,COD,Returned,Sanjay Verma,WH-Gurugram (North),North
ORD-12984,CUST-1567,2024-12-17,Diagnostic & Monitoring,Digital Blood Pressure Monitor,1,28017.32,14.8,COD,Processing,Sanjay Verma,WH-Gurugram (North),North
ORD-12985,CUST-1508,2025-11-16,Sterilization & Lab,Digital Centrifuge Machine,2,39477.35,0.3,COD,Delivered,Sanjay Verma,WH-Kolkata (East),East
ORD-12986,CUST-1383,2025-12-09,Sterilization & Lab,Digital Centrifuge Machine,4,40304.42,11.3,Net Banking,Delivered,Anjali Nair,WH-Gurugram (North),North
ORD-12987,CUST-1554,2025-06-04,Respiratory Care,Mesh Nebulizer,5,25900.49,7.7,UPI,Returned,Anjali Nair,WH-Gurugram (North),North
ORD-12988,CUST-1838,2025-01-05,Orthopedic & Mobility,TENS Physiotherapy Unit,1,23050.16,8.9,COD,Processing,Vikram Patel,WH-Gurugram (North),North
ORD-12989,CUST-1810,2025-10-18,Diagnostic & Monitoring,Fetal Doppler Heart Rate Monitor,2,27029.21,0.7,Debit Card,Shipped,Sanjay Verma,WH-Bhiwandi (West),West
ORD-12990,CUST-1221,2026-06-09,Respiratory Care,Incentive Spirometer,1,13160.38,11.7,COD,Returned,Ramesh Rao,WH-Kolkata (East),East
ORD-12991,CUST-1913,2026-06-22,Home Healthcare,Peak Flow Meter,4,39824.01,8.7,UPI,Cancelled,Priya Sharma,WH-Kolkata (East),East
ORD-12992,CUST-1963,2025-03-19,Home Healthcare,Peak Flow Meter,4,34650.88,13.7,Debit Card,Delivered,Ramesh Rao,WH-Bhiwandi (West),West
ORD-12993,CUST-1620,2026-02-25,Diagnostic & Monitoring,Vascular Doppler,4,42678.34,4.4,UPI,Returned,Anjali Nair,WH-Bengaluru (South),South
ORD-12994,CUST-1702,2026-06-28,Surgical & Critical Care,Anesthesia Workstation,4,3490.07,9.2,Net Banking,Delivered,Ramesh Rao,WH-Bhiwandi (West),West
ORD-12995,CUST-1456,2026-07-04,Respiratory Care,BiPAP Machine,3,5249.96,0.7,UPI,Delivered,Priya Sharma,WH-Kolkata (East),East
ORD-12996,CUST-1867,2025-04-10,Diagnostic & Monitoring,Vascular Doppler,5,4061.39,8.3,Credit Card,Processing,Sanjay Verma,WH-Bhiwandi (West),West
ORD-12997,CUST-1582,2025-12-30,Respiratory Care,Incentive Spirometer,1,17741.14,11.9,UPI,Shipped,Vikram Patel,WH-Gurugram (North),North
ORD-12998,CUST-1463,2025-10-28,Surgical & Critical Care,Anesthesia Workstation,3,25675.66,10.4,UPI,Delivered,Anjali Nair,WH-Gurugram (North),North
ORD-12999,CUST-1406,2026-03-31,Surgical & Critical Care,Laryngoscope Set,2,12298.05,14.1,Net Banking,Delivered,Ramesh Rao,WH-Gurugram (North),North
ORD-13000,CUST-1303,2026-06-10,Infusion & Vascular,Volumetric Infusion Pump,5,10148.15,11.8,Debit Card,Delivered,Sanjay Verma,WH-Bhiwandi (West),West
ORD-13001,CUST-1467,2025-12-30,Diagnostic & Monitoring,Digital Otoscope,4,29004.62,3.7,COD,Returned,Anjali Nair,WH-Bengaluru (South),South
ORD-13002,CUST-1625,2026-07-12,Diagnostic & Monitoring,Multi-Para Patient Monitor,4,30278.18,3.1,Debit Card,Delivered,Vikram Patel,WH-Gurugram (North),North
ORD-13003,CUST-1610,2025-11-30,Infusion & Vascular,Syringe Driver Pump,1,7870.86,1.3,UPI,Returned,Sanjay Verma,WH-Kolkata (East),East
ORD-13004,CUST-1359,2025-09-12,Sterilization & Lab,Ultrasound Cleaner,3,17098.91,4.2,Debit Card,Cancelled,Anjali Nair,WH-Gurugram (North),North
ORD-13005,CUST-1350,2026-02-16,Sterilization & Lab,UV Sterilizer Box,1,9247.7,14.8,UPI,Cancelled,Vikram Patel,WH-Bhiwandi (West),West
ORD-13006,CUST-1754,2026-06-29,Home Healthcare,Electric Heating Pad,1,32400.43,0.6,Net Banking,Delivered,Vikram Patel,WH-Kolkata (East),East
ORD-13007,CUST-1905,2026-03-11,Diagnostic & Monitoring,Stethoscope (Cardiology Grade),3,31833.74,13.1,UPI,Delivered,Priya Sharma,WH-Gurugram (North),North
ORD-13008,CUST-1743,2026-07-20,Sterilization & Lab,Ultrasound Cleaner,5,15925.57,13.3,UPI,Delivered,Sanjay Verma,WH-Kolkata (East),East
ORD-13009,CUST-1754,2026-06-27,Diagnostic & Monitoring,Single-Channel ECG Machine,4,4024.21,0.5,COD,Returned,Sanjay Verma,WH-Bhiwandi (West),West
ORD-13010,CUST-1229,2026-04-22,Diagnostic & Monitoring,Vascular Doppler,4,38362.93,9.2,Net Banking,Shipped,Sanjay Verma,WH-Kolkata (East),East
ORD-13011,CUST-1677,2026-05-22,Diabetes Care,Insulin Pen Injector,2,33739.28,8.0,UPI,Delivered,Sanjay Verma,WH-Bengaluru (South),South
ORD-13012,CUST-1566,2025-12-09,Home Healthcare,Electric Heating Pad,1,15043.43,8.9,Debit Card,Processing,Anjali Nair,WH-Bhiwandi (West),West
ORD-13013,CUST-1256,2026-05-27,Respiratory Care,BiPAP Machine,1,26601.82,5.7,Debit Card,Cancelled,Sanjay Verma,WH-Bhiwandi (West),West
ORD-13014,CUST-1345,2025-12-28,Diagnostic & Monitoring,Stethoscope (Cardiology Grade),5,21652.4,10.1,UPI,Shipped,Priya Sharma,WH-Bengaluru (South),South
ORD-13015,CUST-1257,2025-08-08,Sterilization & Lab,Ultrasound Cleaner,5,29575.16,8.7,Credit Card,Delivered,Vikram Patel,WH-Gurugram (North),North
ORD-13016,CUST-1239,2025-03-25,Diagnostic & Monitoring,Digital Blood Pressure Monitor,5,43607.76,9.5,Credit Card,Delivered,Sanjay Verma,WH-Bengaluru (South),South
ORD-13017,CUST-1154,2026-05-14,Infusion & Vascular,Central Venous Catheter Kit,3,11399.94,13.6,COD,Processing,Priya Sharma,WH-Bengaluru (South),South
ORD-13018,CUST-1027,2025-10-06,Infusion & Vascular,Volumetric Infusion Pump,1,39039.88,12.4,Debit Card,Cancelled,Priya Sharma,WH-Kolkata (East),East
ORD-13019,CUST-1553,2025-08-15,Diagnostic & Monitoring,Vascular Doppler,1,27536.74,5.7,Net Banking,Shipped,Priya Sharma,WH-Bhiwandi (West),West
ORD-13020,CUST-1064,2026-05-21,Diagnostic & Monitoring,Digital Blood Pressure Monitor,2,20241.97,14.4,COD,Delivered,Priya Sharma,WH-Gurugram (North),North
ORD-13021,CUST-1065,2026-06-16,Respiratory Care,BiPAP Machine,4,37524.78,14.3,COD,Cancelled,Anjali Nair,WH-Bengaluru (South),South
ORD-13022,CUST-1985,2026-05-31,Orthopedic & Mobility,TENS Physiotherapy Unit,1,16213.72,8.7,Net Banking,Delivered,Vikram Patel,WH-Kolkata (East),East
ORD-13023,CUST-1111,2026-07-07,Diabetes Care,Insulin Pen Injector,5,2170.14,3.5,Credit Card,Processing,Sanjay Verma,WH-Bengaluru (South),South
ORD-13024,CUST-1533,2025-07-23,Home Healthcare,Digital Vein Finder,1,25610.87,8.4,Net Banking,Processing,Anjali Nair,WH-Kolkata (East),East
ORD-13025,CUST-1693,2026-05-19,Diagnostic & Monitoring,Single-Channel ECG Machine,4,13678.65,11.5,UPI,Returned,Vikram Patel,WH-Bengaluru (South),South
ORD-13026,CUST-1528,2026-03-05,Diagnostic & Monitoring,Digital Otoscope,5,35516.36,11.2,COD,Shipped,Priya Sharma,WH-Kolkata (East),East
ORD-13027,CUST-1768,2026-06-11,Surgical & Critical Care,Surgical Electrocautery Unit,4,16565.55,14.8,UPI,Returned,Sanjay Verma,WH-Gurugram (North),North
ORD-13028,CUST-1241,2025-09-15,Orthopedic & Mobility,Walking Frame with Castors,4,16843.95,1.9,UPI,Returned,Ramesh Rao,WH-Gurugram (North),North
ORD-13029,CUST-1170,2026-07-21,Infusion & Vascular,Syringe Driver Pump,5,35849.12,13.8,COD,Delivered,Anjali Nair,WH-Bengaluru (South),South
ORD-13030,CUST-1283,2026-06-18,Infusion & Vascular,Central Venous Catheter Kit,3,34826.16,1.1,Debit Card,Processing,Ramesh Rao,WH-Bhiwandi (West),West
ORD-13031,CUST-1363,2025-10-31,Orthopedic & Mobility,Motorized Wheelchair,3,28345.67,4.2,Credit Card,Shipped,Anjali Nair,WH-Gurugram (North),North
ORD-13032,CUST-1945,2025-08-29,Diabetes Care,Insulin Pen Injector,4,3631.01,5.8,UPI,Processing,Ramesh Rao,WH-Bhiwandi (West),West
ORD-13033,CUST-1106,2025-10-08,Diagnostic & Monitoring,Digital Blood Pressure Monitor,4,37222.18,7.5,COD,Delivered,Anjali Nair,WH-Bengaluru (South),South
ORD-13034,CUST-1196,2025-05-02,Infusion & Vascular,Dialysis Catheter,1,1657.47,9.1,Credit Card,Processing,Anjali Nair,WH-Bhiwandi (West),West
ORD-13035,CUST-1242,2026-03-08,Surgical & Critical Care,Electric Suction Apparatus,5,38096.13,11.9,UPI,Delivered,Priya Sharma,WH-Gurugram (North),North
ORD-13036,CUST-1046,2026-03-05,Infusion & Vascular,IV Cannula (18G-24G),5,8966.05,14.4,UPI,Processing,Ramesh Rao,WH-Kolkata (East),East
ORD-13037,CUST-1633,2026-04-24,Diagnostic & Monitoring,Digital Blood Pressure Monitor,1,26876.24,1.0,Debit Card,Delivered,Anjali Nair,WH-Bengaluru (South),South
ORD-13038,CUST-1875,2026-05-14,Sterilization & Lab,Digital Centrifuge Machine,3,3867.65,5.5,Net Banking,Delivered,Anjali Nair,WH-Bengaluru (South),South
ORD-13039,CUST-1676,2025-12-29,Sterilization & Lab,Ultrasound Cleaner,3,39566.44,10.3,COD,Cancelled,Ramesh Rao,WH-Bhiwandi (West),West
ORD-13040,CUST-1273,2026-04-16,Diagnostic & Monitoring,Vascular Doppler,2,25868.56,11.4,Debit Card,Shipped,Ramesh Rao,WH-Kolkata (East),East
ORD-13041,CUST-1039,2026-03-07,Respiratory Care,Compressor Nebulizer,4,36642.51,13.7,UPI,Delivered,Priya Sharma,WH-Gurugram (North),North
ORD-13042,CUST-1564,2025-07-18,Surgical & Critical Care,Anesthesia Workstation,2,6475.19,13.0,Net Banking,Delivered,Priya Sharma,WH-Bengaluru (South),South
ORD-13043,CUST-1978,2025-11-01,Surgical & Critical Care,Laryngoscope Set,2,25096.23,8.5,COD,Delivered,Sanjay Verma,WH-Kolkata (East),East
ORD-13044,CUST-1391,2026-07-06,Surgical & Critical Care,Defibrillator & AED,5,24404.44,8.7,Debit Card,Cancelled,Ramesh Rao,WH-Bhiwandi (West),West
ORD-13045,CUST-1950,2026-05-21,Respiratory Care,Auto CPAP Machine,5,43349.0,7.8,Credit Card,Shipped,Priya Sharma,WH-Bhiwandi (West),West
ORD-13046,CUST-1767,2026-05-28,Orthopedic & Mobility,TENS Physiotherapy Unit,1,2202.51,5.7,Net Banking,Shipped,Vikram Patel,WH-Kolkata (East),East
ORD-13047,CUST-1405,2026-06-28,Diagnostic & Monitoring,Stethoscope (Cardiology Grade),5,3322.56,10.9,UPI,Delivered,Ramesh Rao,WH-Bhiwandi (West),West
ORD-13048,CUST-1588,2026-04-08,Diagnostic & Monitoring,Infrared Non-Contact Thermometer,1,14744.1,11.8,UPI,Cancelled,Ramesh Rao,WH-Kolkata (East),East
ORD-13049,CUST-1692,2025-03-24,Infusion & Vascular,Volumetric Infusion Pump,1,17237.35,13.6,Credit Card,Shipped,Sanjay Verma,WH-Bengaluru (South),South
ORD-13050,CUST-1146,2026-07-01,Diabetes Care,Blood Glucose Meter Kit,2,34940.82,0.4,Credit Card,Returned,Sanjay Verma,WH-Gurugram (North),North
ORD-13051,CUST-1552,2025-04-05,Diabetes Care,Insulin Pen Injector,3,12157.65,8.0,UPI,Delivered,Ramesh Rao,WH-Bengaluru (South),South
ORD-13052,CUST-1535,2024-11-06,Diagnostic & Monitoring,Continuous Glucose Monitor (CGM),5,8069.9,10.6,Net Banking,Delivered,Anjali Nair,WH-Gurugram (North),North
ORD-13053,CUST-1366,2024-10-03,Sterilization & Lab,UV Sterilizer Box,2,28727.4,4.7,Credit Card,Returned,Vikram Patel,WH-Kolkata (East),East
ORD-13054,CUST-1209,2026-04-09,Respiratory Care,Mesh Nebulizer,5,1172.61,1.3,Credit Card,Processing,Vikram Patel,WH-Kolkata (East),East
ORD-13055,CUST-1072,2026-07-22,Surgical & Critical Care,Surgical Stapler,4,11241.65,11.3,Debit Card,Cancelled,Priya Sharma,WH-Gurugram (North),North
ORD-13056,CUST-1666,2025-09-19,Surgical & Critical Care,LED Surgical OT Light,2,16284.81,9.8,Net Banking,Delivered,Ramesh Rao,WH-Bhiwandi (West),West
ORD-13057,CUST-1886,2025-11-13,Respiratory Care,Incentive Spirometer,3,3833.35,3.2,UPI,Delivered,Priya Sharma,WH-Kolkata (East),East
ORD-13058,CUST-1762,2026-07-09,Respiratory Care,BiPAP Machine,2,37150.26,4.8,UPI,Delivered,Anjali Nair,WH-Bhiwandi (West),West
ORD-13059,CUST-1350,2026-05-28,Diagnostic & Monitoring,Infrared Non-Contact Thermometer,5,3583.54,2.1,Net Banking,Delivered,Vikram Patel,WH-Kolkata (East),East
ORD-13060,CUST-1232,2025-03-28,Surgical & Critical Care,Surgical Electrocautery Unit,2,41426.77,6.8,UPI,Shipped,Vikram Patel,WH-Gurugram (North),North
ORD-13061,CUST-1085,2026-05-19,Infusion & Vascular,Syringe Driver Pump,5,32063.22,0.5,UPI,Delivered,Priya Sharma,WH-Bengaluru (South),South
ORD-13062,CUST-1330,2025-11-24,Diagnostic & Monitoring,Infrared Non-Contact Thermometer,5,26667.36,3.5,Debit Card,Shipped,Ramesh Rao,WH-Bhiwandi (West),West
ORD-13063,CUST-1457,2026-07-05,Surgical & Critical Care,Surgical Electrocautery Unit,3,11035.21,13.9,COD,Returned,Vikram Patel,WH-Bhiwandi (West),West
ORD-13064,CUST-1658,2025-10-04,Sterilization & Lab,Ultrasound Cleaner,4,3393.2,4.2,UPI,Processing,Sanjay Verma,WH-Bhiwandi (West),West
ORD-13065,CUST-1401,2025-09-19,Home Healthcare,Electric Heating Pad,3,1228.51,13.9,Debit Card,Processing,Priya Sharma,WH-Gurugram (North),North
ORD-13066,CUST-1112,2025-03-26,Orthopedic & Mobility,Walking Frame with Castors,2,13261.32,12.7,Debit Card,Delivered,Priya Sharma,WH-Gurugram (North),North
ORD-13067,CUST-1223,2026-07-05,Diabetes Care,Blood Glucose Meter Kit,5,14353.9,9.4,Credit Card,Cancelled,Ramesh Rao,WH-Bengaluru (South),South
ORD-13068,CUST-1141,2025-04-11,Respiratory Care,BiPAP Machine,4,22603.14,9.1,UPI,Processing,Priya Sharma,WH-Bengaluru (South),South
ORD-13069,CUST-1853,2026-01-09,Infusion & Vascular,Central Venous Catheter Kit,1,27986.71,13.7,Credit Card,Processing,Anjali Nair,WH-Kolkata (East),East
ORD-13070,CUST-1385,2026-02-03,Sterilization & Lab,Tabletop Steam Autoclave,5,22189.63,5.3,Net Banking,Cancelled,Anjali Nair,WH-Bhiwandi (West),West
ORD-13071,CUST-1719,2026-05-05,Diagnostic & Monitoring,Capnograph Monitor,3,12944.72,3.2,COD,Cancelled,Sanjay Verma,WH-Kolkata (East),East
ORD-13072,CUST-1832,2025-11-30,Diagnostic & Monitoring,Vascular Doppler,3,2013.43,14.9,Debit Card,Shipped,Anjali Nair,WH-Bhiwandi (West),West
ORD-13073,CUST-1318,2026-04-24,Infusion & Vascular,Central Venous Catheter Kit,5,6196.33,4.6,COD,Processing,Sanjay Verma,WH-Kolkata (East),East
ORD-13074,CUST-1961,2026-03-12,Orthopedic & Mobility,TENS Physiotherapy Unit,5,26482.02,13.5,Debit Card,Cancelled,Anjali Nair,WH-Bhiwandi (West),West
ORD-13075,CUST-1950,2026-05-28,Infusion & Vascular,Volumetric Infusion Pump,5,39316.37,10.4,COD,Delivered,Ramesh Rao,WH-Kolkata (East),East
ORD-13076,CUST-1367,2026-06-22,Surgical & Critical Care,Defibrillator & AED,3,16849.11,14.1,Net Banking,Delivered,Sanjay Verma,WH-Bengaluru (South),South
ORD-13077,CUST-1595,2026-07-22,Surgical & Critical Care,LED Surgical OT Light,3,37437.59,11.0,COD,Delivered,Vikram Patel,WH-Kolkata (East),East
ORD-13078,CUST-1872,2025-11-22,Sterilization & Lab,Tabletop Steam Autoclave,2,3979.75,7.3,Debit Card,Delivered,Priya Sharma,WH-Kolkata (East),East
ORD-13079,CUST-1701,2026-04-13,Diagnostic & Monitoring,Stethoscope (Cardiology Grade),4,3407.33,0.1,Net Banking,Delivered,Sanjay Verma,WH-Bengaluru (South),South
ORD-13080,CUST-1815,2025-01-10,Diabetes Care,Insulin Pen Injector,5,1658.97,11.0,UPI,Delivered,Anjali Nair,WH-Kolkata (East),East
ORD-13081,CUST-1630,2026-07-12,Orthopedic & Mobility,Air Mattress for Bedsores,4,38336.74,14.9,UPI,Delivered,Priya Sharma,WH-Kolkata (East),East
ORD-13082,CUST-1583,2025-11-04,Infusion & Vascular,Central Venous Catheter Kit,5,35381.91,1.3,Credit Card,Processing,Ramesh Rao,WH-Bengaluru (South),South
ORD-13083,CUST-1672,2025-11-12,Respiratory Care,Incentive Spirometer,4,20769.0,4.6,Net Banking,Cancelled,Anjali Nair,WH-Kolkata (East),East
ORD-13084,CUST-1434,2025-12-21,Sterilization & Lab,Tabletop Steam Autoclave,5,2100.6,9.4,UPI,Delivered,Vikram Patel,WH-Kolkata (East),East
ORD-13085,CUST-1127,2026-05-17,Sterilization & Lab,Tabletop Steam Autoclave,4,34831.95,0.1,Net Banking,Delivered,Anjali Nair,WH-Kolkata (East),East
ORD-13086,CUST-1970,2025-06-14,Surgical & Critical Care,Pulse Generator Pacemaker,1,27830.0,9.1,Net Banking,Cancelled,Sanjay Verma,WH-Kolkata (East),East
ORD-13087,CUST-1652,2026-01-30,Respiratory Care,Compressor Nebulizer,1,861.82,10.7,COD,Returned,Sanjay Verma,WH-Bhiwandi (West),West
ORD-13088,CUST-1261,2026-01-30,Sterilization & Lab,Ultrasound Cleaner,5,30774.86,10.6,Net Banking,Delivered,Vikram Patel,WH-Bengaluru (South),South
ORD-13089,CUST-1818,2025-08-06,Home Healthcare,Peak Flow Meter,4,35569.56,9.3,Credit Card,Processing,Vikram Patel,WH-Bengaluru (South),South
ORD-13090,CUST-1602,2026-04-19,Diagnostic & Monitoring,Digital Otoscope,1,41309.99,4.4,Credit Card,Returned,Priya Sharma,WH-Gurugram (North),North
ORD-13091,CUST-1163,2026-01-04,Surgical & Critical Care,Electric Suction Apparatus,5,11201.9,14.5,UPI,Delivered,Anjali Nair,WH-Kolkata (East),East
ORD-13092,CUST-1239,2026-06-04,Orthopedic & Mobility,Folding Lightweight Wheelchair,4,14343.37,0.8,Net Banking,Returned,Priya Sharma,WH-Bengaluru (South),South
ORD-13093,CUST-1659,2025-08-24,Sterilization & Lab,Ultrasound Cleaner,2,25937.69,3.1,UPI,Delivered,Priya Sharma,WH-Kolkata (East),East
ORD-13094,CUST-1297,2025-04-06,Orthopedic & Mobility,Folding Lightweight Wheelchair,5,882.41,12.9,Credit Card,Shipped,Ramesh Rao,WH-Bhiwandi (West),West
ORD-13095,CUST-1613,2025-09-12,Diagnostic & Monitoring,Vascular Doppler,2,5567.03,3.6,Net Banking,Shipped,Anjali Nair,WH-Gurugram (North),North
ORD-13096,CUST-1330,2025-04-06,Respiratory Care,Compressor Nebulizer,3,31222.15,3.9,Credit Card,Delivered,Ramesh Rao,WH-Bengaluru (South),South
ORD-13097,CUST-1722,2026-03-18,Orthopedic & Mobility,Folding Lightweight Wheelchair,5,23680.5,14.1,Debit Card,Delivered,Priya Sharma,WH-Kolkata (East),East
ORD-13098,CUST-1853,2026-03-03,Surgical & Critical Care,LED Surgical OT Light,1,15623.09,4.0,Debit Card,Delivered,Anjali Nair,WH-Bengaluru (South),South
ORD-13099,CUST-1576,2026-07-22,Orthopedic & Mobility,Motorized Wheelchair,1,37933.84,13.6,Credit Card,Delivered,Anjali Nair,WH-Kolkata (East),East
ORD-13100,CUST-1362,2024-12-06,Respiratory Care,Portable Oxygen Concentrator (5L),5,11911.4,7.6,UPI,Delivered,Ramesh Rao,WH-Bhiwandi (West),West
ORD-13101,CUST-1003,2026-07-13,Surgical & Critical Care,Pulse Generator Pacemaker,3,11667.47,1.8,Net Banking,Shipped,Priya Sharma,WH-Bhiwandi (West),West
ORD-13102,CUST-1416,2026-03-25,Infusion & Vascular,Syringe Driver Pump,3,20793.18,7.6,Debit Card,Delivered,Anjali Nair,WH-Bhiwandi (West),West
ORD-13103,CUST-1211,2025-06-16,Diagnostic & Monitoring,Pulse Oximeter,5,32855.14,7.2,Net Banking,Delivered,Ramesh Rao,WH-Bhiwandi (West),West
ORD-13104,CUST-1220,2026-02-15,Orthopedic & Mobility,Air Mattress for Bedsores,5,34476.02,12.8,COD,Delivered,Priya Sharma,WH-Bhiwandi (West),West
ORD-13105,CUST-1187,2025-06-01,Diagnostic & Monitoring,Digital Blood Pressure Monitor,2,24948.79,12.5,Net Banking,Returned,Sanjay Verma,WH-Kolkata (East),East
ORD-13106,CUST-1065,2026-06-16,Diagnostic & Monitoring,Capnograph Monitor,4,25974.31,3.8,Net Banking,Processing,Priya Sharma,WH-Gurugram (North),North
ORD-13107,CUST-1203,2025-02-08,Diagnostic & Monitoring,Fetal Doppler Heart Rate Monitor,2,1900.55,11.1,UPI,Returned,Anjali Nair,WH-Bengaluru (South),South
ORD-13108,CUST-1017,2025-10-17,Sterilization & Lab,Ultrasound Cleaner,3,32270.74,1.6,Debit Card,Delivered,Anjali Nair,WH-Gurugram (North),North
ORD-13109,CUST-1882,2026-03-04,Orthopedic & Mobility,TENS Physiotherapy Unit,2,23538.25,7.4,Net Banking,Shipped,Priya Sharma,WH-Bengaluru (South),South
ORD-13110,CUST-1757,2026-07-21,Home Healthcare,Electric Heating Pad,3,3435.93,13.0,Credit Card,Returned,Ramesh Rao,WH-Gurugram (North),North
ORD-13111,CUST-1122,2026-05-16,Sterilization & Lab,Tabletop Steam Autoclave,4,32395.61,14.9,Net Banking,Processing,Anjali Nair,WH-Bengaluru (South),South
ORD-13112,CUST-1216,2025-05-11,Respiratory Care,Suction Machine,1,30403.2,6.6,Net Banking,Shipped,Ramesh Rao,WH-Bengaluru (South),South
ORD-13113,CUST-1795,2025-08-11,Surgical & Critical Care,Anesthesia Workstation,1,40441.69,3.0,COD,Delivered,Anjali Nair,WH-Kolkata (East),East
ORD-13114,CUST-1476,2026-07-15,Diagnostic & Monitoring,Digital Otoscope,2,28967.9,2.9,COD,Delivered,Sanjay Verma,WH-Bengaluru (South),South
ORD-13115,CUST-1582,2026-01-01,Diagnostic & Monitoring,Continuous Glucose Monitor (CGM),4,26383.48,3.7,COD,Delivered,Priya Sharma,WH-Kolkata (East),East
ORD-13116,CUST-1017,2026-04-03,Surgical & Critical Care,Electric Suction Apparatus,1,4481.0,8.5,COD,Processing,Sanjay Verma,WH-Bengaluru (South),South
ORD-13117,CUST-1279,2026-07-04,Sterilization & Lab,UV Sterilizer Box,5,38458.03,10.1,Credit Card,Delivered,Priya Sharma,WH-Bengaluru (South),South
ORD-13118,CUST-1787,2025-09-07,Respiratory Care,Auto CPAP Machine,5,42611.34,2.2,Net Banking,Returned,Priya Sharma,WH-Gurugram (North),North
ORD-13119,CUST-1235,2026-06-30,Diagnostic & Monitoring,Continuous Glucose Monitor (CGM),5,17299.05,8.2,Credit Card,Cancelled,Anjali Nair,WH-Bhiwandi (West),West
ORD-13120,CUST-1723,2026-03-11,Diagnostic & Monitoring,Digital Spirometer,5,19837.92,2.4,Net Banking,Delivered,Anjali Nair,WH-Bhiwandi (West),West
ORD-13121,CUST-1817,2026-02-04,Surgical & Critical Care,Laryngoscope Set,3,13131.14,9.9,COD,Returned,Vikram Patel,WH-Bhiwandi (West),West
ORD-13122,CUST-1958,2026-06-18,Diabetes Care,Insulin Pump,2,35393.5,9.7,COD,Delivered,Sanjay Verma,WH-Bhiwandi (West),West
ORD-13123,CUST-1238,2026-07-19,Respiratory Care,Compressor Nebulizer,1,7100.29,14.9,Net Banking,Delivered,Ramesh Rao,WH-Bengaluru (South),South
ORD-13124,CUST-1960,2026-03-08,Sterilization & Lab,Ultrasound Cleaner,2,14511.8,13.6,Net Banking,Delivered,Vikram Patel,WH-Bhiwandi (West),West
ORD-13125,CUST-1984,2026-01-05,Respiratory Care,Suction Machine,4,42308.8,2.8,Debit Card,Delivered,Sanjay Verma,WH-Bhiwandi (West),West
ORD-13126,CUST-1102,2026-06-14,Orthopedic & Mobility,Folding Lightweight Wheelchair,5,2178.07,2.6,UPI,Shipped,Priya Sharma,WH-Gurugram (North),North
ORD-13127,CUST-1465,2026-02-27,Orthopedic & Mobility,Motorized Wheelchair,4,22845.4,14.2,Debit Card,Processing,Anjali Nair,WH-Bengaluru (South),South
ORD-13128,CUST-1992,2025-11-21,Respiratory Care,Auto CPAP Machine,4,17238.25,1.4,UPI,Processing,Anjali Nair,WH-Bhiwandi (West),West
ORD-13129,CUST-1408,2026-07-01,Sterilization & Lab,Digital Centrifuge Machine,1,25007.07,5.8,Debit Card,Cancelled,Priya Sharma,WH-Gurugram (North),North
ORD-13130,CUST-1341,2025-03-01,Sterilization & Lab,Digital Centrifuge Machine,1,33878.39,5.1,Credit Card,Returned,Vikram Patel,WH-Kolkata (East),East
ORD-13131,CUST-1999,2026-07-08,Diagnostic & Monitoring,Fetal Doppler Heart Rate Monitor,2,20433.36,3.8,Net Banking,Cancelled,Priya Sharma,WH-Bengaluru (South),South
ORD-13132,CUST-1448,2025-09-26,Surgical & Critical Care,LED Surgical OT Light,3,22869.05,4.0,Net Banking,Delivered,Ramesh Rao,WH-Kolkata (East),East
ORD-13133,CUST-1527,2025-12-06,Sterilization & Lab,Tabletop Steam Autoclave,2,3634.55,1.8,COD,Processing,Anjali Nair,WH-Bengaluru (South),South
ORD-13134,CUST-1455,2026-02-25,Infusion & Vascular,Dialysis Catheter,4,9027.54,12.7,UPI,Delivered,Anjali Nair,WH-Bengaluru (South),South
ORD-13135,CUST-1818,2025-12-08,Infusion & Vascular,IV Cannula (18G-24G),2,24958.14,12.2,Net Banking,Cancelled,Vikram Patel,WH-Gurugram (North),North
ORD-13136,CUST-1204,2025-05-16,Respiratory Care,High-Flow Nasal Cannula System,5,12086.44,7.2,Debit Card,Delivered,Priya Sharma,WH-Bhiwandi (West),West
ORD-13137,CUST-1817,2025-08-14,Sterilization & Lab,UV Sterilizer Box,3,1642.09,6.1,Credit Card,Processing,Sanjay Verma,WH-Gurugram (North),North
ORD-13138,CUST-1704,2026-06-13,Diagnostic & Monitoring,Digital Spirometer,2,26199.57,8.9,Debit Card,Shipped,Ramesh Rao,WH-Gurugram (North),North
ORD-13139,CUST-1410,2026-07-22,Diagnostic & Monitoring,Digital Otoscope,3,21387.64,5.4,Credit Card,Delivered,Sanjay Verma,WH-Gurugram (North),North
ORD-13140,CUST-1445,2026-02-22,Surgical & Critical Care,Anesthesia Workstation,5,37564.39,8.2,Credit Card,Delivered,Sanjay Verma,WH-Bhiwandi (West),West
ORD-13141,CUST-1025,2026-05-16,Orthopedic & Mobility,Cervical Traction Unit,5,505.9,1.1,UPI,Returned,Vikram Patel,WH-Bhiwandi (West),West
ORD-13142,CUST-1255,2025-05-02,Orthopedic & Mobility,Motorized Wheelchair,4,17126.45,5.0,UPI,Processing,Anjali Nair,WH-Bengaluru (South),South
ORD-13143,CUST-1304,2026-04-08,Diagnostic & Monitoring,Continuous Glucose Monitor (CGM),5,39804.12,3.1,Net Banking,Shipped,Anjali Nair,WH-Bengaluru (South),South
ORD-13144,CUST-1030,2026-06-14,Respiratory Care,Mesh Nebulizer,4,20268.05,1.0,Debit Card,Delivered,Vikram Patel,WH-Gurugram (North),North
ORD-13145,CUST-1383,2025-12-17,Sterilization & Lab,Ultrasound Cleaner,2,38618.3,1.3,COD,Delivered,Sanjay Verma,WH-Bhiwandi (West),West
ORD-13146,CUST-1190,2026-07-22,Diabetes Care,Insulin Pump,3,5332.88,5.3,UPI,Shipped,Sanjay Verma,WH-Bhiwandi (West),West
ORD-13147,CUST-1785,2026-04-01,Respiratory Care,Mesh Nebulizer,2,40286.8,10.7,UPI,Shipped,Anjali Nair,WH-Bengaluru (South),South
ORD-13148,CUST-1006,2025-03-06,Diabetes Care,Blood Glucose Meter Kit,1,18801.27,8.8,Net Banking,Shipped,Sanjay Verma,WH-Bhiwandi (West),West
ORD-13149,CUST-1889,2025-03-22,Surgical & Critical Care,Electric Suction Apparatus,4,21142.26,11.5,COD,Returned,Vikram Patel,WH-Bengaluru (South),South
ORD-13150,CUST-1629,2025-11-17,Diagnostic & Monitoring,Fetal Doppler Heart Rate Monitor,3,35279.6,1.9,Debit Card,Delivered,Ramesh Rao,WH-Bhiwandi (West),West
ORD-13151,CUST-1722,2025-08-17,Infusion & Vascular,Volumetric Infusion Pump,5,1492.25,6.3,UPI,Processing,Anjali Nair,WH-Kolkata (East),East
ORD-13152,CUST-1448,2025-05-08,Home Healthcare,Digital Vein Finder,5,42521.33,12.1,Credit Card,Returned,Priya Sharma,WH-Gurugram (North),North
ORD-13153,CUST-1281,2026-05-05,Infusion & Vascular,Volumetric Infusion Pump,3,43209.76,7.7,Credit Card,Returned,Vikram Patel,WH-Bhiwandi (West),West
ORD-13154,CUST-1935,2026-02-02,Surgical & Critical Care,Electric Suction Apparatus,5,19954.37,11.0,COD,Returned,Priya Sharma,WH-Bengaluru (South),South
ORD-13155,CUST-1834,2026-04-06,Diagnostic & Monitoring,Single-Channel ECG Machine,3,28656.93,8.6,UPI,Delivered,Vikram Patel,WH-Gurugram (North),North
ORD-13156,CUST-1890,2026-02-07,Orthopedic & Mobility,Cervical Traction Unit,3,43389.46,5.5,UPI,Delivered,Anjali Nair,WH-Kolkata (East),East
ORD-13157,CUST-1906,2026-05-30,Home Healthcare,Peak Flow Meter,1,41867.75,7.4,UPI,Delivered,Ramesh Rao,WH-Kolkata (East),East
ORD-13158,CUST-1819,2026-05-08,Diagnostic & Monitoring,Single-Channel ECG Machine,2,36573.99,3.3,Net Banking,Returned,Ramesh Rao,WH-Bhiwandi (West),West
ORD-13159,CUST-1547,2025-03-15,Orthopedic & Mobility,Motorized Wheelchair,2,41696.68,12.9,Net Banking,Delivered,Vikram Patel,WH-Bhiwandi (West),West
ORD-13160,CUST-1929,2025-12-18,Surgical & Critical Care,LED Surgical OT Light,2,28824.75,11.4,Net Banking,Delivered,Priya Sharma,WH-Gurugram (North),North
ORD-13161,CUST-1081,2025-08-23,Diagnostic & Monitoring,Pulse Oximeter,4,20079.62,8.4,Debit Card,Cancelled,Anjali Nair,WH-Kolkata (East),East
ORD-13162,CUST-1249,2026-05-25,Orthopedic & Mobility,Walking Frame with Castors,2,17871.32,8.0,Credit Card,Delivered,Vikram Patel,WH-Gurugram (North),North
ORD-13163,CUST-1529,2025-10-18,Diagnostic & Monitoring,Single-Channel ECG Machine,1,7628.71,7.8,UPI,Delivered,Sanjay Verma,WH-Bengaluru (South),South
ORD-13164,CUST-1064,2026-05-14,Diagnostic & Monitoring,Infrared Non-Contact Thermometer,5,43181.29,2.0,UPI,Processing,Ramesh Rao,WH-Kolkata (East),East
ORD-13165,CUST-1300,2025-03-12,Home Healthcare,Peak Flow Meter,3,19190.67,3.7,COD,Processing,Ramesh Rao,WH-Bhiwandi (West),West
ORD-13166,CUST-1150,2026-07-05,Home Healthcare,Digital Vein Finder,1,12723.37,7.7,Debit Card,Returned,Priya Sharma,WH-Kolkata (East),East
ORD-13167,CUST-1155,2026-05-23,Surgical & Critical Care,LED Surgical OT Light,1,36129.86,11.9,Credit Card,Shipped,Ramesh Rao,WH-Bengaluru (South),South
ORD-13168,CUST-1848,2025-11-10,Orthopedic & Mobility,Walking Frame with Castors,3,8799.67,9.8,Net Banking,Delivered,Ramesh Rao,WH-Bengaluru (South),South
ORD-13169,CUST-1166,2026-03-12,Surgical & Critical Care,LED Surgical OT Light,5,6350.24,8.5,Credit Card,Returned,Anjali Nair,WH-Kolkata (East),East
ORD-13170,CUST-1969,2026-07-14,Respiratory Care,Mesh Nebulizer,4,25756.87,6.4,Debit Card,Returned,Priya Sharma,WH-Kolkata (East),East
ORD-13171,CUST-1348,2025-07-24,Surgical & Critical Care,Electric Suction Apparatus,5,7915.86,1.7,Credit Card,Delivered,Anjali Nair,WH-Bhiwandi (West),West
ORD-13172,CUST-1495,2026-04-06,Orthopedic & Mobility,Walking Frame with Castors,1,2247.17,4.0,Net Banking,Processing,Ramesh Rao,WH-Bengaluru (South),South
ORD-13173,CUST-1741,2026-07-08,Diagnostic & Monitoring,Digital Otoscope,5,13388.6,12.0,Net Banking,Delivered,Anjali Nair,WH-Bengaluru (South),South
ORD-13174,CUST-1739,2025-05-13,Infusion & Vascular,IV Cannula (18G-24G),4,23573.27,7.9,UPI,Shipped,Ramesh Rao,WH-Bhiwandi (West),West
ORD-13175,CUST-1136,2025-12-10,Diagnostic & Monitoring,Digital Spirometer,4,32402.11,8.5,COD,Shipped,Sanjay Verma,WH-Bhiwandi (West),West
ORD-13176,CUST-1383,2025-11-22,Respiratory Care,Auto CPAP Machine,5,40780.92,1.0,Credit Card,Shipped,Priya Sharma,WH-Gurugram (North),North
ORD-13177,CUST-1115,2026-01-17,Diagnostic & Monitoring,Digital Blood Pressure Monitor,3,2407.64,7.3,Credit Card,Shipped,Priya Sharma,WH-Kolkata (East),East
ORD-13178,CUST-1995,2026-06-13,Infusion & Vascular,Volumetric Infusion Pump,4,34118.43,10.1,Credit Card,Delivered,Anjali Nair,WH-Bengaluru (South),South
ORD-13179,CUST-1152,2026-06-04,Diagnostic & Monitoring,Continuous Glucose Monitor (CGM),4,4711.79,13.7,Credit Card,Delivered,Sanjay Verma,WH-Bhiwandi (West),West
ORD-13180,CUST-1162,2025-07-12,Orthopedic & Mobility,Cervical Traction Unit,3,25450.88,0.5,Net Banking,Returned,Sanjay Verma,WH-Gurugram (North),North
ORD-13181,CUST-1364,2025-08-14,Diagnostic & Monitoring,Fetal Doppler Heart Rate Monitor,4,40674.36,4.8,Debit Card,Delivered,Sanjay Verma,WH-Bhiwandi (West),West
ORD-13182,CUST-1956,2026-06-02,Diagnostic & Monitoring,Digital Spirometer,3,9969.17,1.2,Debit Card,Returned,Anjali Nair,WH-Kolkata (East),East
ORD-13183,CUST-1851,2026-03-21,Home Healthcare,Digital Vein Finder,5,34940.68,5.7,COD,Cancelled,Anjali Nair,WH-Bhiwandi (West),West
ORD-13184,CUST-1185,2026-06-08,Diagnostic & Monitoring,Pulse Oximeter,2,43525.41,2.3,Credit Card,Cancelled,Sanjay Verma,WH-Gurugram (North),North
ORD-13185,CUST-1153,2026-04-08,Surgical & Critical Care,Surgical Electrocautery Unit,1,32700.41,12.6,Debit Card,Delivered,Sanjay Verma,WH-Bengaluru (South),South
ORD-13186,CUST-1574,2026-07-15,Surgical & Critical Care,Laryngoscope Set,2,21666.49,9.5,Net Banking,Delivered,Sanjay Verma,WH-Bengaluru (South),South
ORD-13187,CUST-1072,2026-07-22,Surgical & Critical Care,Surgical Electrocautery Unit,1,32502.42,6.2,Credit Card,Processing,Anjali Nair,WH-Bhiwandi (West),West
ORD-13188,CUST-1951,2026-01-09,Diagnostic & Monitoring,Digital Spirometer,4,34662.45,13.7,Credit Card,Delivered,Vikram Patel,WH-Gurugram (North),North
ORD-13189,CUST-1589,2024-10-14,Diabetes Care,Insulin Pen Injector,3,4862.95,1.9,Debit Card,Processing,Vikram Patel,WH-Gurugram (North),North
ORD-13190,CUST-1889,2026-01-11,Respiratory Care,Mesh Nebulizer,4,31773.4,5.5,Debit Card,Processing,Sanjay Verma,WH-Bengaluru (South),South
ORD-13191,CUST-1921,2026-07-07,Diagnostic & Monitoring,Stethoscope (Cardiology Grade),3,21922.01,11.2,Net Banking,Processing,Priya Sharma,WH-Kolkata (East),East
ORD-13192,CUST-1909,2026-05-06,Home Healthcare,Peak Flow Meter,3,35860.56,10.0,COD,Cancelled,Priya Sharma,WH-Bhiwandi (West),West
ORD-13193,CUST-1396,2026-07-07,Surgical & Critical Care,Surgical Electrocautery Unit,4,19520.27,11.3,Debit Card,Returned,Anjali Nair,WH-Bhiwandi (West),West
ORD-13194,CUST-1648,2026-06-19,Sterilization & Lab,Ultrasound Cleaner,3,35268.74,14.5,Net Banking,Processing,Ramesh Rao,WH-Bhiwandi (West),West
ORD-13195,CUST-1722,2026-04-01,Respiratory Care,Auto CPAP Machine,1,9870.28,14.0,UPI,Processing,Ramesh Rao,WH-Bhiwandi (West),West
ORD-13196,CUST-1994,2025-12-15,Diagnostic & Monitoring,Digital Blood Pressure Monitor,5,9083.51,0.2,Credit Card,Delivered,Priya Sharma,WH-Kolkata (East),East
ORD-13197,CUST-1246,2026-05-20,Infusion & Vascular,Volumetric Infusion Pump,3,43780.15,10.1,UPI,Cancelled,Vikram Patel,WH-Gurugram (North),North
ORD-13198,CUST-1346,2026-07-11,Home Healthcare,Peak Flow Meter,3,18051.54,4.5,Credit Card,Cancelled,Priya Sharma,WH-Bhiwandi (West),West
ORD-13199,CUST-1831,2025-10-17,Diagnostic & Monitoring,Pulse Oximeter,2,30572.75,5.0,UPI,Shipped,Sanjay Verma,WH-Bengaluru (South),South
ORD-13200,CUST-1280,2026-05-26,Diabetes Care,Insulin Pen Injector,1,25293.46,6.5,COD,Cancelled,Priya Sharma,WH-Bengaluru (South),South
ORD-13201,CUST-1866,2026-06-24,Diagnostic & Monitoring,Fetal Doppler Heart Rate Monitor,4,40020.55,5.1,COD,Delivered,Ramesh Rao,WH-Bhiwandi (West),West
ORD-13202,CUST-1001,2026-03-01,Surgical & Critical Care,Pulse Generator Pacemaker,3,1059.97,11.0,COD,Delivered,Sanjay Verma,WH-Bhiwandi (West),West
ORD-13203,CUST-1941,2026-01-17,Diagnostic & Monitoring,Vascular Doppler,1,44934.11,9.3,Credit Card,Processing,Anjali Nair,WH-Bengaluru (South),South
ORD-13204,CUST-1774,2025-11-11,Diabetes Care,Insulin Pump,5,16181.43,0.8,UPI,Cancelled,Priya Sharma,WH-Bengaluru (South),South
ORD-13205,CUST-1776,2024-11-03,Diagnostic & Monitoring,Digital Blood Pressure Monitor,4,29338.41,4.1,UPI,Cancelled,Sanjay Verma,WH-Bhiwandi (West),West
ORD-13206,CUST-1080,2025-08-10,Respiratory Care,Incentive Spirometer,3,35169.65,8.0,UPI,Delivered,Anjali Nair,WH-Bengaluru (South),South
ORD-13207,CUST-1390,2026-02-09,Respiratory Care,Incentive Spirometer,2,18817.03,8.6,UPI,Returned,Vikram Patel,WH-Gurugram (North),North
ORD-13208,CUST-1173,2025-11-19,Diagnostic & Monitoring,Pulse Oximeter,3,4922.75,13.1,COD,Processing,Ramesh Rao,WH-Gurugram (North),North
ORD-13209,CUST-1134,2026-02-10,Respiratory Care,Incentive Spirometer,5,4058.48,12.6,UPI,Shipped,Sanjay Verma,WH-Bengaluru (South),South
ORD-13210,CUST-1130,2026-05-09,Infusion & Vascular,IV Cannula (18G-24G),4,3688.95,10.1,Credit Card,Cancelled,Sanjay Verma,WH-Bhiwandi (West),West
ORD-13211,CUST-1087,2026-03-07,Respiratory Care,Portable Oxygen Concentrator (5L),4,18345.75,4.5,Credit Card,Returned,Sanjay Verma,WH-Kolkata (East),East
ORD-13212,CUST-1658,2025-04-24,Respiratory Care,Portable Oxygen Concentrator (5L),2,4979.35,1.6,Net Banking,Shipped,Priya Sharma,WH-Bengaluru (South),South
ORD-13213,CUST-1086,2026-05-12,Orthopedic & Mobility,TENS Physiotherapy Unit,5,37453.2,2.5,COD,Cancelled,Vikram Patel,WH-Bengaluru (South),South
ORD-13214,CUST-1524,2026-05-06,Diagnostic & Monitoring,Pulse Oximeter,5,44109.99,5.6,COD,Delivered,Sanjay Verma,WH-Gurugram (North),North
ORD-13215,CUST-1112,2025-04-22,Home Healthcare,Electric Heating Pad,4,20253.06,4.2,Credit Card,Shipped,Priya Sharma,WH-Kolkata (East),East
ORD-13216,CUST-1588,2026-06-26,Diabetes Care,Insulin Pen Injector,1,602.65,6.2,UPI,Delivered,Ramesh Rao,WH-Bengaluru (South),South
ORD-13217,CUST-1151,2026-06-26,Respiratory Care,Mesh Nebulizer,4,43461.36,3.6,UPI,Processing,Ramesh Rao,WH-Kolkata (East),East
ORD-13218,CUST-1407,2026-06-18,Respiratory Care,Auto CPAP Machine,1,32734.86,11.7,Debit Card,Delivered,Vikram Patel,WH-Gurugram (North),North
ORD-13219,CUST-1724,2026-04-25,Infusion & Vascular,Central Venous Catheter Kit,4,6307.46,5.5,Net Banking,Delivered,Vikram Patel,WH-Gurugram (North),North
ORD-13220,CUST-1959,2025-11-25,Respiratory Care,Auto CPAP Machine,4,11180.45,1.3,UPI,Returned,Vikram Patel,WH-Bengaluru (South),South
ORD-13221,CUST-1563,2025-12-28,Respiratory Care,Incentive Spirometer,1,9195.29,11.3,UPI,Delivered,Sanjay Verma,WH-Bengaluru (South),South
ORD-13222,CUST-1973,2026-02-12,Infusion & Vascular,Syringe Driver Pump,4,1128.3,11.9,UPI,Delivered,Sanjay Verma,WH-Bengaluru (South),South
ORD-13223,CUST-1048,2026-07-16,Surgical & Critical Care,Laryngoscope Set,3,10220.3,13.9,UPI,Delivered,Ramesh Rao,WH-Gurugram (North),North
ORD-13224,CUST-1209,2026-05-26,Orthopedic & Mobility,Walking Frame with Castors,3,34460.0,3.4,Net Banking,Delivered,Sanjay Verma,WH-Gurugram (North),North
ORD-13225,CUST-1101,2026-05-11,Infusion & Vascular,IV Cannula (18G-24G),2,12220.45,7.4,Net Banking,Delivered,Priya Sharma,WH-Bhiwandi (West),West
ORD-13226,CUST-1707,2025-03-03,Surgical & Critical Care,Laryngoscope Set,2,24220.8,13.0,Debit Card,Delivered,Sanjay Verma,WH-Kolkata (East),East
ORD-13227,CUST-1590,2026-06-13,Infusion & Vascular,Central Venous Catheter Kit,3,974.88,6.9,UPI,Delivered,Anjali Nair,WH-Kolkata (East),East
ORD-13228,CUST-1378,2026-07-21,Diabetes Care,Lancet Device,1,40345.82,0.2,COD,Delivered,Sanjay Verma,WH-Bengaluru (South),South
ORD-13229,CUST-1805,2026-02-16,Surgical & Critical Care,LED Surgical OT Light,2,34318.9,9.8,Credit Card,Delivered,Ramesh Rao,WH-Kolkata (East),East
ORD-13230,CUST-1295,2026-02-24,Diabetes Care,Blood Glucose Meter Kit,5,28635.39,12.4,UPI,Shipped,Anjali Nair,WH-Bengaluru (South),South
ORD-13231,CUST-1809,2025-08-23,Home Healthcare,Peak Flow Meter,4,19805.11,7.6,Credit Card,Delivered,Anjali Nair,WH-Bengaluru (South),South
ORD-13232,CUST-1212,2025-10-12,Home Healthcare,Peak Flow Meter,2,40995.92,7.2,UPI,Delivered,Ramesh Rao,WH-Kolkata (East),East
ORD-13233,CUST-1408,2026-03-30,Orthopedic & Mobility,TENS Physiotherapy Unit,5,15006.4,4.3,COD,Delivered,Ramesh Rao,WH-Bhiwandi (West),West
ORD-13234,CUST-1237,2025-12-31,Diagnostic & Monitoring,Single-Channel ECG Machine,1,41600.52,2.2,Net Banking,Shipped,Vikram Patel,WH-Bengaluru (South),South
ORD-13235,CUST-1406,2026-05-24,Orthopedic & Mobility,TENS Physiotherapy Unit,4,37471.01,7.1,UPI,Cancelled,Priya Sharma,WH-Gurugram (North),North
ORD-13236,CUST-1370,2025-05-02,Respiratory Care,Auto CPAP Machine,4,13634.64,3.8,Debit Card,Processing,Sanjay Verma,WH-Kolkata (East),East
ORD-13237,CUST-1068,2026-05-11,Orthopedic & Mobility,Air Mattress for Bedsores,1,21851.28,1.6,COD,Cancelled,Priya Sharma,WH-Bengaluru (South),South
ORD-13238,CUST-1447,2026-03-17,Home Healthcare,Peak Flow Meter,5,40048.11,2.8,Debit Card,Processing,Anjali Nair,WH-Kolkata (East),East
ORD-13239,CUST-1279,2026-06-09,Diabetes Care,Blood Glucose Meter Kit,1,22837.95,5.6,Credit Card,Processing,Sanjay Verma,WH-Kolkata (East),East
ORD-13240,CUST-1836,2026-07-08,Home Healthcare,Electric Heating Pad,4,625.02,11.4,COD,Delivered,Ramesh Rao,WH-Bhiwandi (West),West
ORD-13241,CUST-1483,2025-08-20,Surgical & Critical Care,Defibrillator & AED,4,12209.87,1.4,UPI,Cancelled,Ramesh Rao,WH-Kolkata (East),East
ORD-13242,CUST-1620,2025-03-08,Diagnostic & Monitoring,Digital Spirometer,3,22008.01,13.7,COD,Processing,Sanjay Verma,WH-Kolkata (East),East
ORD-13243,CUST-1559,2026-06-06,Respiratory Care,Suction Machine,1,28591.92,5.5,Debit Card,Processing,Anjali Nair,WH-Bhiwandi (West),West
ORD-13244,CUST-1225,2025-11-18,Respiratory Care,Incentive Spirometer,4,44906.26,3.7,UPI,Delivered,Vikram Patel,WH-Kolkata (East),East
ORD-13245,CUST-1619,2025-10-29,Respiratory Care,Compressor Nebulizer,3,14989.18,0.3,UPI,Processing,Ramesh Rao,WH-Bengaluru (South),South
ORD-13246,CUST-1628,2026-06-06,Respiratory Care,Portable Oxygen Concentrator (5L),1,8526.6,4.1,Net Banking,Delivered,Vikram Patel,WH-Kolkata (East),East
ORD-13247,CUST-1783,2026-03-08,Surgical & Critical Care,Defibrillator & AED,4,1425.88,14.6,UPI,Delivered,Priya Sharma,WH-Kolkata (East),East
ORD-13248,CUST-1468,2025-06-13,Diagnostic & Monitoring,Digital Otoscope,5,39835.52,9.0,Credit Card,Delivered,Sanjay Verma,WH-Bhiwandi (West),West
ORD-13249,CUST-1944,2026-05-19,Surgical & Critical Care,Electric Suction Apparatus,1,781.14,0.5,UPI,Delivered,Anjali Nair,WH-Bengaluru (South),South
ORD-13250,CUST-1195,2026-02-08,Infusion & Vascular,Volumetric Infusion Pump,2,30882.15,2.3,Debit Card,Shipped,Priya Sharma,WH-Kolkata (East),East
ORD-13251,CUST-1230,2026-03-13,Respiratory Care,BiPAP Machine,4,43031.19,10.8,UPI,Delivered,Vikram Patel,WH-Kolkata (East),East
ORD-13252,CUST-1017,2026-02-06,Infusion & Vascular,Central Venous Catheter Kit,3,13891.22,3.1,Credit Card,Delivered,Vikram Patel,WH-Bhiwandi (West),West
ORD-13253,CUST-1134,2025-10-26,Surgical & Critical Care,Laryngoscope Set,5,35789.4,11.7,Debit Card,Delivered,Sanjay Verma,WH-Bengaluru (South),South
ORD-13254,CUST-1055,2025-08-21,Infusion & Vascular,Dialysis Catheter,1,11740.19,13.3,Net Banking,Returned,Ramesh Rao,WH-Gurugram (North),North
ORD-13255,CUST-1799,2025-09-25,Diagnostic & Monitoring,Stethoscope (Cardiology Grade),3,30034.81,11.6,Net Banking,Delivered,Ramesh Rao,WH-Kolkata (East),East
ORD-13256,CUST-1433,2026-01-12,Orthopedic & Mobility,Walking Frame with Castors,4,19995.1,7.0,Net Banking,Delivered,Sanjay Verma,WH-Bengaluru (South),South
ORD-13257,CUST-1153,2026-01-22,Orthopedic & Mobility,Cervical Traction Unit,4,34486.94,1.7,Net Banking,Returned,Priya Sharma,WH-Gurugram (North),North
ORD-13258,CUST-1325,2025-07-28,Surgical & Critical Care,Surgical Stapler,3,16205.95,7.6,Debit Card,Delivered,Sanjay Verma,WH-Gurugram (North),North
ORD-13259,CUST-1776,2024-11-03,Diagnostic & Monitoring,Continuous Glucose Monitor (CGM),1,5604.18,13.3,Debit Card,Delivered,Ramesh Rao,WH-Kolkata (East),East
ORD-13260,CUST-1896,2024-12-31,Orthopedic & Mobility,Air Mattress for Bedsores,4,40097.15,9.9,Net Banking,Returned,Ramesh Rao,WH-Bhiwandi (West),West
ORD-13261,CUST-1456,2025-12-31,Diabetes Care,Lancet Device,1,32318.04,6.8,Credit Card,Delivered,Sanjay Verma,WH-Bhiwandi (West),West
ORD-13262,CUST-1334,2026-05-18,Surgical & Critical Care,Electric Suction Apparatus,2,26533.01,0.1,Net Banking,Returned,Anjali Nair,WH-Gurugram (North),North
ORD-13263,CUST-1153,2026-07-14,Sterilization & Lab,Tabletop Steam Autoclave,4,18840.88,13.0,Net Banking,Delivered,Priya Sharma,WH-Bengaluru (South),South
ORD-13264,CUST-1538,2026-03-02,Orthopedic & Mobility,Folding Lightweight Wheelchair,1,13851.66,4.0,Credit Card,Delivered,Ramesh Rao,WH-Kolkata (East),East
ORD-13265,CUST-1014,2026-07-11,Surgical & Critical Care,Laryngoscope Set,4,7699.7,3.1,Credit Card,Cancelled,Priya Sharma,WH-Bengaluru (South),South
ORD-13266,CUST-1952,2026-04-29,Infusion & Vascular,Volumetric Infusion Pump,5,18289.76,2.9,Debit Card,Delivered,Sanjay Verma,WH-Gurugram (North),North
ORD-13267,CUST-1382,2026-04-17,Orthopedic & Mobility,Walking Frame with Castors,2,32653.95,6.1,Credit Card,Returned,Sanjay Verma,WH-Gurugram (North),North
ORD-13268,CUST-1685,2026-07-19,Respiratory Care,Suction Machine,4,7986.2,7.0,Credit Card,Delivered,Ramesh Rao,WH-Bengaluru (South),South
ORD-13269,CUST-1320,2026-06-30,Respiratory Care,Compressor Nebulizer,3,21603.3,3.1,Credit Card,Cancelled,Anjali Nair,WH-Bhiwandi (West),West
ORD-13270,CUST-1434,2026-05-24,Orthopedic & Mobility,Motorized Wheelchair,3,28490.8,1.3,Debit Card,Delivered,Priya Sharma,WH-Kolkata (East),East
ORD-13271,CUST-1442,2025-01-06,Orthopedic & Mobility,Motorized Wheelchair,1,31752.13,2.1,Net Banking,Delivered,Vikram Patel,WH-Bhiwandi (West),West
ORD-13272,CUST-1429,2025-10-08,Orthopedic & Mobility,Air Mattress for Bedsores,3,41451.72,12.6,UPI,Processing,Vikram Patel,WH-Gurugram (North),North
ORD-13273,CUST-1433,2026-03-30,Surgical & Critical Care,Surgical Electrocautery Unit,1,42711.09,12.0,COD,Delivered,Priya Sharma,WH-Gurugram (North),North
ORD-13274,CUST-1813,2026-02-27,Home Healthcare,Digital Vein Finder,3,6257.54,12.6,UPI,Returned,Priya Sharma,WH-Kolkata (East),East
ORD-13275,CUST-1509,2026-05-22,Diagnostic & Monitoring,Capnograph Monitor,2,37967.62,6.5,Credit Card,Delivered,Anjali Nair,WH-Gurugram (North),North
ORD-13276,CUST-1975,2025-09-26,Infusion & Vascular,Volumetric Infusion Pump,4,32924.51,3.5,COD,Delivered,Vikram Patel,WH-Gurugram (North),North
ORD-13277,CUST-1206,2025-09-02,Orthopedic & Mobility,Walking Frame with Castors,3,10648.65,10.3,COD,Delivered,Anjali Nair,WH-Gurugram (North),North
ORD-13278,CUST-1141,2025-07-05,Diagnostic & Monitoring,Infrared Non-Contact Thermometer,2,15251.21,12.8,Credit Card,Delivered,Vikram Patel,WH-Gurugram (North),North
ORD-13279,CUST-1839,2026-04-09,Diagnostic & Monitoring,Continuous Glucose Monitor (CGM),1,18269.61,10.3,Debit Card,Delivered,Anjali Nair,WH-Kolkata (East),East
ORD-13280,CUST-1242,2026-04-01,Sterilization & Lab,Tabletop Steam Autoclave,1,2581.6,10.7,Debit Card,Cancelled,Sanjay Verma,WH-Kolkata (East),East
ORD-13281,CUST-1414,2026-04-02,Orthopedic & Mobility,Folding Lightweight Wheelchair,4,30967.88,14.7,Debit Card,Delivered,Vikram Patel,WH-Kolkata (East),East
ORD-13282,CUST-1656,2025-10-04,Infusion & Vascular,Volumetric Infusion Pump,2,38458.11,13.2,COD,Processing,Anjali Nair,WH-Gurugram (North),North
ORD-13283,CUST-1111,2026-05-23,Respiratory Care,High-Flow Nasal Cannula System,5,17037.35,4.5,Credit Card,Delivered,Priya Sharma,WH-Kolkata (East),East
ORD-13284,CUST-1438,2026-06-14,Infusion & Vascular,Dialysis Catheter,2,3406.55,9.8,COD,Delivered,Priya Sharma,WH-Bhiwandi (West),West
ORD-13285,CUST-1669,2026-07-01,Surgical & Critical Care,Surgical Stapler,1,35155.75,14.4,Net Banking,Processing,Priya Sharma,WH-Kolkata (East),East
ORD-13286,CUST-1565,2026-07-16,Infusion & Vascular,Volumetric Infusion Pump,4,29393.45,8.0,Net Banking,Delivered,Priya Sharma,WH-Bhiwandi (West),West
ORD-13287,CUST-1417,2026-07-02,Surgical & Critical Care,Anesthesia Workstation,5,1484.27,14.8,COD,Returned,Vikram Patel,WH-Bhiwandi (West),West
ORD-13288,CUST-1229,2025-12-07,Respiratory Care,Auto CPAP Machine,1,24923.56,0.1,Credit Card,Returned,Priya Sharma,WH-Kolkata (East),East
ORD-13289,CUST-1428,2025-05-24,Surgical & Critical Care,Surgical Stapler,2,4919.36,4.3,UPI,Cancelled,Vikram Patel,WH-Gurugram (North),North
ORD-13290,CUST-1742,2026-07-16,Diagnostic & Monitoring,Infrared Non-Contact Thermometer,4,7358.93,6.3,UPI,Delivered,Anjali Nair,WH-Kolkata (East),East
ORD-13291,CUST-1833,2026-01-23,Surgical & Critical Care,Surgical Stapler,1,20450.89,9.6,Credit Card,Processing,Sanjay Verma,WH-Bengaluru (South),South
ORD-13292,CUST-1405,2026-06-23,Respiratory Care,Incentive Spirometer,1,33302.99,9.9,Credit Card,Delivered,Anjali Nair,WH-Bhiwandi (West),West
ORD-13293,CUST-1229,2026-05-06,Diagnostic & Monitoring,Single-Channel ECG Machine,1,27884.14,8.0,Net Banking,Delivered,Sanjay Verma,WH-Bhiwandi (West),West
ORD-13294,CUST-1594,2026-07-22,Surgical & Critical Care,Electric Suction Apparatus,4,37079.66,3.6,Net Banking,Delivered,Vikram Patel,WH-Gurugram (North),North
ORD-13295,CUST-1510,2025-04-27,Sterilization & Lab,Ultrasound Cleaner,4,28885.12,11.0,Credit Card,Delivered,Vikram Patel,WH-Bhiwandi (West),West
ORD-13296,CUST-1314,2026-07-14,Diagnostic & Monitoring,Digital Blood Pressure Monitor,2,13246.87,10.8,COD,Shipped,Vikram Patel,WH-Bengaluru (South),South
ORD-13297,CUST-1394,2026-02-18,Home Healthcare,Digital Vein Finder,4,32631.1,4.1,Debit Card,Delivered,Sanjay Verma,WH-Kolkata (East),East
ORD-13298,CUST-1042,2025-07-15,Sterilization & Lab,UV Sterilizer Box,1,6505.12,7.0,Credit Card,Shipped,Vikram Patel,WH-Kolkata (East),East
ORD-13299,CUST-1127,2025-03-07,Surgical & Critical Care,Electric Suction Apparatus,1,17474.72,0.7,UPI,Processing,Ramesh Rao,WH-Gurugram (North),North
ORD-13300,CUST-1049,2025-03-25,Surgical & Critical Care,LED Surgical OT Light,1,40089.58,3.2,Net Banking,Returned,Priya Sharma,WH-Kolkata (East),East
ORD-13301,CUST-1856,2025-01-31,Diagnostic & Monitoring,Vascular Doppler,4,10800.94,9.8,Credit Card,Delivered,Vikram Patel,WH-Kolkata (East),East
ORD-13302,CUST-1459,2026-05-09,Diagnostic & Monitoring,Vascular Doppler,3,18096.61,1.7,Debit Card,Delivered,Priya Sharma,WH-Bhiwandi (West),West
ORD-13303,CUST-1316,2026-01-27,Diagnostic & Monitoring,Single-Channel ECG Machine,1,40598.03,6.5,Net Banking,Returned,Vikram Patel,WH-Bhiwandi (West),West
ORD-13304,CUST-1822,2025-08-21,Sterilization & Lab,Ultrasound Cleaner,4,33358.44,13.7,Credit Card,Shipped,Priya Sharma,WH-Kolkata (East),East
ORD-13305,CUST-1952,2025-08-11,Diagnostic & Monitoring,Continuous Glucose Monitor (CGM),2,43545.28,4.8,Net Banking,Delivered,Vikram Patel,WH-Kolkata (East),East
ORD-13306,CUST-1046,2025-11-18,Diagnostic & Monitoring,Infrared Non-Contact Thermometer,2,20422.69,7.3,Debit Card,Shipped,Sanjay Verma,WH-Gurugram (North),North
ORD-13307,CUST-1604,2025-08-08,Surgical & Critical Care,Laryngoscope Set,5,8781.14,2.3,Credit Card,Shipped,Vikram Patel,WH-Kolkata (East),East
ORD-13308,CUST-1227,2025-01-18,Respiratory Care,Portable Oxygen Concentrator (5L),3,30476.14,11.2,Net Banking,Delivered,Sanjay Verma,WH-Kolkata (East),East
ORD-13309,CUST-1689,2025-11-26,Diagnostic & Monitoring,Vascular Doppler,3,29026.32,6.1,Debit Card,Cancelled,Sanjay Verma,WH-Bhiwandi (West),West
ORD-13310,CUST-1597,2026-07-04,Respiratory Care,High-Flow Nasal Cannula System,1,23772.07,7.4,Net Banking,Delivered,Vikram Patel,WH-Gurugram (North),North
ORD-13311,CUST-1593,2026-05-15,Infusion & Vascular,Volumetric Infusion Pump,1,41326.03,7.1,COD,Shipped,Priya Sharma,WH-Bengaluru (South),South
ORD-13312,CUST-1159,2026-06-30,Diabetes Care,Insulin Pump,3,30571.29,10.3,UPI,Cancelled,Sanjay Verma,WH-Gurugram (North),North
ORD-13313,CUST-1365,2025-09-04,Diagnostic & Monitoring,Digital Spirometer,3,19625.83,8.1,Net Banking,Delivered,Anjali Nair,WH-Bhiwandi (West),West
ORD-13314,CUST-1804,2026-05-23,Diagnostic & Monitoring,Digital Otoscope,4,12387.41,4.1,Debit Card,Delivered,Vikram Patel,WH-Bhiwandi (West),West
ORD-13315,CUST-1748,2026-05-11,Respiratory Care,Incentive Spirometer,3,43244.26,4.0,UPI,Shipped,Sanjay Verma,WH-Bengaluru (South),South
ORD-13316,CUST-1615,2026-05-26,Diagnostic & Monitoring,Pulse Oximeter,3,22553.85,11.2,UPI,Cancelled,Priya Sharma,WH-Bengaluru (South),South
ORD-13317,CUST-1365,2025-04-03,Infusion & Vascular,Volumetric Infusion Pump,5,30982.99,4.1,Credit Card,Cancelled,Anjali Nair,WH-Gurugram (North),North
ORD-13318,CUST-1621,2025-10-09,Respiratory Care,Incentive Spirometer,5,35779.6,7.7,Credit Card,Delivered,Priya Sharma,WH-Kolkata (East),East
ORD-13319,CUST-1597,2026-01-30,Surgical & Critical Care,Surgical Electrocautery Unit,3,40970.12,5.1,COD,Delivered,Ramesh Rao,WH-Gurugram (North),North
ORD-13320,CUST-1023,2025-06-04,Orthopedic & Mobility,Walking Frame with Castors,4,40908.82,6.0,Credit Card,Cancelled,Anjali Nair,WH-Kolkata (East),East
ORD-13321,CUST-1427,2025-10-12,Respiratory Care,BiPAP Machine,1,9206.75,11.6,COD,Cancelled,Priya Sharma,WH-Gurugram (North),North
ORD-13322,CUST-1634,2026-04-05,Surgical & Critical Care,LED Surgical OT Light,3,35241.78,12.9,COD,Returned,Sanjay Verma,WH-Bhiwandi (West),West
ORD-13323,CUST-1321,2025-07-05,Respiratory Care,Mesh Nebulizer,1,9640.14,5.3,COD,Delivered,Sanjay Verma,WH-Bengaluru (South),South
ORD-13324,CUST-1676,2026-01-16,Diagnostic & Monitoring,Digital Blood Pressure Monitor,3,6372.59,14.0,Credit Card,Shipped,Vikram Patel,WH-Kolkata (East),East
ORD-13325,CUST-1679,2025-11-15,Surgical & Critical Care,Anesthesia Workstation,5,2513.46,12.1,Credit Card,Shipped,Vikram Patel,WH-Bhiwandi (West),West
ORD-13326,CUST-1276,2026-05-10,Infusion & Vascular,Central Venous Catheter Kit,5,17735.76,0.1,Net Banking,Returned,Anjali Nair,WH-Bengaluru (South),South
ORD-13327,CUST-1402,2025-12-19,Diagnostic & Monitoring,Infrared Non-Contact Thermometer,2,9593.45,11.3,Debit Card,Delivered,Vikram Patel,WH-Kolkata (East),East
ORD-13328,CUST-1788,2026-02-09,Surgical & Critical Care,LED Surgical OT Light,5,2326.29,10.9,COD,Delivered,Priya Sharma,WH-Kolkata (East),East
ORD-13329,CUST-1188,2025-09-02,Respiratory Care,High-Flow Nasal Cannula System,1,18235.66,3.3,UPI,Delivered,Sanjay Verma,WH-Bhiwandi (West),West
ORD-13330,CUST-1336,2026-06-18,Respiratory Care,BiPAP Machine,1,37518.38,7.0,COD,Delivered,Anjali Nair,WH-Bhiwandi (West),West
ORD-13331,CUST-1463,2026-03-08,Diagnostic & Monitoring,Digital Blood Pressure Monitor,2,5273.4,12.1,Net Banking,Delivered,Vikram Patel,WH-Bhiwandi (West),West
ORD-13332,CUST-1798,2025-04-21,Surgical & Critical Care,Surgical Stapler,2,6873.68,6.4,Debit Card,Cancelled,Vikram Patel,WH-Bhiwandi (West),West
ORD-13333,CUST-1983,2026-02-25,Surgical & Critical Care,Pulse Generator Pacemaker,5,15793.66,13.1,Net Banking,Shipped,Sanjay Verma,WH-Bengaluru (South),South
ORD-13334,CUST-1624,2025-09-20,Orthopedic & Mobility,TENS Physiotherapy Unit,4,18835.06,2.6,Debit Card,Processing,Priya Sharma,WH-Bengaluru (South),South
ORD-13335,CUST-1337,2026-03-18,Orthopedic & Mobility,Cervical Traction Unit,4,41692.97,12.0,UPI,Shipped,Sanjay Verma,WH-Bhiwandi (West),West
ORD-13336,CUST-1253,2026-04-12,Respiratory Care,Suction Machine,4,8422.26,8.2,Debit Card,Cancelled,Ramesh Rao,WH-Bengaluru (South),South
ORD-13337,CUST-1222,2024-11-22,Surgical & Critical Care,LED Surgical OT Light,5,7299.22,5.1,COD,Delivered,Priya Sharma,WH-Kolkata (East),East
ORD-13338,CUST-1690,2026-03-23,Sterilization & Lab,Ultrasound Cleaner,4,28123.52,12.6,Debit Card,Shipped,Priya Sharma,WH-Gurugram (North),North
ORD-13339,CUST-1852,2025-10-01,Orthopedic & Mobility,Motorized Wheelchair,5,11071.13,8.2,Debit Card,Processing,Anjali Nair,WH-Bhiwandi (West),West
ORD-13340,CUST-1902,2025-09-11,Orthopedic & Mobility,Air Mattress for Bedsores,4,8617.12,4.7,Credit Card,Delivered,Anjali Nair,WH-Kolkata (East),East
ORD-13341,CUST-1784,2026-02-09,Surgical & Critical Care,Anesthesia Workstation,3,7917.86,9.1,Debit Card,Returned,Anjali Nair,WH-Gurugram (North),North
ORD-13342,CUST-1632,2026-07-17,Surgical & Critical Care,Laryngoscope Set,1,41221.75,13.2,Debit Card,Cancelled,Vikram Patel,WH-Kolkata (East),East
ORD-13343,CUST-1476,2026-06-22,Orthopedic & Mobility,Motorized Wheelchair,5,42954.52,2.1,Credit Card,Delivered,Vikram Patel,WH-Bhiwandi (West),West
ORD-13344,CUST-1472,2026-03-02,Sterilization & Lab,Ultrasound Cleaner,3,21023.69,10.3,Credit Card,Delivered,Vikram Patel,WH-Bengaluru (South),South
ORD-13345,CUST-1608,2024-11-30,Sterilization & Lab,UV Sterilizer Box,2,8628.03,10.9,Debit Card,Returned,Anjali Nair,WH-Gurugram (North),North
ORD-13346,CUST-1733,2026-07-15,Home Healthcare,Electric Heating Pad,1,37824.87,1.5,UPI,Shipped,Priya Sharma,WH-Bhiwandi (West),West
ORD-13347,CUST-1307,2026-06-24,Diagnostic & Monitoring,Pulse Oximeter,2,32380.56,2.4,Credit Card,Delivered,Ramesh Rao,WH-Bhiwandi (West),West
ORD-13348,CUST-1462,2026-05-25,Respiratory Care,High-Flow Nasal Cannula System,4,24004.17,10.4,UPI,Delivered,Anjali Nair,WH-Bengaluru (South),South
ORD-13349,CUST-1446,2026-05-05,Sterilization & Lab,Ultrasound Cleaner,4,12867.85,2.4,UPI,Returned,Priya Sharma,WH-Gurugram (North),North
ORD-13350,CUST-1981,2026-02-21,Home Healthcare,Peak Flow Meter,2,37324.13,5.3,Debit Card,Delivered,Anjali Nair,WH-Bhiwandi (West),West
ORD-13351,CUST-1979,2025-06-24,Orthopedic & Mobility,Folding Lightweight Wheelchair,3,31332.91,6.3,Debit Card,Processing,Sanjay Verma,WH-Kolkata (East),East
ORD-13352,CUST-1431,2026-07-12,Respiratory Care,Auto CPAP Machine,4,6830.71,3.6,UPI,Delivered,Vikram Patel,WH-Bengaluru (South),South
ORD-13353,CUST-1587,2026-03-26,Surgical & Critical Care,Pulse Generator Pacemaker,1,9751.41,2.5,Debit Card,Delivered,Ramesh Rao,WH-Bengaluru (South),South
ORD-13354,CUST-1004,2026-03-29,Respiratory Care,Portable Oxygen Concentrator (5L),4,5718.58,3.6,Net Banking,Cancelled,Anjali Nair,WH-Gurugram (North),North
ORD-13355,CUST-1382,2026-07-07,Surgical & Critical Care,Anesthesia Workstation,1,26295.41,8.7,COD,Delivered,Anjali Nair,WH-Bhiwandi (West),West
ORD-13356,CUST-1018,2026-07-17,Orthopedic & Mobility,Walking Frame with Castors,3,40512.27,4.5,Debit Card,Delivered,Sanjay Verma,WH-Bhiwandi (West),West
ORD-13357,CUST-1938,2026-06-13,Orthopedic & Mobility,Walking Frame with Castors,5,2999.57,8.4,UPI,Processing,Anjali Nair,WH-Gurugram (North),North
ORD-13358,CUST-1307,2026-01-10,Surgical & Critical Care,Electric Suction Apparatus,2,2550.55,12.0,COD,Processing,Ramesh Rao,WH-Bengaluru (South),South
ORD-13359,CUST-1284,2024-12-29,Diagnostic & Monitoring,Infrared Non-Contact Thermometer,5,28773.91,4.9,COD,Returned,Sanjay Verma,WH-Bengaluru (South),South
ORD-13360,CUST-1816,2026-02-17,Respiratory Care,Mesh Nebulizer,2,44177.16,2.8,Net Banking,Returned,Priya Sharma,WH-Kolkata (East),East
ORD-13361,CUST-1114,2025-08-19,Diagnostic & Monitoring,Digital Otoscope,2,31829.77,13.3,Credit Card,Processing,Sanjay Verma,WH-Bengaluru (South),South
ORD-13362,CUST-1717,2026-04-03,Respiratory Care,BiPAP Machine,3,38303.3,3.0,Net Banking,Delivered,Anjali Nair,WH-Kolkata (East),East
ORD-13363,CUST-1264,2026-01-02,Diagnostic & Monitoring,Infrared Non-Contact Thermometer,2,32266.07,10.7,COD,Processing,Sanjay Verma,WH-Bengaluru (South),South
ORD-13364,CUST-1025,2026-04-13,Infusion & Vascular,Volumetric Infusion Pump,5,31898.64,6.1,UPI,Processing,Priya Sharma,WH-Kolkata (East),East
ORD-13365,CUST-1001,2025-06-19,Orthopedic & Mobility,Folding Lightweight Wheelchair,2,9664.0,10.4,Net Banking,Returned,Vikram Patel,WH-Bhiwandi (West),West
ORD-13366,CUST-1035,2025-11-14,Diagnostic & Monitoring,Multi-Para Patient Monitor,2,44307.11,0.1,Credit Card,Cancelled,Priya Sharma,WH-Gurugram (North),North
ORD-13367,CUST-1249,2026-02-26,Respiratory Care,Suction Machine,3,37491.09,4.7,Net Banking,Cancelled,Sanjay Verma,WH-Bhiwandi (West),West
ORD-13368,CUST-1473,2026-05-01,Diagnostic & Monitoring,Digital Spirometer,3,4521.25,12.6,COD,Delivered,Ramesh Rao,WH-Kolkata (East),East
ORD-13369,CUST-1215,2026-07-03,Diagnostic & Monitoring,Continuous Glucose Monitor (CGM),2,30868.66,13.1,UPI,Shipped,Vikram Patel,WH-Bhiwandi (West),West
ORD-13370,CUST-1220,2026-07-16,Diagnostic & Monitoring,Digital Blood Pressure Monitor,4,11803.01,11.6,COD,Processing,Priya Sharma,WH-Gurugram (North),North
ORD-13371,CUST-1591,2026-06-01,Home Healthcare,Peak Flow Meter,4,21039.48,4.2,UPI,Processing,Anjali Nair,WH-Bhiwandi (West),West
ORD-13372,CUST-1220,2026-01-22,Surgical & Critical Care,Pulse Generator Pacemaker,3,42002.74,14.0,COD,Delivered,Priya Sharma,WH-Kolkata (East),East
ORD-13373,CUST-1971,2025-11-26,Respiratory Care,Mesh Nebulizer,1,3183.91,10.1,Credit Card,Delivered,Anjali Nair,WH-Bhiwandi (West),West
ORD-13374,CUST-1796,2026-03-10,Orthopedic & Mobility,Folding Lightweight Wheelchair,2,20241.72,12.9,Credit Card,Shipped,Ramesh Rao,WH-Gurugram (North),North
ORD-13375,CUST-1335,2026-06-30,Diabetes Care,Blood Glucose Meter Kit,5,36984.77,4.7,Credit Card,Delivered,Anjali Nair,WH-Gurugram (North),North
ORD-13376,CUST-1643,2024-11-28,Surgical & Critical Care,Laryngoscope Set,5,41749.55,5.4,Credit Card,Shipped,Priya Sharma,WH-Kolkata (East),East
ORD-13377,CUST-1219,2024-08-15,Orthopedic & Mobility,Cervical Traction Unit,5,1544.25,10.0,COD,Delivered,Anjali Nair,WH-Bengaluru (South),South
ORD-13378,CUST-1411,2026-07-17,Diabetes Care,Insulin Pen Injector,5,29248.45,0.1,COD,Returned,Sanjay Verma,WH-Gurugram (North),North
ORD-13379,CUST-1235,2024-11-15,Diagnostic & Monitoring,Single-Channel ECG Machine,4,22969.04,10.8,Debit Card,Cancelled,Sanjay Verma,WH-Bengaluru (South),South
ORD-13380,CUST-1826,2025-02-05,Orthopedic & Mobility,TENS Physiotherapy Unit,2,12715.36,6.2,Debit Card,Delivered,Vikram Patel,WH-Bhiwandi (West),West
ORD-13381,CUST-1372,2025-01-14,Orthopedic & Mobility,TENS Physiotherapy Unit,1,31601.32,1.5,UPI,Shipped,Priya Sharma,WH-Bengaluru (South),South
ORD-13382,CUST-1964,2026-01-31,Diagnostic & Monitoring,Digital Spirometer,5,41234.05,6.6,COD,Delivered,Sanjay Verma,WH-Bhiwandi (West),West
ORD-13383,CUST-1815,2025-09-14,Infusion & Vascular,Volumetric Infusion Pump,2,41350.7,11.0,Credit Card,Cancelled,Sanjay Verma,WH-Gurugram (North),North
ORD-13384,CUST-1430,2026-06-10,Respiratory Care,Portable Oxygen Concentrator (5L),4,37252.22,12.9,Credit Card,Cancelled,Vikram Patel,WH-Bengaluru (South),South
ORD-13385,CUST-1917,2025-06-16,Orthopedic & Mobility,Air Mattress for Bedsores,4,29140.33,5.9,COD,Delivered,Ramesh Rao,WH-Bengaluru (South),South
ORD-13386,CUST-1059,2025-02-11,Surgical & Critical Care,Electric Suction Apparatus,1,23806.25,9.0,UPI,Delivered,Vikram Patel,WH-Bengaluru (South),South
ORD-13387,CUST-1145,2025-11-07,Infusion & Vascular,Syringe Driver Pump,1,25836.24,12.6,UPI,Delivered,Priya Sharma,WH-Bengaluru (South),South
ORD-13388,CUST-1736,2025-12-06,Diagnostic & Monitoring,Digital Blood Pressure Monitor,5,38059.48,11.6,Net Banking,Shipped,Priya Sharma,WH-Bengaluru (South),South
ORD-13389,CUST-1123,2026-03-14,Respiratory Care,Compressor Nebulizer,3,17760.78,7.5,Debit Card,Shipped,Priya Sharma,WH-Bhiwandi (West),West
ORD-13390,CUST-1331,2026-02-27,Diagnostic & Monitoring,Digital Blood Pressure Monitor,2,33558.52,4.9,COD,Shipped,Priya Sharma,WH-Bengaluru (South),South
ORD-13391,CUST-1413,2026-06-22,Respiratory Care,Mesh Nebulizer,1,26539.98,4.5,Net Banking,Returned,Anjali Nair,WH-Gurugram (North),North
ORD-13392,CUST-1169,2024-12-21,Surgical & Critical Care,Pulse Generator Pacemaker,2,17673.52,6.1,Credit Card,Shipped,Sanjay Verma,WH-Bengaluru (South),South
ORD-13393,CUST-1545,2025-08-05,Orthopedic & Mobility,Cervical Traction Unit,4,41144.96,10.5,Net Banking,Returned,Anjali Nair,WH-Bengaluru (South),South
ORD-13394,CUST-1062,2026-01-27,Infusion & Vascular,Central Venous Catheter Kit,4,10253.24,7.7,UPI,Processing,Anjali Nair,WH-Bhiwandi (West),West
ORD-13395,CUST-1996,2025-08-03,Surgical & Critical Care,Anesthesia Workstation,3,19398.71,4.0,COD,Shipped,Anjali Nair,WH-Gurugram (North),North
ORD-13396,CUST-1097,2026-06-16,Diabetes Care,Lancet Device,5,26494.99,5.0,Credit Card,Delivered,Vikram Patel,WH-Gurugram (North),North
ORD-13397,CUST-1244,2025-11-11,Home Healthcare,Digital Vein Finder,1,25257.61,14.7,Credit Card,Delivered,Ramesh Rao,WH-Bhiwandi (West),West
ORD-13398,CUST-1447,2026-04-05,Infusion & Vascular,Syringe Driver Pump,2,40946.31,11.9,Debit Card,Returned,Priya Sharma,WH-Bhiwandi (West),West
ORD-13399,CUST-1480,2026-07-13,Diagnostic & Monitoring,Capnograph Monitor,4,32009.67,2.6,UPI,Delivered,Ramesh Rao,WH-Kolkata (East),East
ORD-13400,CUST-1151,2026-06-01,Diagnostic & Monitoring,Stethoscope (Cardiology Grade),1,41606.86,8.6,Credit Card,Cancelled,Ramesh Rao,WH-Gurugram (North),North
ORD-13401,CUST-1608,2025-03-19,Diagnostic & Monitoring,Multi-Para Patient Monitor,2,11004.14,12.0,Debit Card,Delivered,Vikram Patel,WH-Gurugram (North),North
ORD-13402,CUST-1042,2025-12-06,Orthopedic & Mobility,Cervical Traction Unit,3,14955.28,12.1,UPI,Processing,Vikram Patel,WH-Bengaluru (South),South
ORD-13403,CUST-1662,2026-01-13,Diagnostic & Monitoring,Digital Otoscope,3,29284.23,8.6,Credit Card,Delivered,Ramesh Rao,WH-Bhiwandi (West),West
ORD-13404,CUST-1197,2026-04-30,Infusion & Vascular,Dialysis Catheter,2,17620.69,4.0,Net Banking,Shipped,Anjali Nair,WH-Bengaluru (South),South
ORD-13405,CUST-1194,2025-09-08,Respiratory Care,BiPAP Machine,1,33880.82,6.6,UPI,Processing,Ramesh Rao,WH-Kolkata (East),East
ORD-13406,CUST-1627,2026-06-28,Orthopedic & Mobility,Folding Lightweight Wheelchair,5,9201.38,1.9,Credit Card,Shipped,Priya Sharma,WH-Bhiwandi (West),West
ORD-13407,CUST-1089,2026-03-02,Diagnostic & Monitoring,Digital Spirometer,1,2969.33,14.0,Net Banking,Shipped,Vikram Patel,WH-Bengaluru (South),South
ORD-13408,CUST-1501,2026-06-16,Respiratory Care,BiPAP Machine,4,38245.02,8.7,COD,Cancelled,Vikram Patel,WH-Bengaluru (South),South
ORD-13409,CUST-1207,2026-03-27,Infusion & Vascular,Syringe Driver Pump,3,3540.74,7.6,Net Banking,Returned,Anjali Nair,WH-Gurugram (North),North
ORD-13410,CUST-1898,2025-07-20,Diagnostic & Monitoring,Continuous Glucose Monitor (CGM),5,32006.01,8.4,COD,Delivered,Anjali Nair,WH-Gurugram (North),North
ORD-13411,CUST-1807,2026-03-26,Diagnostic & Monitoring,Digital Spirometer,2,44637.64,4.4,UPI,Delivered,Priya Sharma,WH-Bengaluru (South),South
ORD-13412,CUST-1684,2026-04-07,Respiratory Care,Compressor Nebulizer,2,734.89,3.3,Credit Card,Cancelled,Ramesh Rao,WH-Kolkata (East),East
ORD-13413,CUST-1646,2026-01-08,Respiratory Care,Suction Machine,5,17989.08,13.2,COD,Returned,Anjali Nair,WH-Bhiwandi (West),West
ORD-13414,CUST-1234,2025-10-18,Diagnostic & Monitoring,Continuous Glucose Monitor (CGM),3,18731.47,14.4,COD,Delivered,Anjali Nair,WH-Bhiwandi (West),West
ORD-13415,CUST-1898,2025-04-01,Orthopedic & Mobility,Walking Frame with Castors,4,42690.28,5.7,Debit Card,Cancelled,Ramesh Rao,WH-Gurugram (North),North
ORD-13416,CUST-1693,2025-09-14,Diagnostic & Monitoring,Digital Blood Pressure Monitor,3,38563.85,14.5,Debit Card,Delivered,Sanjay Verma,WH-Kolkata (East),East
ORD-13417,CUST-1237,2026-06-13,Diagnostic & Monitoring,Digital Spirometer,3,44836.98,3.7,Debit Card,Delivered,Priya Sharma,WH-Bhiwandi (West),West
ORD-13418,CUST-1083,2026-07-15,Infusion & Vascular,Volumetric Infusion Pump,4,14747.19,3.9,Credit Card,Processing,Sanjay Verma,WH-Bhiwandi (West),West
ORD-13419,CUST-1906,2025-09-17,Diagnostic & Monitoring,Infrared Non-Contact Thermometer,3,43719.78,11.3,UPI,Shipped,Priya Sharma,WH-Gurugram (North),North
ORD-13420,CUST-1914,2025-04-12,Infusion & Vascular,IV Cannula (18G-24G),5,43456.16,1.4,COD,Delivered,Sanjay Verma,WH-Gurugram (North),North
ORD-13421,CUST-1605,2024-10-09,Orthopedic & Mobility,Cervical Traction Unit,4,7518.19,2.9,Net Banking,Delivered,Vikram Patel,WH-Gurugram (North),North
ORD-13422,CUST-1021,2026-05-22,Orthopedic & Mobility,Folding Lightweight Wheelchair,1,42409.66,5.8,COD,Delivered,Vikram Patel,WH-Kolkata (East),East
ORD-13423,CUST-1659,2025-06-09,Home Healthcare,Peak Flow Meter,1,1569.87,12.6,Net Banking,Delivered,Sanjay Verma,WH-Kolkata (East),East
ORD-13424,CUST-1878,2026-05-17,Surgical & Critical Care,Electric Suction Apparatus,1,7166.09,13.1,COD,Delivered,Anjali Nair,WH-Kolkata (East),East
ORD-13425,CUST-1849,2026-04-05,Respiratory Care,High-Flow Nasal Cannula System,1,38466.7,2.8,Debit Card,Delivered,Ramesh Rao,WH-Bhiwandi (West),West
ORD-13426,CUST-1940,2026-07-05,Diagnostic & Monitoring,Multi-Para Patient Monitor,2,30341.66,5.6,Debit Card,Cancelled,Anjali Nair,WH-Gurugram (North),North
ORD-13427,CUST-1605,2026-07-08,Diagnostic & Monitoring,Digital Blood Pressure Monitor,3,7121.66,7.9,Net Banking,Returned,Priya Sharma,WH-Gurugram (North),North
ORD-13428,CUST-1715,2025-10-06,Diagnostic & Monitoring,Pulse Oximeter,3,29198.26,8.6,Net Banking,Returned,Anjali Nair,WH-Kolkata (East),East
ORD-13429,CUST-1831,2026-02-18,Diagnostic & Monitoring,Multi-Para Patient Monitor,2,39719.28,6.1,Net Banking,Delivered,Vikram Patel,WH-Kolkata (East),East
ORD-13430,CUST-1368,2025-05-11,Sterilization & Lab,Ultrasound Cleaner,3,35310.59,10.1,Credit Card,Processing,Vikram Patel,WH-Gurugram (North),North
ORD-13431,CUST-1726,2024-12-28,Diagnostic & Monitoring,Single-Channel ECG Machine,3,23966.0,4.3,Net Banking,Delivered,Vikram Patel,WH-Bengaluru (South),South
ORD-13432,CUST-1561,2025-09-13,Diagnostic & Monitoring,Vascular Doppler,2,36621.35,1.4,COD,Delivered,Anjali Nair,WH-Bhiwandi (West),West
ORD-13433,CUST-1284,2024-10-25,Respiratory Care,Mesh Nebulizer,3,33147.79,0.3,Credit Card,Returned,Vikram Patel,WH-Bhiwandi (West),West
ORD-13434,CUST-1374,2025-09-28,Surgical & Critical Care,Laryngoscope Set,5,37680.62,2.0,UPI,Delivered,Priya Sharma,WH-Gurugram (North),North
ORD-13435,CUST-1598,2026-01-11,Respiratory Care,Auto CPAP Machine,4,7183.0,11.2,Net Banking,Cancelled,Anjali Nair,WH-Bengaluru (South),South
ORD-13436,CUST-1691,2026-06-27,Diagnostic & Monitoring,Vascular Doppler,1,26594.27,2.8,Credit Card,Shipped,Vikram Patel,WH-Bengaluru (South),South
ORD-13437,CUST-1577,2025-09-06,Diabetes Care,Lancet Device,1,40493.16,11.4,Credit Card,Shipped,Anjali Nair,WH-Bhiwandi (West),West
ORD-13438,CUST-1012,2025-09-20,Diagnostic & Monitoring,Multi-Para Patient Monitor,2,33960.04,1.9,Credit Card,Delivered,Ramesh Rao,WH-Bhiwandi (West),West
ORD-13439,CUST-1441,2025-09-17,Surgical & Critical Care,Electric Suction Apparatus,3,8762.52,8.6,Debit Card,Shipped,Vikram Patel,WH-Bhiwandi (West),West
ORD-13440,CUST-1124,2026-07-14,Diabetes Care,Insulin Pump,3,8650.64,4.9,UPI,Processing,Sanjay Verma,WH-Bengaluru (South),South
ORD-13441,CUST-1969,2026-06-21,Diagnostic & Monitoring,Continuous Glucose Monitor (CGM),2,43510.62,4.3,COD,Cancelled,Priya Sharma,WH-Kolkata (East),East
ORD-13442,CUST-1762,2026-07-19,Diagnostic & Monitoring,Digital Otoscope,1,29158.76,11.7,Debit Card,Processing,Ramesh Rao,WH-Gurugram (North),North
ORD-13443,CUST-1363,2025-03-02,Orthopedic & Mobility,TENS Physiotherapy Unit,5,43651.16,3.9,COD,Shipped,Sanjay Verma,WH-Kolkata (East),East
ORD-13444,CUST-1089,2026-02-06,Sterilization & Lab,Ultrasound Cleaner,5,40883.84,9.1,Credit Card,Delivered,Vikram Patel,WH-Bengaluru (South),South
ORD-13445,CUST-1678,2026-07-11,Surgical & Critical Care,Electric Suction Apparatus,5,14915.43,13.1,Debit Card,Delivered,Vikram Patel,WH-Bhiwandi (West),West
ORD-13446,CUST-1603,2026-06-22,Respiratory Care,BiPAP Machine,4,13243.68,12.5,Net Banking,Delivered,Priya Sharma,WH-Bhiwandi (West),West
ORD-13447,CUST-1850,2026-04-21,Respiratory Care,Suction Machine,5,25623.36,11.8,Net Banking,Cancelled,Ramesh Rao,WH-Kolkata (East),East
ORD-13448,CUST-1307,2026-01-18,Respiratory Care,Mesh Nebulizer,5,19833.18,4.9,UPI,Processing,Sanjay Verma,WH-Gurugram (North),North
ORD-13449,CUST-1149,2026-04-16,Surgical & Critical Care,Laryngoscope Set,2,26601.2,4.6,Debit Card,Shipped,Priya Sharma,WH-Bengaluru (South),South
ORD-13450,CUST-1742,2025-12-28,Diabetes Care,Blood Glucose Meter Kit,2,3445.26,14.4,Credit Card,Shipped,Anjali Nair,WH-Gurugram (North),North
ORD-13451,CUST-1256,2026-02-07,Diagnostic & Monitoring,Continuous Glucose Monitor (CGM),1,39633.0,14.4,COD,Delivered,Ramesh Rao,WH-Kolkata (East),East
ORD-13452,CUST-1407,2026-04-28,Orthopedic & Mobility,Walking Frame with Castors,2,9864.68,1.6,Credit Card,Shipped,Priya Sharma,WH-Bhiwandi (West),West
ORD-13453,CUST-1038,2026-06-18,Diagnostic & Monitoring,Pulse Oximeter,1,8844.67,7.2,UPI,Delivered,Sanjay Verma,WH-Gurugram (North),North
ORD-13454,CUST-1502,2026-01-06,Diagnostic & Monitoring,Single-Channel ECG Machine,1,15696.34,14.5,Debit Card,Returned,Priya Sharma,WH-Gurugram (North),North
ORD-13455,CUST-1674,2026-07-15,Diagnostic & Monitoring,Vascular Doppler,5,32541.78,10.6,COD,Shipped,Vikram Patel,WH-Kolkata (East),East
ORD-13456,CUST-1790,2025-05-21,Surgical & Critical Care,Laryngoscope Set,5,6747.85,5.0,Credit Card,Delivered,Priya Sharma,WH-Kolkata (East),East
ORD-13457,CUST-1451,2026-07-11,Infusion & Vascular,IV Cannula (18G-24G),1,33464.68,10.3,Credit Card,Delivered,Priya Sharma,WH-Kolkata (East),East
ORD-13458,CUST-1873,2025-07-24,Respiratory Care,Auto CPAP Machine,5,22708.48,1.2,UPI,Shipped,Sanjay Verma,WH-Gurugram (North),North
ORD-13459,CUST-1242,2026-02-16,Diabetes Care,Blood Glucose Meter Kit,1,40170.45,12.8,Credit Card,Delivered,Anjali Nair,WH-Bhiwandi (West),West
ORD-13460,CUST-1083,2026-07-18,Sterilization & Lab,Tabletop Steam Autoclave,4,5484.88,8.3,UPI,Processing,Ramesh Rao,WH-Bengaluru (South),South
ORD-13461,CUST-1939,2026-05-15,Respiratory Care,Suction Machine,4,2562.99,8.9,Net Banking,Shipped,Anjali Nair,WH-Kolkata (East),East
ORD-13462,CUST-1917,2026-03-28,Diabetes Care,Insulin Pen Injector,2,33612.12,9.3,Debit Card,Delivered,Ramesh Rao,WH-Bengaluru (South),South
ORD-13463,CUST-1715,2024-11-06,Diagnostic & Monitoring,Digital Otoscope,2,19451.07,5.0,Credit Card,Delivered,Vikram Patel,WH-Bhiwandi (West),West
ORD-13464,CUST-1816,2026-07-21,Diagnostic & Monitoring,Digital Blood Pressure Monitor,5,17711.08,13.2,Net Banking,Processing,Priya Sharma,WH-Gurugram (North),North
ORD-13465,CUST-1465,2025-10-19,Diagnostic & Monitoring,Multi-Para Patient Monitor,5,8594.04,12.4,Net Banking,Delivered,Ramesh Rao,WH-Bhiwandi (West),West
ORD-13466,CUST-1061,2026-07-19,Respiratory Care,Auto CPAP Machine,3,15355.12,3.3,Debit Card,Delivered,Anjali Nair,WH-Bhiwandi (West),West
ORD-13467,CUST-1362,2026-02-25,Infusion & Vascular,Volumetric Infusion Pump,1,2604.7,0.9,Net Banking,Shipped,Anjali Nair,WH-Bengaluru (South),South
ORD-13468,CUST-1413,2026-05-05,Diabetes Care,Insulin Pump,4,649.89,2.5,UPI,Processing,Ramesh Rao,WH-Gurugram (North),North
ORD-13469,CUST-1383,2025-12-24,Diagnostic & Monitoring,Single-Channel ECG Machine,4,7730.98,1.8,Credit Card,Delivered,Priya Sharma,WH-Gurugram (North),North
ORD-13470,CUST-1212,2025-11-27,Diagnostic & Monitoring,Fetal Doppler Heart Rate Monitor,1,13274.93,6.0,Net Banking,Delivered,Vikram Patel,WH-Kolkata (East),East
ORD-13471,CUST-1846,2026-05-04,Sterilization & Lab,Digital Centrifuge Machine,3,15740.57,3.5,Net Banking,Cancelled,Anjali Nair,WH-Kolkata (East),East
ORD-13472,CUST-1695,2025-10-24,Diagnostic & Monitoring,Fetal Doppler Heart Rate Monitor,2,42675.4,11.5,Net Banking,Cancelled,Anjali Nair,WH-Bengaluru (South),South
ORD-13473,CUST-1891,2026-04-20,Diabetes Care,Blood Glucose Meter Kit,5,20981.66,4.2,COD,Processing,Vikram Patel,WH-Bhiwandi (West),West
ORD-13474,CUST-1063,2026-04-15,Diabetes Care,Insulin Pen Injector,3,32618.18,13.4,COD,Cancelled,Anjali Nair,WH-Kolkata (East),East
ORD-13475,CUST-1955,2026-06-12,Diagnostic & Monitoring,Infrared Non-Contact Thermometer,3,42272.62,2.8,UPI,Cancelled,Priya Sharma,WH-Kolkata (East),East
ORD-13476,CUST-1447,2026-03-31,Orthopedic & Mobility,Air Mattress for Bedsores,2,19911.35,1.0,UPI,Cancelled,Sanjay Verma,WH-Bengaluru (South),South
ORD-13477,CUST-1645,2026-03-01,Orthopedic & Mobility,Air Mattress for Bedsores,1,26303.43,1.3,Debit Card,Delivered,Anjali Nair,WH-Bengaluru (South),South
ORD-13478,CUST-1821,2026-07-01,Home Healthcare,Digital Vein Finder,3,39902.08,2.3,Debit Card,Cancelled,Ramesh Rao,WH-Gurugram (North),North
ORD-13479,CUST-1386,2026-03-28,Home Healthcare,Peak Flow Meter,3,37174.94,13.1,Debit Card,Delivered,Anjali Nair,WH-Kolkata (East),East
ORD-13480,CUST-1884,2026-06-07,Respiratory Care,BiPAP Machine,2,38653.24,2.8,Debit Card,Shipped,Ramesh Rao,WH-Kolkata (East),East
ORD-13481,CUST-1013,2026-04-12,Diagnostic & Monitoring,Vascular Doppler,4,5375.53,2.2,Credit Card,Delivered,Sanjay Verma,WH-Kolkata (East),East
ORD-13482,CUST-1358,2026-05-18,Diagnostic & Monitoring,Infrared Non-Contact Thermometer,3,38439.34,14.1,UPI,Processing,Vikram Patel,WH-Bengaluru (South),South
ORD-13483,CUST-1844,2025-12-07,Surgical & Critical Care,Surgical Electrocautery Unit,3,28932.27,6.9,Net Banking,Returned,Ramesh Rao,WH-Bhiwandi (West),West
ORD-13484,CUST-1097,2026-05-21,Respiratory Care,Incentive Spirometer,1,30997.35,8.3,Debit Card,Shipped,Vikram Patel,WH-Kolkata (East),East
ORD-13485,CUST-1279,2026-05-06,Sterilization & Lab,UV Sterilizer Box,5,12436.86,14.8,Credit Card,Delivered,Sanjay Verma,WH-Gurugram (North),North
ORD-13486,CUST-1147,2025-09-03,Sterilization & Lab,Ultrasound Cleaner,4,14142.9,4.7,Debit Card,Delivered,Sanjay Verma,WH-Kolkata (East),East
ORD-13487,CUST-1380,2025-08-19,Orthopedic & Mobility,Motorized Wheelchair,3,44489.86,6.9,Net Banking,Delivered,Vikram Patel,WH-Gurugram (North),North
ORD-13488,CUST-1732,2025-12-02,Surgical & Critical Care,Electric Suction Apparatus,2,19143.95,14.9,Debit Card,Delivered,Priya Sharma,WH-Kolkata (East),East
ORD-13489,CUST-1644,2025-10-30,Infusion & Vascular,IV Cannula (18G-24G),1,9607.01,3.4,UPI,Shipped,Vikram Patel,WH-Kolkata (East),East
ORD-13490,CUST-1473,2025-10-21,Diagnostic & Monitoring,Single-Channel ECG Machine,3,16513.25,8.8,Debit Card,Delivered,Ramesh Rao,WH-Kolkata (East),East
ORD-13491,CUST-1177,2026-02-26,Diabetes Care,Insulin Pump,1,3726.07,6.8,Net Banking,Cancelled,Ramesh Rao,WH-Gurugram (North),North
ORD-13492,CUST-1026,2026-04-30,Home Healthcare,Electric Heating Pad,4,3952.14,2.5,Net Banking,Returned,Priya Sharma,WH-Kolkata (East),East
ORD-13493,CUST-1417,2026-03-18,Surgical & Critical Care,Defibrillator & AED,1,41728.08,2.3,Net Banking,Shipped,Ramesh Rao,WH-Kolkata (East),East
ORD-13494,CUST-1681,2025-11-11,Respiratory Care,Compressor Nebulizer,3,21405.04,8.7,Net Banking,Delivered,Priya Sharma,WH-Gurugram (North),North
ORD-13495,CUST-1041,2025-07-31,Respiratory Care,BiPAP Machine,1,22187.93,14.9,UPI,Shipped,Ramesh Rao,WH-Bengaluru (South),South
ORD-13496,CUST-1958,2026-07-10,Sterilization & Lab,Digital Centrifuge Machine,4,2438.39,1.6,Debit Card,Processing,Ramesh Rao,WH-Bhiwandi (West),West
ORD-13497,CUST-1090,2026-05-22,Infusion & Vascular,IV Cannula (18G-24G),3,28400.97,7.4,Debit Card,Returned,Ramesh Rao,WH-Gurugram (North),North
ORD-13498,CUST-1627,2026-07-11,Surgical & Critical Care,Surgical Electrocautery Unit,2,42874.69,11.8,Net Banking,Cancelled,Anjali Nair,WH-Bengaluru (South),South
ORD-13499,CUST-1907,2026-06-14,Surgical & Critical Care,Pulse Generator Pacemaker,1,6462.01,8.4,Credit Card,Processing,Priya Sharma,WH-Bhiwandi (West),West
ORD-13500,CUST-1368,2025-05-31,Diagnostic & Monitoring,Single-Channel ECG Machine,4,20717.28,4.7,COD,Delivered,Ramesh Rao,WH-Bengaluru (South),South
ORD-13501,CUST-1630,2026-07-14,Infusion & Vascular,Syringe Driver Pump,2,12559.18,8.3,Net Banking,Delivered,Sanjay Verma,WH-Gurugram (North),North
ORD-13502,CUST-1366,2026-03-01,Respiratory Care,Portable Oxygen Concentrator (5L),2,25019.91,10.1,Net Banking,Shipped,Vikram Patel,WH-Bengaluru (South),South
ORD-13503,CUST-1258,2026-01-21,Diagnostic & Monitoring,Stethoscope (Cardiology Grade),4,26315.36,8.5,Net Banking,Delivered,Priya Sharma,WH-Bengaluru (South),South
ORD-13504,CUST-1449,2026-07-04,Respiratory Care,High-Flow Nasal Cannula System,1,41763.25,9.4,Debit Card,Delivered,Anjali Nair,WH-Gurugram (North),North
ORD-13505,CUST-1415,2026-05-17,Diabetes Care,Insulin Pump,2,30714.98,6.8,Net Banking,Delivered,Ramesh Rao,WH-Kolkata (East),East
ORD-13506,CUST-1200,2025-08-28,Respiratory Care,High-Flow Nasal Cannula System,5,7922.6,1.2,COD,Processing,Ramesh Rao,WH-Bhiwandi (West),West
ORD-13507,CUST-1490,2025-02-05,Surgical & Critical Care,Anesthesia Workstation,1,30221.89,5.7,COD,Returned,Vikram Patel,WH-Bengaluru (South),South
ORD-13508,CUST-1516,2025-12-29,Diagnostic & Monitoring,Digital Blood Pressure Monitor,3,5779.01,3.6,COD,Cancelled,Priya Sharma,WH-Gurugram (North),North
ORD-13509,CUST-1306,2026-07-11,Surgical & Critical Care,LED Surgical OT Light,5,19677.66,6.9,Debit Card,Returned,Ramesh Rao,WH-Bhiwandi (West),West
ORD-13510,CUST-1955,2026-07-17,Diagnostic & Monitoring,Multi-Para Patient Monitor,5,27819.73,4.8,Credit Card,Cancelled,Priya Sharma,WH-Gurugram (North),North
ORD-13511,CUST-1654,2025-09-17,Diabetes Care,Blood Glucose Meter Kit,2,42450.06,3.5,Debit Card,Delivered,Sanjay Verma,WH-Bengaluru (South),South
ORD-13512,CUST-1759,2026-05-21,Diagnostic & Monitoring,Stethoscope (Cardiology Grade),4,35514.6,3.7,Net Banking,Cancelled,Ramesh Rao,WH-Gurugram (North),North
ORD-13513,CUST-1107,2026-06-14,Respiratory Care,Auto CPAP Machine,1,24555.49,4.7,Debit Card,Returned,Ramesh Rao,WH-Kolkata (East),East
ORD-13514,CUST-1270,2025-12-05,Home Healthcare,Peak Flow Meter,1,1279.3,1.9,Debit Card,Processing,Vikram Patel,WH-Gurugram (North),North
ORD-13515,CUST-1757,2026-07-08,Diagnostic & Monitoring,Digital Blood Pressure Monitor,5,39160.5,5.5,Credit Card,Delivered,Anjali Nair,WH-Bengaluru (South),South
ORD-13516,CUST-1980,2026-04-04,Diagnostic & Monitoring,Infrared Non-Contact Thermometer,4,11990.05,9.4,UPI,Delivered,Priya Sharma,WH-Kolkata (East),East
ORD-13517,CUST-1873,2025-11-28,Home Healthcare,Digital Vein Finder,1,16258.52,2.3,COD,Delivered,Ramesh Rao,WH-Bhiwandi (West),West
ORD-13518,CUST-1277,2026-01-10,Diagnostic & Monitoring,Digital Spirometer,1,10951.05,12.9,UPI,Shipped,Ramesh Rao,WH-Bhiwandi (West),West
ORD-13519,CUST-1662,2025-12-04,Diagnostic & Monitoring,Infrared Non-Contact Thermometer,1,33277.11,5.7,COD,Cancelled,Sanjay Verma,WH-Bhiwandi (West),West
ORD-13520,CUST-1161,2025-11-15,Infusion & Vascular,Syringe Driver Pump,2,6269.39,12.0,Debit Card,Cancelled,Priya Sharma,WH-Bengaluru (South),South
ORD-13521,CUST-1201,2026-01-02,Diagnostic & Monitoring,Digital Spirometer,2,42311.36,2.9,Debit Card,Returned,Vikram Patel,WH-Kolkata (East),East
ORD-13522,CUST-1810,2025-08-10,Orthopedic & Mobility,TENS Physiotherapy Unit,1,17377.03,7.4,UPI,Shipped,Anjali Nair,WH-Bhiwandi (West),West
ORD-13523,CUST-1731,2025-11-08,Home Healthcare,Digital Vein Finder,4,5439.44,1.9,Debit Card,Delivered,Priya Sharma,WH-Bhiwandi (West),West
ORD-13524,CUST-1426,2025-03-25,Infusion & Vascular,Volumetric Infusion Pump,4,35439.35,6.9,Credit Card,Delivered,Vikram Patel,WH-Kolkata (East),East
ORD-13525,CUST-1135,2026-02-27,Diagnostic & Monitoring,Stethoscope (Cardiology Grade),1,22753.35,7.5,Net Banking,Delivered,Anjali Nair,WH-Bengaluru (South),South
ORD-13526,CUST-1154,2026-07-12,Diagnostic & Monitoring,Digital Otoscope,1,34559.71,12.3,Net Banking,Cancelled,Vikram Patel,WH-Kolkata (East),East
ORD-13527,CUST-1448,2025-10-27,Surgical & Critical Care,Pulse Generator Pacemaker,4,10299.55,13.9,Net Banking,Shipped,Priya Sharma,WH-Kolkata (East),East
ORD-13528,CUST-1837,2026-04-19,Orthopedic & Mobility,TENS Physiotherapy Unit,4,18091.2,3.0,Net Banking,Cancelled,Anjali Nair,WH-Gurugram (North),North
ORD-13529,CUST-1278,2025-11-10,Infusion & Vascular,Syringe Driver Pump,2,28651.55,4.7,Net Banking,Processing,Priya Sharma,WH-Gurugram (North),North
ORD-13530,CUST-1218,2026-05-06,Home Healthcare,Digital Vein Finder,2,7278.54,7.2,UPI,Delivered,Vikram Patel,WH-Gurugram (North),North
ORD-13531,CUST-1772,2026-02-14,Surgical & Critical Care,Electric Suction Apparatus,3,29592.67,13.2,Debit Card,Delivered,Anjali Nair,WH-Bhiwandi (West),West
ORD-13532,CUST-1953,2026-03-12,Respiratory Care,Suction Machine,2,38923.08,2.4,Debit Card,Delivered,Priya Sharma,WH-Gurugram (North),North
ORD-13533,CUST-1329,2026-05-29,Surgical & Critical Care,Surgical Electrocautery Unit,5,15271.01,8.8,Debit Card,Returned,Ramesh Rao,WH-Bengaluru (South),South
ORD-13534,CUST-1149,2025-08-31,Home Healthcare,Electric Heating Pad,4,1542.72,13.9,COD,Delivered,Anjali Nair,WH-Gurugram (North),North
ORD-13535,CUST-1726,2025-06-20,Infusion & Vascular,IV Cannula (18G-24G),2,12878.54,4.1,UPI,Cancelled,Sanjay Verma,WH-Kolkata (East),East
ORD-13536,CUST-1527,2026-04-23,Surgical & Critical Care,Defibrillator & AED,3,40839.9,10.7,Credit Card,Delivered,Vikram Patel,WH-Bhiwandi (West),West
ORD-13537,CUST-1457,2025-10-04,Orthopedic & Mobility,Folding Lightweight Wheelchair,2,9390.33,2.6,UPI,Returned,Vikram Patel,WH-Bengaluru (South),South
ORD-13538,CUST-1586,2026-07-16,Diagnostic & Monitoring,Capnograph Monitor,4,44949.96,11.5,Net Banking,Cancelled,Anjali Nair,WH-Bhiwandi (West),West
ORD-13539,CUST-1504,2026-04-08,Diagnostic & Monitoring,Infrared Non-Contact Thermometer,3,30511.22,12.4,COD,Delivered,Vikram Patel,WH-Bengaluru (South),South
ORD-13540,CUST-1420,2026-01-30,Diabetes Care,Insulin Pump,2,27675.16,2.5,Net Banking,Processing,Vikram Patel,WH-Gurugram (North),North
ORD-13541,CUST-1190,2026-06-30,Diagnostic & Monitoring,Pulse Oximeter,3,10760.16,4.2,COD,Delivered,Sanjay Verma,WH-Bengaluru (South),South
ORD-13542,CUST-1136,2025-01-16,Infusion & Vascular,Central Venous Catheter Kit,5,12386.49,4.3,Net Banking,Shipped,Priya Sharma,WH-Bengaluru (South),South
ORD-13543,CUST-1486,2026-04-15,Surgical & Critical Care,Anesthesia Workstation,3,9988.11,7.2,COD,Processing,Priya Sharma,WH-Bhiwandi (West),West
ORD-13544,CUST-1329,2026-01-07,Diabetes Care,Insulin Pump,2,28959.64,1.8,Credit Card,Delivered,Ramesh Rao,WH-Gurugram (North),North
ORD-13545,CUST-1366,2026-03-17,Sterilization & Lab,Tabletop Steam Autoclave,4,31785.54,6.3,COD,Delivered,Sanjay Verma,WH-Gurugram (North),North
ORD-13546,CUST-1866,2026-05-24,Sterilization & Lab,Tabletop Steam Autoclave,5,41293.39,14.4,Debit Card,Delivered,Sanjay Verma,WH-Bhiwandi (West),West
ORD-13547,CUST-1339,2026-07-09,Respiratory Care,Auto CPAP Machine,5,43602.48,5.5,Debit Card,Delivered,Anjali Nair,WH-Bengaluru (South),South
ORD-13548,CUST-1284,2025-04-15,Home Healthcare,Digital Vein Finder,5,34660.52,3.9,Net Banking,Delivered,Priya Sharma,WH-Kolkata (East),East
ORD-13549,CUST-1219,2025-08-30,Respiratory Care,High-Flow Nasal Cannula System,3,19410.01,12.0,Credit Card,Returned,Priya Sharma,WH-Kolkata (East),East
ORD-13550,CUST-1968,2026-05-16,Surgical & Critical Care,Laryngoscope Set,4,36410.27,5.0,Net Banking,Shipped,Sanjay Verma,WH-Kolkata (East),East
ORD-13551,CUST-1449,2026-07-04,Diagnostic & Monitoring,Pulse Oximeter,1,40499.34,4.6,Credit Card,Processing,Anjali Nair,WH-Bengaluru (South),South
ORD-13552,CUST-1407,2026-07-12,Infusion & Vascular,Syringe Driver Pump,3,29563.45,3.4,COD,Returned,Sanjay Verma,WH-Bhiwandi (West),West
ORD-13553,CUST-1841,2025-11-26,Infusion & Vascular,Dialysis Catheter,2,33339.49,2.4,Net Banking,Shipped,Anjali Nair,WH-Bengaluru (South),South
ORD-13554,CUST-1285,2025-08-24,Infusion & Vascular,Syringe Driver Pump,3,41830.46,10.3,UPI,Cancelled,Priya Sharma,WH-Gurugram (North),North
ORD-13555,CUST-1663,2026-07-08,Respiratory Care,Incentive Spirometer,5,25294.28,1.6,Debit Card,Returned,Sanjay Verma,WH-Gurugram (North),North
ORD-13556,CUST-1682,2026-07-19,Surgical & Critical Care,Surgical Stapler,4,3778.52,8.4,UPI,Returned,Vikram Patel,WH-Kolkata (East),East
ORD-13557,CUST-1563,2025-06-14,Diabetes Care,Lancet Device,1,28862.61,11.3,Net Banking,Delivered,Sanjay Verma,WH-Bengaluru (South),South
ORD-13558,CUST-1167,2026-03-18,Surgical & Critical Care,Laryngoscope Set,5,39221.41,11.0,Credit Card,Returned,Ramesh Rao,WH-Kolkata (East),East
ORD-13559,CUST-1945,2026-04-22,Diagnostic & Monitoring,Multi-Para Patient Monitor,2,32692.24,15.0,UPI,Delivered,Priya Sharma,WH-Bhiwandi (West),West
ORD-13560,CUST-1654,2025-11-22,Orthopedic & Mobility,Folding Lightweight Wheelchair,5,31049.14,11.5,Credit Card,Delivered,Sanjay Verma,WH-Bhiwandi (West),West
ORD-13561,CUST-1779,2026-05-28,Infusion & Vascular,Dialysis Catheter,1,35306.99,9.1,Net Banking,Delivered,Ramesh Rao,WH-Gurugram (North),North
ORD-13562,CUST-1842,2026-05-09,Surgical & Critical Care,LED Surgical OT Light,2,26298.67,7.5,COD,Delivered,Priya Sharma,WH-Bengaluru (South),South
ORD-13563,CUST-1962,2025-11-30,Sterilization & Lab,Digital Centrifuge Machine,5,3046.92,8.8,Net Banking,Delivered,Priya Sharma,WH-Gurugram (North),North
ORD-13564,CUST-1332,2026-05-25,Respiratory Care,BiPAP Machine,2,32198.39,9.9,Net Banking,Processing,Priya Sharma,WH-Bengaluru (South),South
ORD-13565,CUST-1379,2026-06-23,Home Healthcare,Digital Vein Finder,3,37714.12,9.8,COD,Shipped,Anjali Nair,WH-Bengaluru (South),South
ORD-13566,CUST-1769,2025-04-28,Home Healthcare,Peak Flow Meter,4,27290.33,10.6,Credit Card,Delivered,Priya Sharma,WH-Kolkata (East),East
ORD-13567,CUST-1446,2025-12-08,Respiratory Care,Portable Oxygen Concentrator (5L),1,24665.38,10.8,COD,Returned,Sanjay Verma,WH-Bengaluru (South),South
ORD-13568,CUST-1973,2026-03-15,Surgical & Critical Care,Surgical Stapler,3,22062.72,7.5,Net Banking,Returned,Sanjay Verma,WH-Bengaluru (South),South
ORD-13569,CUST-1318,2025-08-26,Diagnostic & Monitoring,Pulse Oximeter,1,3016.06,13.1,Debit Card,Cancelled,Anjali Nair,WH-Gurugram (North),North
ORD-13570,CUST-1332,2025-10-22,Home Healthcare,Peak Flow Meter,3,15306.93,13.1,UPI,Returned,Ramesh Rao,WH-Gurugram (North),North
ORD-13571,CUST-2000,2026-06-23,Respiratory Care,Mesh Nebulizer,4,24817.89,9.5,Debit Card,Delivered,Vikram Patel,WH-Gurugram (North),North
ORD-13572,CUST-1087,2026-03-16,Orthopedic & Mobility,Walking Frame with Castors,1,42252.56,12.1,COD,Returned,Sanjay Verma,WH-Bengaluru (South),South
ORD-13573,CUST-1097,2026-04-05,Surgical & Critical Care,Surgical Electrocautery Unit,1,32754.29,5.7,COD,Processing,Ramesh Rao,WH-Kolkata (East),East
ORD-13574,CUST-1996,2025-06-23,Orthopedic & Mobility,Air Mattress for Bedsores,1,2687.12,3.9,Debit Card,Cancelled,Anjali Nair,WH-Kolkata (East),East
ORD-13575,CUST-1411,2026-07-19,Orthopedic & Mobility,TENS Physiotherapy Unit,2,21458.53,6.6,Credit Card,Processing,Priya Sharma,WH-Kolkata (East),East
ORD-13576,CUST-1804,2026-05-03,Home Healthcare,Electric Heating Pad,2,38641.54,5.8,Debit Card,Delivered,Priya Sharma,WH-Gurugram (North),North
ORD-13577,CUST-1700,2025-08-26,Infusion & Vascular,Volumetric Infusion Pump,5,37738.45,14.9,Net Banking,Delivered,Vikram Patel,WH-Gurugram (North),North
ORD-13578,CUST-1265,2026-07-01,Surgical & Critical Care,Pulse Generator Pacemaker,5,35594.63,14.7,Debit Card,Cancelled,Anjali Nair,WH-Gurugram (North),North
ORD-13579,CUST-1777,2026-06-13,Orthopedic & Mobility,Air Mattress for Bedsores,3,37674.34,9.5,Net Banking,Returned,Ramesh Rao,WH-Kolkata (East),East
ORD-13580,CUST-1545,2026-03-30,Orthopedic & Mobility,Cervical Traction Unit,1,30324.58,3.1,UPI,Cancelled,Anjali Nair,WH-Gurugram (North),North
ORD-13581,CUST-1330,2026-05-29,Surgical & Critical Care,LED Surgical OT Light,3,31301.61,14.2,Debit Card,Delivered,Anjali Nair,WH-Bhiwandi (West),West
ORD-13582,CUST-1954,2026-02-14,Home Healthcare,Peak Flow Meter,1,3851.05,5.0,COD,Processing,Sanjay Verma,WH-Bhiwandi (West),West
ORD-13583,CUST-1591,2025-12-16,Diabetes Care,Insulin Pump,4,14296.73,12.2,Credit Card,Returned,Priya Sharma,WH-Bengaluru (South),South
ORD-13584,CUST-1399,2026-04-28,Diabetes Care,Insulin Pump,4,12001.21,8.8,Net Banking,Cancelled,Anjali Nair,WH-Bhiwandi (West),West
ORD-13585,CUST-1971,2026-07-18,Diagnostic & Monitoring,Pulse Oximeter,2,23899.4,8.6,UPI,Shipped,Ramesh Rao,WH-Gurugram (North),North
ORD-13586,CUST-1145,2026-02-02,Diagnostic & Monitoring,Capnograph Monitor,5,36748.29,3.4,COD,Processing,Anjali Nair,WH-Gurugram (North),North
ORD-13587,CUST-1899,2026-02-12,Diagnostic & Monitoring,Pulse Oximeter,2,35655.1,4.6,COD,Cancelled,Sanjay Verma,WH-Gurugram (North),North
ORD-13588,CUST-1643,2025-09-16,Diagnostic & Monitoring,Fetal Doppler Heart Rate Monitor,3,10750.56,6.3,UPI,Processing,Ramesh Rao,WH-Bhiwandi (West),West
ORD-13589,CUST-1769,2024-10-29,Orthopedic & Mobility,Folding Lightweight Wheelchair,4,12867.5,5.7,Credit Card,Processing,Ramesh Rao,WH-Bhiwandi (West),West
ORD-13590,CUST-1565,2026-05-15,Infusion & Vascular,Volumetric Infusion Pump,2,36875.27,10.6,Net Banking,Delivered,Ramesh Rao,WH-Gurugram (North),North
ORD-13591,CUST-1938,2026-07-20,Sterilization & Lab,Digital Centrifuge Machine,1,33117.02,5.3,UPI,Processing,Ramesh Rao,WH-Kolkata (East),East
ORD-13592,CUST-1450,2026-07-12,Respiratory Care,High-Flow Nasal Cannula System,1,9009.83,9.0,COD,Returned,Priya Sharma,WH-Gurugram (North),North
ORD-13593,CUST-1080,2026-07-07,Surgical & Critical Care,Pulse Generator Pacemaker,3,13348.7,4.5,Debit Card,Shipped,Sanjay Verma,WH-Bhiwandi (West),West
ORD-13594,CUST-1265,2026-05-28,Surgical & Critical Care,Anesthesia Workstation,2,30632.11,8.4,UPI,Cancelled,Priya Sharma,WH-Kolkata (East),East
ORD-13595,CUST-1780,2025-10-13,Home Healthcare,Digital Vein Finder,4,29645.6,4.3,COD,Returned,Vikram Patel,WH-Bengaluru (South),South
ORD-13596,CUST-1371,2026-06-16,Surgical & Critical Care,Defibrillator & AED,5,30567.89,3.5,Net Banking,Delivered,Anjali Nair,WH-Bhiwandi (West),West
ORD-13597,CUST-1407,2026-06-26,Infusion & Vascular,Volumetric Infusion Pump,2,19659.91,8.3,COD,Shipped,Vikram Patel,WH-Bengaluru (South),South
ORD-13598,CUST-1500,2026-05-18,Diabetes Care,Lancet Device,2,43620.58,10.8,COD,Shipped,Priya Sharma,WH-Bengaluru (South),South
ORD-13599,CUST-1576,2026-06-30,Surgical & Critical Care,Pulse Generator Pacemaker,1,30719.9,4.8,Net Banking,Delivered,Anjali Nair,WH-Gurugram (North),North
ORD-13600,CUST-1141,2025-07-16,Respiratory Care,Portable Oxygen Concentrator (5L),5,5782.83,10.0,COD,Delivered,Priya Sharma,WH-Kolkata (East),East
ORD-13601,CUST-1439,2026-03-22,Orthopedic & Mobility,Cervical Traction Unit,3,18537.33,9.7,UPI,Delivered,Sanjay Verma,WH-Bengaluru (South),South
ORD-13602,CUST-1566,2025-11-06,Respiratory Care,Compressor Nebulizer,2,38284.1,4.0,COD,Delivered,Priya Sharma,WH-Gurugram (North),North
ORD-13603,CUST-1887,2026-04-08,Infusion & Vascular,Syringe Driver Pump,3,36020.24,14.4,Net Banking,Returned,Priya Sharma,WH-Gurugram (North),North
ORD-13604,CUST-1106,2026-01-09,Orthopedic & Mobility,TENS Physiotherapy Unit,2,20272.9,11.5,UPI,Returned,Sanjay Verma,WH-Bhiwandi (West),West
ORD-13605,CUST-1052,2025-12-20,Respiratory Care,Incentive Spirometer,5,15891.77,11.0,UPI,Delivered,Priya Sharma,WH-Kolkata (East),East
ORD-13606,CUST-1274,2025-05-03,Home Healthcare,Electric Heating Pad,4,24015.45,12.6,Credit Card,Delivered,Sanjay Verma,WH-Bhiwandi (West),West
ORD-13607,CUST-1026,2026-04-04,Diagnostic & Monitoring,Continuous Glucose Monitor (CGM),5,29317.79,13.6,Net Banking,Delivered,Sanjay Verma,WH-Kolkata (East),East
ORD-13608,CUST-1488,2026-04-11,Diagnostic & Monitoring,Pulse Oximeter,1,25664.57,3.2,Debit Card,Delivered,Vikram Patel,WH-Gurugram (North),North
ORD-13609,CUST-1051,2026-01-20,Diagnostic & Monitoring,Pulse Oximeter,3,35595.29,11.6,Net Banking,Cancelled,Ramesh Rao,WH-Bhiwandi (West),West
ORD-13610,CUST-1903,2025-11-29,Diagnostic & Monitoring,Digital Spirometer,5,30112.89,9.5,Debit Card,Cancelled,Vikram Patel,WH-Bengaluru (South),South
ORD-13611,CUST-1839,2026-04-06,Orthopedic & Mobility,Cervical Traction Unit,3,37521.23,4.1,Debit Card,Delivered,Vikram Patel,WH-Kolkata (East),East
ORD-13612,CUST-1228,2025-11-24,Respiratory Care,Auto CPAP Machine,2,24698.23,14.7,Net Banking,Shipped,Ramesh Rao,WH-Bengaluru (South),South
ORD-13613,CUST-1013,2026-03-07,Respiratory Care,Suction Machine,3,17705.44,4.0,COD,Delivered,Vikram Patel,WH-Bhiwandi (West),West
ORD-13614,CUST-1301,2025-06-06,Orthopedic & Mobility,Folding Lightweight Wheelchair,3,23605.47,2.3,Debit Card,Processing,Vikram Patel,WH-Gurugram (North),North
ORD-13615,CUST-1468,2025-03-30,Diabetes Care,Insulin Pen Injector,4,20357.19,11.5,Debit Card,Processing,Sanjay Verma,WH-Kolkata (East),East
ORD-13616,CUST-1657,2026-05-30,Orthopedic & Mobility,Motorized Wheelchair,2,13501.51,9.7,COD,Cancelled,Ramesh Rao,WH-Kolkata (East),East
ORD-13617,CUST-1323,2025-03-24,Diagnostic & Monitoring,Digital Spirometer,2,6213.52,7.6,Debit Card,Shipped,Ramesh Rao,WH-Kolkata (East),East
ORD-13618,CUST-1510,2026-02-09,Sterilization & Lab,Digital Centrifuge Machine,4,14121.76,9.3,Debit Card,Processing,Vikram Patel,WH-Bengaluru (South),South
ORD-13619,CUST-1966,2025-05-09,Diagnostic & Monitoring,Infrared Non-Contact Thermometer,1,19666.49,4.6,UPI,Delivered,Sanjay Verma,WH-Bhiwandi (West),West
ORD-13620,CUST-1629,2026-07-03,Diabetes Care,Lancet Device,1,37916.78,8.4,COD,Delivered,Priya Sharma,WH-Gurugram (North),North
ORD-13621,CUST-1686,2025-01-24,Respiratory Care,Auto CPAP Machine,4,27835.05,12.9,COD,Delivered,Priya Sharma,WH-Bengaluru (South),South
ORD-13622,CUST-1206,2026-03-16,Respiratory Care,Portable Oxygen Concentrator (5L),2,8435.4,5.9,Credit Card,Delivered,Anjali Nair,WH-Kolkata (East),East
ORD-13623,CUST-1057,2026-05-24,Sterilization & Lab,UV Sterilizer Box,1,43681.05,3.5,UPI,Delivered,Ramesh Rao,WH-Bengaluru (South),South
ORD-13624,CUST-1031,2026-01-18,Diagnostic & Monitoring,Digital Otoscope,5,18919.23,7.0,Debit Card,Delivered,Vikram Patel,WH-Bhiwandi (West),West
ORD-13625,CUST-1696,2025-07-25,Respiratory Care,Compressor Nebulizer,4,27664.82,9.3,COD,Delivered,Priya Sharma,WH-Bhiwandi (West),West
ORD-13626,CUST-1651,2026-01-24,Respiratory Care,Portable Oxygen Concentrator (5L),2,35058.73,3.1,UPI,Delivered,Anjali Nair,WH-Bengaluru (South),South
ORD-13627,CUST-1789,2026-05-14,Orthopedic & Mobility,Folding Lightweight Wheelchair,2,36461.25,3.3,Debit Card,Processing,Priya Sharma,WH-Gurugram (North),North
ORD-13628,CUST-1110,2026-07-12,Surgical & Critical Care,Pulse Generator Pacemaker,5,10699.86,2.7,Net Banking,Delivered,Anjali Nair,WH-Gurugram (North),North
ORD-13629,CUST-1694,2026-05-15,Orthopedic & Mobility,TENS Physiotherapy Unit,3,26691.43,4.7,Debit Card,Delivered,Vikram Patel,WH-Bengaluru (South),South
ORD-13630,CUST-1104,2026-07-19,Respiratory Care,Suction Machine,3,41792.51,1.0,Net Banking,Processing,Ramesh Rao,WH-Gurugram (North),North
ORD-13631,CUST-1689,2025-11-06,Diagnostic & Monitoring,Vascular Doppler,3,7018.98,11.0,Net Banking,Delivered,Sanjay Verma,WH-Bengaluru (South),South
ORD-13632,CUST-1182,2026-06-11,Sterilization & Lab,UV Sterilizer Box,2,23947.22,5.1,Debit Card,Cancelled,Sanjay Verma,WH-Gurugram (North),North
ORD-13633,CUST-1762,2026-03-22,Respiratory Care,Compressor Nebulizer,5,37211.56,1.3,Debit Card,Delivered,Priya Sharma,WH-Kolkata (East),East
ORD-13634,CUST-1791,2025-08-04,Respiratory Care,Auto CPAP Machine,4,18909.23,7.0,UPI,Delivered,Vikram Patel,WH-Bengaluru (South),South
ORD-13635,CUST-1643,2026-02-06,Sterilization & Lab,UV Sterilizer Box,4,28116.37,3.3,Net Banking,Delivered,Ramesh Rao,WH-Bhiwandi (West),West
ORD-13636,CUST-1107,2026-02-04,Diabetes Care,Insulin Pump,3,21598.56,1.8,Net Banking,Delivered,Ramesh Rao,WH-Kolkata (East),East
ORD-13637,CUST-1979,2026-04-13,Orthopedic & Mobility,Cervical Traction Unit,3,18622.92,11.6,UPI,Delivered,Priya Sharma,WH-Gurugram (North),North
ORD-13638,CUST-1679,2026-06-17,Sterilization & Lab,Digital Centrifuge Machine,4,38242.82,14.7,Credit Card,Delivered,Ramesh Rao,WH-Kolkata (East),East
ORD-13639,CUST-1239,2025-09-09,Diagnostic & Monitoring,Continuous Glucose Monitor (CGM),2,29864.17,11.6,UPI,Delivered,Vikram Patel,WH-Bengaluru (South),South
ORD-13640,CUST-1673,2024-10-06,Orthopedic & Mobility,Air Mattress for Bedsores,4,7880.02,13.5,Debit Card,Delivered,Sanjay Verma,WH-Bengaluru (South),South
ORD-13641,CUST-1926,2025-10-12,Diagnostic & Monitoring,Stethoscope (Cardiology Grade),5,29749.4,0.4,Net Banking,Returned,Vikram Patel,WH-Gurugram (North),North
ORD-13642,CUST-1632,2026-05-21,Respiratory Care,Portable Oxygen Concentrator (5L),4,10294.77,5.7,Net Banking,Delivered,Sanjay Verma,WH-Bengaluru (South),South
ORD-13643,CUST-1930,2026-04-24,Respiratory Care,Portable Oxygen Concentrator (5L),4,14220.2,1.6,UPI,Cancelled,Vikram Patel,WH-Bhiwandi (West),West
ORD-13644,CUST-1800,2026-07-03,Diagnostic & Monitoring,Single-Channel ECG Machine,1,11194.54,5.1,Credit Card,Delivered,Sanjay Verma,WH-Kolkata (East),East
ORD-13645,CUST-1582,2026-05-16,Infusion & Vascular,Central Venous Catheter Kit,5,40487.46,11.0,Credit Card,Processing,Ramesh Rao,WH-Gurugram (North),North
ORD-13646,CUST-1210,2025-11-10,Infusion & Vascular,Dialysis Catheter,2,3688.67,13.1,Debit Card,Delivered,Anjali Nair,WH-Bengaluru (South),South
ORD-13647,CUST-1535,2025-12-19,Surgical & Critical Care,Anesthesia Workstation,4,21670.32,2.3,COD,Shipped,Anjali Nair,WH-Kolkata (East),East
ORD-13648,CUST-1548,2026-06-25,Diabetes Care,Blood Glucose Meter Kit,4,28390.92,11.8,Net Banking,Delivered,Priya Sharma,WH-Bhiwandi (West),West
ORD-13649,CUST-1368,2025-10-03,Diagnostic & Monitoring,Infrared Non-Contact Thermometer,2,26912.12,6.8,Debit Card,Delivered,Ramesh Rao,WH-Gurugram (North),North
ORD-13650,CUST-1956,2026-04-12,Diagnostic & Monitoring,Capnograph Monitor,2,25874.38,2.3,COD,Delivered,Sanjay Verma,WH-Bhiwandi (West),West
ORD-13651,CUST-1390,2026-06-13,Orthopedic & Mobility,Air Mattress for Bedsores,3,37323.42,1.5,Net Banking,Shipped,Anjali Nair,WH-Bengaluru (South),South
ORD-13652,CUST-1363,2025-09-26,Diagnostic & Monitoring,Capnograph Monitor,2,43495.56,9.9,Debit Card,Cancelled,Vikram Patel,WH-Bhiwandi (West),West
ORD-13653,CUST-1583,2025-09-09,Sterilization & Lab,Ultrasound Cleaner,1,35883.98,5.8,Credit Card,Delivered,Vikram Patel,WH-Bhiwandi (West),West
ORD-13654,CUST-1030,2026-05-20,Surgical & Critical Care,Defibrillator & AED,1,13935.7,11.9,Credit Card,Cancelled,Anjali Nair,WH-Kolkata (East),East
ORD-13655,CUST-1529,2026-05-18,Diagnostic & Monitoring,Vascular Doppler,4,16205.14,3.1,Debit Card,Delivered,Ramesh Rao,WH-Bhiwandi (West),West
ORD-13656,CUST-1248,2025-04-04,Respiratory Care,Portable Oxygen Concentrator (5L),4,24952.47,8.0,COD,Delivered,Priya Sharma,WH-Bhiwandi (West),West
ORD-13657,CUST-1563,2025-10-20,Sterilization & Lab,Ultrasound Cleaner,4,29154.31,9.3,Debit Card,Delivered,Anjali Nair,WH-Kolkata (East),East
ORD-13658,CUST-1563,2026-06-14,Surgical & Critical Care,Anesthesia Workstation,1,30238.22,0.8,Credit Card,Delivered,Anjali Nair,WH-Kolkata (East),East
ORD-13659,CUST-1983,2026-01-21,Diagnostic & Monitoring,Fetal Doppler Heart Rate Monitor,4,15913.07,1.9,UPI,Cancelled,Ramesh Rao,WH-Kolkata (East),East
ORD-13660,CUST-1769,2024-12-04,Surgical & Critical Care,Pulse Generator Pacemaker,4,16902.01,0.4,Net Banking,Delivered,Ramesh Rao,WH-Bhiwandi (West),West
ORD-13661,CUST-1023,2025-11-15,Respiratory Care,Portable Oxygen Concentrator (5L),5,27687.55,3.1,Net Banking,Processing,Ramesh Rao,WH-Bhiwandi (West),West
ORD-13662,CUST-1081,2025-03-07,Surgical & Critical Care,LED Surgical OT Light,2,1886.5,2.0,COD,Delivered,Ramesh Rao,WH-Kolkata (East),East
ORD-13663,CUST-1262,2025-05-01,Sterilization & Lab,UV Sterilizer Box,4,43410.3,14.1,UPI,Processing,Priya Sharma,WH-Gurugram (North),North
ORD-13664,CUST-1070,2026-05-21,Infusion & Vascular,Syringe Driver Pump,2,19160.56,15.0,Debit Card,Delivered,Ramesh Rao,WH-Bhiwandi (West),West
ORD-13665,CUST-1743,2026-07-09,Respiratory Care,Mesh Nebulizer,1,36840.22,10.9,Debit Card,Delivered,Anjali Nair,WH-Bhiwandi (West),West
ORD-13666,CUST-1319,2025-08-03,Respiratory Care,Incentive Spirometer,5,4488.26,1.1,UPI,Delivered,Ramesh Rao,WH-Gurugram (North),North
ORD-13667,CUST-1402,2025-12-28,Respiratory Care,Incentive Spirometer,1,1585.51,6.4,UPI,Returned,Vikram Patel,WH-Bengaluru (South),South
ORD-13668,CUST-1422,2025-12-25,Diagnostic & Monitoring,Vascular Doppler,1,43829.94,9.8,Net Banking,Processing,Anjali Nair,WH-Bhiwandi (West),West
ORD-13669,CUST-1297,2025-07-05,Orthopedic & Mobility,Air Mattress for Bedsores,3,39711.67,13.1,Debit Card,Cancelled,Anjali Nair,WH-Kolkata (East),East
ORD-13670,CUST-1542,2026-05-12,Orthopedic & Mobility,Motorized Wheelchair,1,11918.38,11.0,Net Banking,Processing,Anjali Nair,WH-Bhiwandi (West),West
ORD-13671,CUST-1470,2026-07-21,Diagnostic & Monitoring,Infrared Non-Contact Thermometer,2,9822.11,1.2,Credit Card,Processing,Priya Sharma,WH-Gurugram (North),North
ORD-13672,CUST-1152,2025-12-20,Surgical & Critical Care,LED Surgical OT Light,1,34388.25,9.9,Credit Card,Shipped,Anjali Nair,WH-Bengaluru (South),South
ORD-13673,CUST-1301,2026-03-06,Sterilization & Lab,Tabletop Steam Autoclave,1,19314.48,1.2,Net Banking,Delivered,Vikram Patel,WH-Gurugram (North),North
ORD-13674,CUST-1191,2026-07-08,Home Healthcare,Electric Heating Pad,1,29199.85,6.1,Credit Card,Returned,Anjali Nair,WH-Bhiwandi (West),West
ORD-13675,CUST-1054,2026-05-29,Infusion & Vascular,Volumetric Infusion Pump,5,20098.25,7.2,UPI,Returned,Priya Sharma,WH-Bhiwandi (West),West
ORD-13676,CUST-1381,2026-05-06,Diagnostic & Monitoring,Stethoscope (Cardiology Grade),3,29416.83,4.1,Debit Card,Returned,Anjali Nair,WH-Gurugram (North),North
ORD-13677,CUST-1537,2026-07-15,Surgical & Critical Care,Defibrillator & AED,1,18468.71,5.0,Net Banking,Cancelled,Sanjay Verma,WH-Bengaluru (South),South
ORD-13678,CUST-1854,2026-05-22,Sterilization & Lab,Digital Centrifuge Machine,1,31069.5,9.4,UPI,Cancelled,Sanjay Verma,WH-Bengaluru (South),South
ORD-13679,CUST-1154,2026-06-17,Infusion & Vascular,Central Venous Catheter Kit,3,2399.52,9.6,UPI,Delivered,Vikram Patel,WH-Bhiwandi (West),West
ORD-13680,CUST-1751,2025-12-01,Respiratory Care,Incentive Spirometer,5,11037.54,13.6,UPI,Delivered,Ramesh Rao,WH-Gurugram (North),North
ORD-13681,CUST-1622,2025-12-23,Diabetes Care,Lancet Device,1,41044.42,4.8,Credit Card,Delivered,Ramesh Rao,WH-Bengaluru (South),South
ORD-13682,CUST-1680,2026-05-29,Diabetes Care,Lancet Device,1,27118.61,10.6,UPI,Delivered,Anjali Nair,WH-Gurugram (North),North
ORD-13683,CUST-1701,2025-07-14,Diabetes Care,Blood Glucose Meter Kit,1,29451.79,2.2,Credit Card,Processing,Anjali Nair,WH-Bhiwandi (West),West
ORD-13684,CUST-1634,2026-07-14,Respiratory Care,Suction Machine,3,42159.31,9.0,Credit Card,Delivered,Anjali Nair,WH-Gurugram (North),North
ORD-13685,CUST-1829,2026-07-19,Respiratory Care,Suction Machine,4,32242.36,5.1,Debit Card,Cancelled,Anjali Nair,WH-Bhiwandi (West),West
ORD-13686,CUST-1181,2025-03-22,Home Healthcare,Digital Vein Finder,4,33014.5,9.5,Credit Card,Delivered,Ramesh Rao,WH-Kolkata (East),East
ORD-13687,CUST-1880,2026-07-02,Diagnostic & Monitoring,Capnograph Monitor,5,38588.43,14.9,Net Banking,Delivered,Priya Sharma,WH-Gurugram (North),North
ORD-13688,CUST-1583,2025-02-02,Diabetes Care,Blood Glucose Meter Kit,3,23211.87,4.4,Net Banking,Delivered,Vikram Patel,WH-Bengaluru (South),South
ORD-13689,CUST-1533,2025-10-25,Surgical & Critical Care,Surgical Electrocautery Unit,2,24504.34,10.1,Credit Card,Delivered,Ramesh Rao,WH-Bengaluru (South),South
ORD-13690,CUST-1577,2025-12-08,Orthopedic & Mobility,Cervical Traction Unit,4,32918.02,10.0,Net Banking,Delivered,Priya Sharma,WH-Gurugram (North),North
ORD-13691,CUST-1816,2026-02-08,Infusion & Vascular,Central Venous Catheter Kit,2,38115.56,0.9,Credit Card,Shipped,Vikram Patel,WH-Bengaluru (South),South
ORD-13692,CUST-1316,2025-07-24,Diabetes Care,Lancet Device,4,20635.36,14.6,Debit Card,Returned,Ramesh Rao,WH-Bhiwandi (West),West
ORD-13693,CUST-1838,2026-07-17,Diagnostic & Monitoring,Digital Spirometer,2,44771.1,13.2,COD,Shipped,Anjali Nair,WH-Bengaluru (South),South
ORD-13694,CUST-1260,2026-01-15,Diabetes Care,Insulin Pump,3,25411.67,10.0,COD,Delivered,Priya Sharma,WH-Kolkata (East),East
ORD-13695,CUST-1588,2026-01-01,Diagnostic & Monitoring,Stethoscope (Cardiology Grade),1,18527.2,5.7,COD,Delivered,Ramesh Rao,WH-Bhiwandi (West),West
ORD-13696,CUST-1545,2025-06-30,Surgical & Critical Care,Defibrillator & AED,1,39623.74,10.0,Credit Card,Delivered,Sanjay Verma,WH-Kolkata (East),East
ORD-13697,CUST-1046,2026-02-12,Surgical & Critical Care,Defibrillator & AED,5,42902.8,4.2,Net Banking,Processing,Priya Sharma,WH-Gurugram (North),North
ORD-13698,CUST-1875,2026-04-04,Sterilization & Lab,Tabletop Steam Autoclave,1,4446.3,0.8,Credit Card,Delivered,Priya Sharma,WH-Bhiwandi (West),West
ORD-13699,CUST-1527,2026-06-02,Orthopedic & Mobility,Walking Frame with Castors,5,23359.67,5.9,Net Banking,Delivered,Priya Sharma,WH-Bhiwandi (West),West
ORD-13700,CUST-1587,2026-07-13,Orthopedic & Mobility,Folding Lightweight Wheelchair,2,44509.96,14.4,Credit Card,Shipped,Sanjay Verma,WH-Bengaluru (South),South
ORD-13701,CUST-1562,2026-02-28,Surgical & Critical Care,Anesthesia Workstation,5,11912.73,2.8,Credit Card,Returned,Anjali Nair,WH-Kolkata (East),East
ORD-13702,CUST-1012,2024-12-28,Diagnostic & Monitoring,Single-Channel ECG Machine,4,16631.03,11.9,UPI,Delivered,Anjali Nair,WH-Bengaluru (South),South
ORD-13703,CUST-1619,2026-04-29,Respiratory Care,Incentive Spirometer,5,30440.47,13.0,UPI,Delivered,Anjali Nair,WH-Kolkata (East),East
ORD-13704,CUST-1518,2026-01-04,Sterilization & Lab,Tabletop Steam Autoclave,4,42613.93,11.0,Net Banking,Delivered,Vikram Patel,WH-Bhiwandi (West),West
ORD-13705,CUST-1351,2025-07-02,Diagnostic & Monitoring,Pulse Oximeter,2,20960.12,13.3,Debit Card,Cancelled,Anjali Nair,WH-Kolkata (East),East
ORD-13706,CUST-1529,2025-12-16,Home Healthcare,Digital Vein Finder,3,19313.39,11.4,COD,Processing,Vikram Patel,WH-Bengaluru (South),South
ORD-13707,CUST-1705,2026-06-14,Orthopedic & Mobility,Folding Lightweight Wheelchair,2,26300.45,7.7,Debit Card,Returned,Ramesh Rao,WH-Bhiwandi (West),West
ORD-13708,CUST-1806,2026-06-04,Orthopedic & Mobility,TENS Physiotherapy Unit,1,13280.81,11.4,Net Banking,Delivered,Ramesh Rao,WH-Bhiwandi (West),West
ORD-13709,CUST-1987,2026-04-18,Sterilization & Lab,UV Sterilizer Box,2,42704.74,2.5,COD,Cancelled,Priya Sharma,WH-Gurugram (North),North
ORD-13710,CUST-1719,2026-06-30,Home Healthcare,Digital Vein Finder,4,5347.55,8.5,UPI,Delivered,Ramesh Rao,WH-Gurugram (North),North
ORD-13711,CUST-1668,2026-07-06,Diabetes Care,Insulin Pen Injector,1,42413.59,12.3,Debit Card,Returned,Vikram Patel,WH-Bhiwandi (West),West
ORD-13712,CUST-1167,2026-05-13,Diagnostic & Monitoring,Fetal Doppler Heart Rate Monitor,3,11810.88,6.7,COD,Shipped,Ramesh Rao,WH-Bengaluru (South),South
ORD-13713,CUST-1932,2026-07-14,Infusion & Vascular,Syringe Driver Pump,5,16495.78,1.9,COD,Processing,Vikram Patel,WH-Kolkata (East),East
ORD-13714,CUST-1028,2026-02-27,Respiratory Care,High-Flow Nasal Cannula System,4,12697.3,10.5,Credit Card,Delivered,Sanjay Verma,WH-Bhiwandi (West),West
ORD-13715,CUST-1429,2025-12-07,Respiratory Care,Incentive Spirometer,3,1590.32,10.9,UPI,Delivered,Anjali Nair,WH-Kolkata (East),East
ORD-13716,CUST-1001,2026-01-23,Sterilization & Lab,UV Sterilizer Box,2,26918.08,3.6,Credit Card,Cancelled,Vikram Patel,WH-Bhiwandi (West),West
ORD-13717,CUST-1441,2025-11-09,Diagnostic & Monitoring,Fetal Doppler Heart Rate Monitor,2,26201.4,2.8,COD,Delivered,Vikram Patel,WH-Bhiwandi (West),West
ORD-13718,CUST-1008,2025-03-28,Surgical & Critical Care,Pulse Generator Pacemaker,5,21751.07,2.2,Net Banking,Delivered,Vikram Patel,WH-Kolkata (East),East
ORD-13719,CUST-1048,2026-07-02,Diagnostic & Monitoring,Fetal Doppler Heart Rate Monitor,4,18764.07,1.0,Debit Card,Delivered,Ramesh Rao,WH-Bhiwandi (West),West
ORD-13720,CUST-1192,2025-07-05,Respiratory Care,Compressor Nebulizer,2,4932.64,2.7,UPI,Returned,Ramesh Rao,WH-Bhiwandi (West),West
ORD-13721,CUST-1137,2026-01-25,Respiratory Care,Suction Machine,1,23474.39,7.3,COD,Returned,Sanjay Verma,WH-Bhiwandi (West),West
ORD-13722,CUST-1629,2025-09-22,Respiratory Care,Suction Machine,3,38250.05,6.8,UPI,Delivered,Anjali Nair,WH-Bhiwandi (West),West
ORD-13723,CUST-1889,2026-02-03,Diagnostic & Monitoring,Vascular Doppler,2,9201.22,8.7,COD,Shipped,Priya Sharma,WH-Bhiwandi (West),West
ORD-13724,CUST-1603,2025-09-11,Diagnostic & Monitoring,Vascular Doppler,2,11772.86,10.8,COD,Cancelled,Anjali Nair,WH-Bhiwandi (West),West
ORD-13725,CUST-1204,2025-05-25,Diagnostic & Monitoring,Fetal Doppler Heart Rate Monitor,5,38807.17,7.9,UPI,Delivered,Ramesh Rao,WH-Bengaluru (South),South
ORD-13726,CUST-1794,2025-06-06,Orthopedic & Mobility,Cervical Traction Unit,3,14405.49,9.1,Credit Card,Returned,Sanjay Verma,WH-Bhiwandi (West),West
ORD-13727,CUST-1728,2026-04-20,Orthopedic & Mobility,Walking Frame with Castors,4,24392.07,14.4,Debit Card,Delivered,Sanjay Verma,WH-Bengaluru (South),South
ORD-13728,CUST-1774,2025-12-06,Diagnostic & Monitoring,Infrared Non-Contact Thermometer,3,27611.84,6.8,UPI,Returned,Anjali Nair,WH-Kolkata (East),East
ORD-13729,CUST-1800,2026-04-17,Orthopedic & Mobility,Cervical Traction Unit,1,28894.87,13.6,Debit Card,Processing,Priya Sharma,WH-Gurugram (North),North
ORD-13730,CUST-1291,2026-07-21,Diagnostic & Monitoring,Stethoscope (Cardiology Grade),3,12147.92,1.3,COD,Shipped,Vikram Patel,WH-Bhiwandi (West),West
ORD-13731,CUST-1765,2025-07-10,Sterilization & Lab,UV Sterilizer Box,4,42491.06,12.7,COD,Processing,Anjali Nair,WH-Bengaluru (South),South
ORD-13732,CUST-1977,2026-06-30,Diagnostic & Monitoring,Multi-Para Patient Monitor,1,36397.75,3.5,UPI,Delivered,Priya Sharma,WH-Bhiwandi (West),West
ORD-13733,CUST-1437,2025-11-13,Surgical & Critical Care,LED Surgical OT Light,3,6444.12,7.6,UPI,Delivered,Priya Sharma,WH-Bengaluru (South),South
ORD-13734,CUST-1383,2025-09-05,Surgical & Critical Care,Pulse Generator Pacemaker,2,4534.28,1.4,COD,Processing,Sanjay Verma,WH-Kolkata (East),East
ORD-13735,CUST-1516,2025-09-12,Surgical & Critical Care,Electric Suction Apparatus,1,20598.08,2.6,UPI,Delivered,Vikram Patel,WH-Kolkata (East),East
ORD-13736,CUST-1882,2026-04-29,Surgical & Critical Care,Pulse Generator Pacemaker,5,25782.03,6.1,Debit Card,Delivered,Priya Sharma,WH-Gurugram (North),North
ORD-13737,CUST-1530,2026-02-04,Respiratory Care,Compressor Nebulizer,5,2537.97,0.9,Debit Card,Delivered,Ramesh Rao,WH-Bhiwandi (West),West
ORD-13738,CUST-1931,2026-05-14,Respiratory Care,Portable Oxygen Concentrator (5L),2,42076.79,5.7,UPI,Returned,Anjali Nair,WH-Bengaluru (South),South
ORD-13739,CUST-1493,2026-01-29,Orthopedic & Mobility,Folding Lightweight Wheelchair,4,16933.29,1.3,Net Banking,Delivered,Priya Sharma,WH-Bengaluru (South),South
ORD-13740,CUST-1920,2026-07-06,Diagnostic & Monitoring,Stethoscope (Cardiology Grade),3,18933.41,14.2,UPI,Delivered,Ramesh Rao,WH-Bengaluru (South),South
ORD-13741,CUST-1736,2025-08-18,Surgical & Critical Care,Defibrillator & AED,4,4229.04,4.5,Credit Card,Cancelled,Vikram Patel,WH-Gurugram (North),North
ORD-13742,CUST-1274,2026-04-08,Orthopedic & Mobility,Folding Lightweight Wheelchair,3,15875.52,12.5,Net Banking,Processing,Vikram Patel,WH-Bhiwandi (West),West
ORD-13743,CUST-1825,2025-12-25,Infusion & Vascular,IV Cannula (18G-24G),2,25963.66,2.1,Net Banking,Cancelled,Vikram Patel,WH-Gurugram (North),North
ORD-13744,CUST-1940,2026-07-01,Diagnostic & Monitoring,Fetal Doppler Heart Rate Monitor,5,29338.33,1.6,Debit Card,Processing,Ramesh Rao,WH-Gurugram (North),North
ORD-13745,CUST-1459,2026-06-19,Home Healthcare,Digital Vein Finder,1,19779.98,2.0,UPI,Shipped,Vikram Patel,WH-Gurugram (North),North
ORD-13746,CUST-1122,2026-05-04,Diabetes Care,Insulin Pen Injector,5,2178.75,9.2,Net Banking,Delivered,Vikram Patel,WH-Gurugram (North),North
ORD-13747,CUST-1186,2026-06-16,Respiratory Care,BiPAP Machine,2,34032.66,2.7,COD,Returned,Priya Sharma,WH-Bhiwandi (West),West
ORD-13748,CUST-1973,2026-01-19,Diagnostic & Monitoring,Digital Blood Pressure Monitor,3,39805.47,0.8,Credit Card,Cancelled,Anjali Nair,WH-Bhiwandi (West),West
ORD-13749,CUST-1677,2026-03-18,Respiratory Care,BiPAP Machine,3,6610.06,7.3,Credit Card,Delivered,Anjali Nair,WH-Kolkata (East),East
ORD-13750,CUST-1677,2026-03-28,Orthopedic & Mobility,Cervical Traction Unit,4,22201.94,13.7,UPI,Cancelled,Anjali Nair,WH-Bhiwandi (West),West
ORD-13751,CUST-1662,2025-10-04,Sterilization & Lab,UV Sterilizer Box,1,34257.11,11.3,Credit Card,Delivered,Vikram Patel,WH-Bhiwandi (West),West
ORD-13752,CUST-1508,2025-08-12,Diabetes Care,Lancet Device,3,44254.13,14.2,Credit Card,Delivered,Vikram Patel,WH-Kolkata (East),East
ORD-13753,CUST-1944,2026-06-30,Home Healthcare,Digital Vein Finder,4,38585.57,3.3,UPI,Delivered,Anjali Nair,WH-Kolkata (East),East
ORD-13754,CUST-1258,2026-06-26,Diagnostic & Monitoring,Pulse Oximeter,1,34471.08,9.3,Credit Card,Delivered,Anjali Nair,WH-Gurugram (North),North
ORD-13755,CUST-1583,2024-12-30,Respiratory Care,Incentive Spirometer,1,12824.51,11.4,Credit Card,Shipped,Priya Sharma,WH-Gurugram (North),North
ORD-13756,CUST-1515,2025-04-26,Orthopedic & Mobility,TENS Physiotherapy Unit,4,19038.82,9.0,Debit Card,Processing,Sanjay Verma,WH-Gurugram (North),North
ORD-13757,CUST-1055,2025-11-25,Respiratory Care,High-Flow Nasal Cannula System,1,44622.74,2.9,Debit Card,Returned,Priya Sharma,WH-Bhiwandi (West),West
ORD-13758,CUST-1043,2025-11-06,Respiratory Care,Mesh Nebulizer,3,43818.34,2.9,Credit Card,Cancelled,Sanjay Verma,WH-Bengaluru (South),South
ORD-13759,CUST-1193,2026-05-10,Surgical & Critical Care,Electric Suction Apparatus,3,39114.45,14.2,UPI,Returned,Ramesh Rao,WH-Kolkata (East),East
ORD-13760,CUST-1692,2025-02-22,Respiratory Care,Suction Machine,5,8419.6,7.5,Credit Card,Cancelled,Vikram Patel,WH-Bhiwandi (West),West
ORD-13761,CUST-1737,2025-01-15,Diagnostic & Monitoring,Multi-Para Patient Monitor,4,27351.34,3.5,Net Banking,Cancelled,Sanjay Verma,WH-Bengaluru (South),South
ORD-13762,CUST-1764,2026-03-27,Diagnostic & Monitoring,Multi-Para Patient Monitor,4,41644.07,4.8,COD,Delivered,Priya Sharma,WH-Bengaluru (South),South
ORD-13763,CUST-1914,2025-11-25,Respiratory Care,High-Flow Nasal Cannula System,3,15302.88,1.4,Credit Card,Shipped,Ramesh Rao,WH-Gurugram (North),North
ORD-13764,CUST-1422,2026-02-08,Orthopedic & Mobility,Cervical Traction Unit,4,37039.05,2.4,Net Banking,Delivered,Ramesh Rao,WH-Bhiwandi (West),West
ORD-13765,CUST-1351,2026-01-14,Diabetes Care,Lancet Device,5,37511.84,7.4,Net Banking,Delivered,Vikram Patel,WH-Bengaluru (South),South
ORD-13766,CUST-1749,2025-06-24,Diagnostic & Monitoring,Digital Blood Pressure Monitor,2,41996.53,8.8,Net Banking,Returned,Ramesh Rao,WH-Gurugram (North),North
ORD-13767,CUST-1627,2026-07-14,Sterilization & Lab,Ultrasound Cleaner,1,29388.45,5.5,UPI,Returned,Ramesh Rao,WH-Kolkata (East),East
ORD-13768,CUST-1750,2025-03-09,Surgical & Critical Care,LED Surgical OT Light,4,22014.54,7.9,UPI,Processing,Anjali Nair,WH-Bengaluru (South),South
ORD-13769,CUST-1125,2026-07-18,Diagnostic & Monitoring,Vascular Doppler,3,8867.07,9.0,UPI,Returned,Sanjay Verma,WH-Bhiwandi (West),West
ORD-13770,CUST-1638,2026-06-07,Diagnostic & Monitoring,Stethoscope (Cardiology Grade),1,13762.61,5.6,Credit Card,Cancelled,Vikram Patel,WH-Gurugram (North),North
ORD-13771,CUST-1106,2026-01-25,Respiratory Care,BiPAP Machine,3,10097.7,11.3,Credit Card,Delivered,Vikram Patel,WH-Bhiwandi (West),West
ORD-13772,CUST-1284,2026-02-24,Diagnostic & Monitoring,Fetal Doppler Heart Rate Monitor,4,22319.8,5.6,Net Banking,Delivered,Sanjay Verma,WH-Gurugram (North),North
ORD-13773,CUST-1488,2026-06-27,Surgical & Critical Care,Defibrillator & AED,5,14310.56,10.6,Credit Card,Processing,Priya Sharma,WH-Bengaluru (South),South
ORD-13774,CUST-1295,2025-03-08,Home Healthcare,Peak Flow Meter,2,44276.97,0.4,Credit Card,Delivered,Priya Sharma,WH-Bengaluru (South),South
ORD-13775,CUST-1935,2026-02-17,Orthopedic & Mobility,Air Mattress for Bedsores,2,29074.31,9.4,Net Banking,Cancelled,Vikram Patel,WH-Bengaluru (South),South
ORD-13776,CUST-1899,2026-06-22,Orthopedic & Mobility,Walking Frame with Castors,2,20157.85,0.5,Debit Card,Delivered,Vikram Patel,WH-Bengaluru (South),South
ORD-13777,CUST-1490,2025-03-15,Surgical & Critical Care,Surgical Stapler,2,13196.13,13.3,Debit Card,Delivered,Priya Sharma,WH-Bengaluru (South),South
ORD-13778,CUST-1719,2026-07-22,Diagnostic & Monitoring,Multi-Para Patient Monitor,5,32833.49,4.2,UPI,Shipped,Ramesh Rao,WH-Gurugram (North),North
ORD-13779,CUST-1133,2026-04-23,Surgical & Critical Care,Laryngoscope Set,2,30347.04,8.3,Debit Card,Returned,Vikram Patel,WH-Kolkata (East),East
ORD-13780,CUST-1231,2026-02-01,Diagnostic & Monitoring,Stethoscope (Cardiology Grade),4,26734.97,10.5,Credit Card,Shipped,Vikram Patel,WH-Gurugram (North),North
ORD-13781,CUST-1725,2026-06-07,Diabetes Care,Blood Glucose Meter Kit,3,19812.65,13.3,Debit Card,Processing,Ramesh Rao,WH-Kolkata (East),East
ORD-13782,CUST-1424,2025-11-15,Respiratory Care,BiPAP Machine,2,1257.91,10.5,Credit Card,Delivered,Anjali Nair,WH-Bengaluru (South),South
ORD-13783,CUST-1725,2026-04-21,Orthopedic & Mobility,Walking Frame with Castors,5,36902.62,8.7,COD,Delivered,Ramesh Rao,WH-Kolkata (East),East
ORD-13784,CUST-1563,2025-04-27,Surgical & Critical Care,Laryngoscope Set,5,14835.04,2.8,Debit Card,Delivered,Sanjay Verma,WH-Gurugram (North),North
ORD-13785,CUST-1412,2026-07-01,Surgical & Critical Care,Laryngoscope Set,5,40064.58,10.8,UPI,Returned,Anjali Nair,WH-Bengaluru (South),South
ORD-13786,CUST-1086,2026-07-01,Surgical & Critical Care,Defibrillator & AED,5,35584.61,1.1,Net Banking,Returned,Priya Sharma,WH-Bengaluru (South),South
ORD-13787,CUST-1441,2025-12-29,Diagnostic & Monitoring,Capnograph Monitor,4,21235.99,8.0,Debit Card,Delivered,Sanjay Verma,WH-Bengaluru (South),South
ORD-13788,CUST-1551,2025-10-13,Surgical & Critical Care,Surgical Stapler,2,41166.13,5.7,Net Banking,Delivered,Vikram Patel,WH-Bengaluru (South),South
ORD-13789,CUST-1451,2026-07-01,Diagnostic & Monitoring,Digital Blood Pressure Monitor,4,27927.21,8.5,Credit Card,Delivered,Ramesh Rao,WH-Bhiwandi (West),West
ORD-13790,CUST-1735,2026-07-20,Home Healthcare,Peak Flow Meter,4,10550.28,4.9,COD,Delivered,Sanjay Verma,WH-Bhiwandi (West),West
ORD-13791,CUST-1983,2026-01-30,Diabetes Care,Insulin Pump,2,2892.68,11.6,UPI,Delivered,Vikram Patel,WH-Kolkata (East),East
ORD-13792,CUST-1859,2025-12-25,Diagnostic & Monitoring,Capnograph Monitor,1,37939.42,4.0,Net Banking,Returned,Ramesh Rao,WH-Bengaluru (South),South
ORD-13793,CUST-1687,2025-12-22,Home Healthcare,Digital Vein Finder,2,1091.49,7.4,COD,Delivered,Vikram Patel,WH-Bengaluru (South),South
ORD-13794,CUST-1505,2026-06-17,Surgical & Critical Care,Electric Suction Apparatus,4,38012.37,7.1,Credit Card,Delivered,Priya Sharma,WH-Gurugram (North),North
ORD-13795,CUST-1020,2026-07-08,Sterilization & Lab,Digital Centrifuge Machine,1,8512.56,6.4,COD,Delivered,Priya Sharma,WH-Bhiwandi (West),West
ORD-13796,CUST-1855,2025-12-25,Surgical & Critical Care,Surgical Stapler,2,38335.74,2.6,Credit Card,Delivered,Ramesh Rao,WH-Kolkata (East),East
ORD-13797,CUST-1819,2026-02-10,Infusion & Vascular,IV Cannula (18G-24G),5,31238.49,5.8,Credit Card,Returned,Ramesh Rao,WH-Kolkata (East),East
ORD-13798,CUST-1905,2025-11-07,Diagnostic & Monitoring,Stethoscope (Cardiology Grade),3,1525.53,14.4,Credit Card,Delivered,Vikram Patel,WH-Bengaluru (South),South
ORD-13799,CUST-1790,2026-02-26,Diagnostic & Monitoring,Stethoscope (Cardiology Grade),3,41381.38,5.9,UPI,Processing,Ramesh Rao,WH-Bengaluru (South),South
ORD-13800,CUST-1612,2026-06-14,Diagnostic & Monitoring,Vascular Doppler,2,14398.36,9.8,UPI,Returned,Vikram Patel,WH-Bhiwandi (West),West
ORD-13801,CUST-1587,2026-01-19,Diagnostic & Monitoring,Fetal Doppler Heart Rate Monitor,4,3962.32,6.2,COD,Cancelled,Anjali Nair,WH-Kolkata (East),East
ORD-13802,CUST-1095,2026-05-11,Surgical & Critical Care,Pulse Generator Pacemaker,3,40977.1,5.5,COD,Processing,Ramesh Rao,WH-Bengaluru (South),South
ORD-13803,CUST-1602,2026-05-20,Infusion & Vascular,Central Venous Catheter Kit,4,615.91,9.3,COD,Delivered,Priya Sharma,WH-Kolkata (East),East
ORD-13804,CUST-1928,2026-05-07,Orthopedic & Mobility,Air Mattress for Bedsores,1,15254.65,11.5,COD,Processing,Priya Sharma,WH-Gurugram (North),North
ORD-13805,CUST-1211,2026-01-29,Diagnostic & Monitoring,Digital Otoscope,4,29118.59,13.8,UPI,Cancelled,Anjali Nair,WH-Bengaluru (South),South
ORD-13806,CUST-1840,2026-07-18,Home Healthcare,Digital Vein Finder,3,2572.06,9.5,Debit Card,Processing,Anjali Nair,WH-Kolkata (East),East
ORD-13807,CUST-1074,2026-04-01,Orthopedic & Mobility,TENS Physiotherapy Unit,4,29539.31,3.0,COD,Delivered,Vikram Patel,WH-Kolkata (East),East
ORD-13808,CUST-1451,2026-07-07,Sterilization & Lab,Tabletop Steam Autoclave,5,17332.31,4.1,UPI,Delivered,Vikram Patel,WH-Bengaluru (South),South
ORD-13809,CUST-1599,2025-12-17,Diabetes Care,Blood Glucose Meter Kit,2,25319.29,10.3,Debit Card,Cancelled,Anjali Nair,WH-Gurugram (North),North
ORD-13810,CUST-1432,2025-11-01,Home Healthcare,Electric Heating Pad,3,25480.88,13.0,Credit Card,Delivered,Priya Sharma,WH-Bhiwandi (West),West
ORD-13811,CUST-1533,2025-07-31,Sterilization & Lab,UV Sterilizer Box,3,18047.36,10.0,Debit Card,Shipped,Vikram Patel,WH-Kolkata (East),East
ORD-13812,CUST-1084,2026-02-15,Surgical & Critical Care,Pulse Generator Pacemaker,4,18838.85,13.9,COD,Returned,Priya Sharma,WH-Bhiwandi (West),West
ORD-13813,CUST-1241,2025-08-28,Surgical & Critical Care,Defibrillator & AED,2,41926.07,0.3,Debit Card,Cancelled,Vikram Patel,WH-Kolkata (East),East
ORD-13814,CUST-1263,2025-12-10,Diagnostic & Monitoring,Continuous Glucose Monitor (CGM),2,18881.17,2.4,Credit Card,Delivered,Ramesh Rao,WH-Bhiwandi (West),West
ORD-13815,CUST-1102,2025-06-02,Diabetes Care,Lancet Device,5,42306.98,4.9,COD,Delivered,Priya Sharma,WH-Gurugram (North),North
ORD-13816,CUST-1438,2026-02-19,Infusion & Vascular,Central Venous Catheter Kit,4,44772.3,12.8,UPI,Shipped,Priya Sharma,WH-Kolkata (East),East
ORD-13817,CUST-1692,2026-02-08,Respiratory Care,Incentive Spirometer,3,27257.66,7.4,Credit Card,Processing,Vikram Patel,WH-Kolkata (East),East
ORD-13818,CUST-1257,2025-04-13,Infusion & Vascular,Central Venous Catheter Kit,4,44708.09,12.9,UPI,Delivered,Sanjay Verma,WH-Kolkata (East),East
ORD-13819,CUST-1081,2025-12-03,Respiratory Care,High-Flow Nasal Cannula System,2,37039.04,13.3,COD,Returned,Anjali Nair,WH-Bhiwandi (West),West
ORD-13820,CUST-1299,2025-12-26,Home Healthcare,Electric Heating Pad,3,33723.24,12.7,Net Banking,Delivered,Vikram Patel,WH-Gurugram (North),North
ORD-13821,CUST-1064,2026-06-17,Diagnostic & Monitoring,Continuous Glucose Monitor (CGM),5,34926.13,5.3,Debit Card,Shipped,Sanjay Verma,WH-Bengaluru (South),South
ORD-13822,CUST-1849,2026-02-19,Respiratory Care,Suction Machine,4,15742.62,12.6,Credit Card,Delivered,Ramesh Rao,WH-Gurugram (North),North
ORD-13823,CUST-1204,2025-11-07,Diagnostic & Monitoring,Digital Blood Pressure Monitor,5,41117.62,12.8,Credit Card,Delivered,Anjali Nair,WH-Kolkata (East),East
ORD-13824,CUST-1111,2026-01-11,Surgical & Critical Care,Anesthesia Workstation,3,8011.87,14.1,Net Banking,Delivered,Ramesh Rao,WH-Bengaluru (South),South
ORD-13825,CUST-1076,2026-06-01,Infusion & Vascular,Dialysis Catheter,3,1251.21,6.6,Credit Card,Returned,Sanjay Verma,WH-Gurugram (North),North
ORD-13826,CUST-1023,2026-05-11,Surgical & Critical Care,LED Surgical OT Light,2,38631.39,12.4,UPI,Cancelled,Priya Sharma,WH-Bhiwandi (West),West
ORD-13827,CUST-1485,2025-10-06,Respiratory Care,Incentive Spirometer,2,14400.62,7.5,Net Banking,Processing,Ramesh Rao,WH-Kolkata (East),East
ORD-13828,CUST-1020,2026-07-13,Respiratory Care,Suction Machine,4,31677.96,7.4,Debit Card,Cancelled,Ramesh Rao,WH-Gurugram (North),North
ORD-13829,CUST-1470,2026-01-08,Diagnostic & Monitoring,Single-Channel ECG Machine,4,11590.04,9.6,UPI,Processing,Sanjay Verma,WH-Kolkata (East),East
ORD-13830,CUST-1907,2026-06-19,Diagnostic & Monitoring,Capnograph Monitor,1,31536.55,0.2,Debit Card,Cancelled,Anjali Nair,WH-Gurugram (North),North
ORD-13831,CUST-1424,2026-01-25,Orthopedic & Mobility,Motorized Wheelchair,3,11504.0,0.3,UPI,Delivered,Vikram Patel,WH-Gurugram (North),North
ORD-13832,CUST-1053,2026-06-16,Sterilization & Lab,Tabletop Steam Autoclave,4,38013.94,1.7,Debit Card,Cancelled,Priya Sharma,WH-Bengaluru (South),South
ORD-13833,CUST-1628,2026-06-17,Respiratory Care,BiPAP Machine,5,31477.48,11.7,Net Banking,Delivered,Sanjay Verma,WH-Bengaluru (South),South
ORD-13834,CUST-1395,2026-07-16,Infusion & Vascular,IV Cannula (18G-24G),2,2017.49,6.0,Debit Card,Processing,Ramesh Rao,WH-Bengaluru (South),South
ORD-13835,CUST-1181,2025-07-19,Diabetes Care,Lancet Device,3,39526.1,9.9,Net Banking,Returned,Sanjay Verma,WH-Bhiwandi (West),West
ORD-13836,CUST-1055,2025-12-01,Diagnostic & Monitoring,Single-Channel ECG Machine,4,6491.19,11.7,Credit Card,Returned,Anjali Nair,WH-Gurugram (North),North
ORD-13837,CUST-1492,2026-05-29,Diagnostic & Monitoring,Capnograph Monitor,1,30991.39,4.6,Debit Card,Processing,Ramesh Rao,WH-Gurugram (North),North
ORD-13838,CUST-1822,2025-11-14,Orthopedic & Mobility,Motorized Wheelchair,1,7185.74,8.9,COD,Processing,Anjali Nair,WH-Kolkata (East),East
ORD-13839,CUST-1714,2025-07-12,Infusion & Vascular,Syringe Driver Pump,1,13273.21,7.2,Net Banking,Delivered,Sanjay Verma,WH-Bhiwandi (West),West
ORD-13840,CUST-1379,2026-07-12,Respiratory Care,Mesh Nebulizer,3,22415.47,12.6,UPI,Returned,Ramesh Rao,WH-Bhiwandi (West),West
ORD-13841,CUST-1998,2026-07-08,Respiratory Care,Incentive Spirometer,3,14786.97,8.1,Net Banking,Delivered,Vikram Patel,WH-Bengaluru (South),South
ORD-13842,CUST-1055,2025-09-11,Sterilization & Lab,Digital Centrifuge Machine,1,16736.1,13.2,Debit Card,Delivered,Sanjay Verma,WH-Gurugram (North),North
ORD-13843,CUST-1169,2025-08-16,Diagnostic & Monitoring,Digital Otoscope,2,37062.77,14.3,Credit Card,Delivered,Sanjay Verma,WH-Bhiwandi (West),West
ORD-13844,CUST-1682,2025-07-16,Respiratory Care,Suction Machine,2,5149.67,8.0,Credit Card,Delivered,Vikram Patel,WH-Gurugram (North),North
ORD-13845,CUST-1670,2026-07-11,Respiratory Care,Incentive Spirometer,4,17030.91,8.7,Debit Card,Cancelled,Ramesh Rao,WH-Bhiwandi (West),West
ORD-13846,CUST-1610,2026-05-27,Sterilization & Lab,Digital Centrifuge Machine,2,8469.5,1.9,UPI,Returned,Anjali Nair,WH-Bhiwandi (West),West
ORD-13847,CUST-1499,2026-02-05,Diagnostic & Monitoring,Vascular Doppler,1,15436.94,5.6,UPI,Processing,Ramesh Rao,WH-Bhiwandi (West),West
ORD-13848,CUST-1580,2026-04-01,Diagnostic & Monitoring,Stethoscope (Cardiology Grade),1,40722.98,11.4,Debit Card,Shipped,Anjali Nair,WH-Kolkata (East),East
ORD-13849,CUST-1727,2026-05-01,Surgical & Critical Care,Laryngoscope Set,5,16904.87,11.7,UPI,Delivered,Anjali Nair,WH-Kolkata (East),East
ORD-13850,CUST-1571,2025-12-08,Diagnostic & Monitoring,Fetal Doppler Heart Rate Monitor,4,12314.75,8.6,Credit Card,Cancelled,Priya Sharma,WH-Kolkata (East),East
ORD-13851,CUST-1128,2026-01-09,Surgical & Critical Care,Laryngoscope Set,4,6239.53,13.2,COD,Delivered,Vikram Patel,WH-Bengaluru (South),South
ORD-13852,CUST-1916,2026-06-30,Home Healthcare,Digital Vein Finder,5,23429.54,2.2,UPI,Processing,Ramesh Rao,WH-Bhiwandi (West),West
ORD-13853,CUST-1513,2025-06-20,Surgical & Critical Care,Surgical Stapler,3,26068.6,6.4,Debit Card,Processing,Priya Sharma,WH-Bengaluru (South),South
ORD-13854,CUST-1502,2026-03-06,Infusion & Vascular,Volumetric Infusion Pump,1,40136.31,8.3,UPI,Processing,Sanjay Verma,WH-Gurugram (North),North
ORD-13855,CUST-1414,2024-12-08,Respiratory Care,Portable Oxygen Concentrator (5L),5,5771.79,13.5,Credit Card,Delivered,Vikram Patel,WH-Gurugram (North),North
ORD-13856,CUST-1467,2024-11-13,Orthopedic & Mobility,Air Mattress for Bedsores,1,43042.51,2.9,Debit Card,Returned,Sanjay Verma,WH-Gurugram (North),North
ORD-13857,CUST-1089,2026-04-28,Diagnostic & Monitoring,Vascular Doppler,5,26521.02,8.3,Net Banking,Cancelled,Ramesh Rao,WH-Gurugram (North),North
ORD-13858,CUST-1549,2026-06-16,Home Healthcare,Digital Vein Finder,5,23547.37,6.7,Credit Card,Delivered,Anjali Nair,WH-Gurugram (North),North
ORD-13859,CUST-1038,2026-06-27,Orthopedic & Mobility,Air Mattress for Bedsores,4,14022.84,4.9,UPI,Delivered,Anjali Nair,WH-Bhiwandi (West),West
ORD-13860,CUST-1636,2026-07-07,Surgical & Critical Care,Defibrillator & AED,4,41002.92,14.7,Credit Card,Shipped,Anjali Nair,WH-Bhiwandi (West),West
ORD-13861,CUST-1141,2025-04-06,Infusion & Vascular,Syringe Driver Pump,3,8173.71,1.0,UPI,Delivered,Sanjay Verma,WH-Bengaluru (South),South
ORD-13862,CUST-1880,2025-11-23,Diagnostic & Monitoring,Single-Channel ECG Machine,1,38481.12,9.4,COD,Processing,Anjali Nair,WH-Bhiwandi (West),West
ORD-13863,CUST-1523,2026-04-01,Surgical & Critical Care,Laryngoscope Set,1,29592.26,13.4,Credit Card,Cancelled,Ramesh Rao,WH-Bengaluru (South),South
ORD-13864,CUST-1298,2026-06-24,Orthopedic & Mobility,Walking Frame with Castors,2,41910.31,3.0,UPI,Processing,Anjali Nair,WH-Bhiwandi (West),West
ORD-13865,CUST-1004,2026-05-29,Home Healthcare,Peak Flow Meter,1,13493.1,4.3,COD,Delivered,Sanjay Verma,WH-Bengaluru (South),South
ORD-13866,CUST-1961,2025-08-29,Infusion & Vascular,Syringe Driver Pump,4,34905.84,14.3,Debit Card,Delivered,Sanjay Verma,WH-Bhiwandi (West),West
ORD-13867,CUST-1107,2025-01-03,Orthopedic & Mobility,TENS Physiotherapy Unit,4,42795.82,5.7,COD,Delivered,Vikram Patel,WH-Bhiwandi (West),West
ORD-13868,CUST-1230,2026-04-10,Diagnostic & Monitoring,Capnograph Monitor,4,928.5,12.6,Net Banking,Delivered,Ramesh Rao,WH-Bhiwandi (West),West
ORD-13869,CUST-1124,2025-11-18,Diabetes Care,Insulin Pen Injector,1,21391.76,5.5,Net Banking,Processing,Vikram Patel,WH-Bengaluru (South),South
ORD-13870,CUST-1306,2026-06-29,Sterilization & Lab,Ultrasound Cleaner,2,37455.99,14.4,Debit Card,Shipped,Anjali Nair,WH-Kolkata (East),East
ORD-13871,CUST-1284,2025-01-07,Diagnostic & Monitoring,Vascular Doppler,3,16360.18,9.3,Credit Card,Returned,Anjali Nair,WH-Kolkata (East),East
ORD-13872,CUST-1599,2025-04-28,Orthopedic & Mobility,Folding Lightweight Wheelchair,2,32065.51,11.0,COD,Delivered,Ramesh Rao,WH-Bhiwandi (West),West
ORD-13873,CUST-1875,2025-12-19,Surgical & Critical Care,Laryngoscope Set,2,24818.39,0.6,Net Banking,Processing,Priya Sharma,WH-Bengaluru (South),South
ORD-13874,CUST-1960,2026-03-09,Home Healthcare,Digital Vein Finder,3,24833.5,1.3,Debit Card,Delivered,Ramesh Rao,WH-Gurugram (North),North
ORD-13875,CUST-1475,2026-07-15,Surgical & Critical Care,Surgical Stapler,3,1065.92,5.4,UPI,Returned,Anjali Nair,WH-Kolkata (East),East
ORD-13876,CUST-1891,2026-04-07,Surgical & Critical Care,Pulse Generator Pacemaker,3,38082.83,13.9,Debit Card,Returned,Vikram Patel,WH-Gurugram (North),North
ORD-13877,CUST-1008,2025-05-25,Diabetes Care,Lancet Device,3,21622.15,10.4,Debit Card,Delivered,Priya Sharma,WH-Kolkata (East),East
ORD-13878,CUST-1414,2026-02-03,Surgical & Critical Care,Surgical Stapler,4,19676.16,8.0,COD,Delivered,Ramesh Rao,WH-Gurugram (North),North
ORD-13879,CUST-1643,2026-01-02,Diagnostic & Monitoring,Fetal Doppler Heart Rate Monitor,2,22270.88,11.3,UPI,Processing,Sanjay Verma,WH-Bhiwandi (West),West
ORD-13880,CUST-1338,2026-07-21,Surgical & Critical Care,Surgical Electrocautery Unit,5,43947.83,13.4,COD,Cancelled,Sanjay Verma,WH-Bengaluru (South),South
ORD-13881,CUST-1892,2026-05-18,Surgical & Critical Care,Defibrillator & AED,3,28081.58,12.8,Debit Card,Returned,Priya Sharma,WH-Bhiwandi (West),West
ORD-13882,CUST-1328,2026-03-26,Diabetes Care,Insulin Pump,1,17456.9,10.7,Net Banking,Returned,Priya Sharma,WH-Bengaluru (South),South
ORD-13883,CUST-1702,2026-07-05,Surgical & Critical Care,Anesthesia Workstation,2,18772.28,1.6,Debit Card,Shipped,Ramesh Rao,WH-Bengaluru (South),South
ORD-13884,CUST-1546,2026-04-15,Diabetes Care,Blood Glucose Meter Kit,5,11360.45,11.3,Debit Card,Delivered,Anjali Nair,WH-Kolkata (East),East
ORD-13885,CUST-1863,2026-06-09,Sterilization & Lab,Tabletop Steam Autoclave,3,27058.9,14.7,UPI,Returned,Ramesh Rao,WH-Kolkata (East),East
ORD-13886,CUST-1380,2025-11-18,Sterilization & Lab,Digital Centrifuge Machine,2,11036.23,4.4,COD,Delivered,Anjali Nair,WH-Bhiwandi (West),West
ORD-13887,CUST-1015,2026-02-18,Respiratory Care,Suction Machine,4,14173.07,5.7,Credit Card,Shipped,Sanjay Verma,WH-Gurugram (North),North
ORD-13888,CUST-1336,2025-07-25,Diabetes Care,Blood Glucose Meter Kit,3,1529.82,0.5,UPI,Delivered,Sanjay Verma,WH-Bhiwandi (West),West
ORD-13889,CUST-1211,2026-06-23,Diagnostic & Monitoring,Fetal Doppler Heart Rate Monitor,3,8422.27,3.7,UPI,Delivered,Priya Sharma,WH-Bhiwandi (West),West
ORD-13890,CUST-1097,2026-03-19,Diagnostic & Monitoring,Fetal Doppler Heart Rate Monitor,1,10260.02,8.4,Net Banking,Processing,Ramesh Rao,WH-Kolkata (East),East
ORD-13891,CUST-1236,2026-01-31,Diagnostic & Monitoring,Digital Spirometer,2,6805.64,13.6,Net Banking,Returned,Vikram Patel,WH-Kolkata (East),East
ORD-13892,CUST-1101,2026-07-02,Surgical & Critical Care,Electric Suction Apparatus,3,30977.98,10.3,Debit Card,Shipped,Priya Sharma,WH-Kolkata (East),East
ORD-13893,CUST-1341,2025-07-18,Diagnostic & Monitoring,Multi-Para Patient Monitor,4,43182.91,9.0,UPI,Delivered,Ramesh Rao,WH-Bhiwandi (West),West
ORD-13894,CUST-1367,2026-01-29,Diabetes Care,Lancet Device,2,23791.19,13.9,Debit Card,Delivered,Sanjay Verma,WH-Bengaluru (South),South
ORD-13895,CUST-1331,2025-12-18,Diagnostic & Monitoring,Fetal Doppler Heart Rate Monitor,4,32665.2,9.2,Credit Card,Cancelled,Priya Sharma,WH-Bhiwandi (West),West
ORD-13896,CUST-1930,2026-05-22,Diagnostic & Monitoring,Continuous Glucose Monitor (CGM),4,5436.13,1.3,Net Banking,Delivered,Sanjay Verma,WH-Bhiwandi (West),West
ORD-13897,CUST-1309,2025-08-21,Diabetes Care,Insulin Pump,5,27193.26,1.4,COD,Delivered,Anjali Nair,WH-Bhiwandi (West),West
ORD-13898,CUST-1840,2026-06-04,Diagnostic & Monitoring,Digital Spirometer,5,22269.27,5.0,Credit Card,Processing,Sanjay Verma,WH-Gurugram (North),North
ORD-13899,CUST-1136,2024-12-21,Infusion & Vascular,IV Cannula (18G-24G),1,33138.98,14.4,COD,Returned,Vikram Patel,WH-Bhiwandi (West),West
ORD-13900,CUST-1549,2025-11-30,Surgical & Critical Care,Electric Suction Apparatus,4,30272.65,9.4,UPI,Delivered,Anjali Nair,WH-Gurugram (North),North
ORD-13901,CUST-1972,2026-07-22,Diagnostic & Monitoring,Digital Spirometer,1,763.46,13.6,UPI,Delivered,Ramesh Rao,WH-Bengaluru (South),South
ORD-13902,CUST-1784,2026-04-03,Respiratory Care,High-Flow Nasal Cannula System,4,38803.92,4.8,COD,Shipped,Vikram Patel,WH-Kolkata (East),East
ORD-13903,CUST-1898,2026-03-21,Home Healthcare,Peak Flow Meter,5,13976.41,7.7,Credit Card,Returned,Anjali Nair,WH-Bengaluru (South),South
ORD-13904,CUST-1140,2026-02-04,Respiratory Care,Suction Machine,5,790.4,9.2,Credit Card,Shipped,Sanjay Verma,WH-Bhiwandi (West),West
ORD-13905,CUST-1372,2025-01-07,Diagnostic & Monitoring,Fetal Doppler Heart Rate Monitor,3,29088.68,11.3,Credit Card,Processing,Anjali Nair,WH-Bengaluru (South),South
ORD-13906,CUST-1946,2026-07-20,Surgical & Critical Care,Surgical Stapler,5,13229.12,7.3,Debit Card,Shipped,Anjali Nair,WH-Kolkata (East),East
ORD-13907,CUST-1663,2026-06-07,Sterilization & Lab,UV Sterilizer Box,1,20734.28,1.3,Debit Card,Processing,Vikram Patel,WH-Bhiwandi (West),West
ORD-13908,CUST-1228,2025-11-19,Diagnostic & Monitoring,Continuous Glucose Monitor (CGM),3,28719.0,1.6,COD,Shipped,Anjali Nair,WH-Gurugram (North),North
ORD-13909,CUST-1265,2026-05-31,Respiratory Care,Suction Machine,3,16666.89,4.5,Credit Card,Cancelled,Sanjay Verma,WH-Kolkata (East),East
ORD-13910,CUST-1379,2026-06-04,Diabetes Care,Blood Glucose Meter Kit,5,15914.12,5.6,Net Banking,Delivered,Sanjay Verma,WH-Gurugram (North),North
ORD-13911,CUST-1258,2026-01-19,Respiratory Care,Portable Oxygen Concentrator (5L),2,34459.32,1.2,Credit Card,Delivered,Vikram Patel,WH-Bengaluru (South),South
ORD-13912,CUST-1383,2026-03-14,Surgical & Critical Care,Surgical Electrocautery Unit,4,24804.19,13.2,Net Banking,Delivered,Vikram Patel,WH-Kolkata (East),East
ORD-13913,CUST-1885,2026-07-17,Surgical & Critical Care,Surgical Electrocautery Unit,1,39654.66,12.1,Debit Card,Cancelled,Ramesh Rao,WH-Bhiwandi (West),West
ORD-13914,CUST-1789,2025-03-19,Sterilization & Lab,Digital Centrifuge Machine,4,17100.64,1.2,Credit Card,Shipped,Anjali Nair,WH-Gurugram (North),North
ORD-13915,CUST-1045,2026-01-14,Respiratory Care,Incentive Spirometer,4,31343.64,12.1,Debit Card,Cancelled,Priya Sharma,WH-Gurugram (North),North
ORD-13916,CUST-1368,2026-05-23,Diagnostic & Monitoring,Fetal Doppler Heart Rate Monitor,1,42739.96,2.3,UPI,Delivered,Sanjay Verma,WH-Gurugram (North),North
ORD-13917,CUST-1277,2026-03-12,Infusion & Vascular,Dialysis Catheter,2,33737.36,12.7,Debit Card,Delivered,Priya Sharma,WH-Gurugram (North),North
ORD-13918,CUST-1690,2026-07-17,Respiratory Care,High-Flow Nasal Cannula System,1,15232.31,4.4,Credit Card,Delivered,Ramesh Rao,WH-Gurugram (North),North
ORD-13919,CUST-1381,2026-06-13,Diagnostic & Monitoring,Digital Blood Pressure Monitor,5,14818.93,1.6,COD,Delivered,Anjali Nair,WH-Gurugram (North),North
ORD-13920,CUST-1808,2025-12-08,Surgical & Critical Care,LED Surgical OT Light,1,41681.3,0.5,Debit Card,Delivered,Anjali Nair,WH-Bengaluru (South),South
ORD-13921,CUST-1234,2024-10-11,Respiratory Care,Auto CPAP Machine,3,33308.44,8.4,Debit Card,Cancelled,Anjali Nair,WH-Gurugram (North),North
ORD-13922,CUST-1616,2026-01-24,Surgical & Critical Care,Surgical Stapler,4,30322.98,12.1,Net Banking,Delivered,Anjali Nair,WH-Bengaluru (South),South
ORD-13923,CUST-1210,2025-10-30,Diagnostic & Monitoring,Digital Blood Pressure Monitor,4,7368.28,11.3,COD,Shipped,Sanjay Verma,WH-Bengaluru (South),South
ORD-13924,CUST-1294,2026-02-13,Surgical & Critical Care,Defibrillator & AED,4,22673.16,4.9,COD,Returned,Priya Sharma,WH-Bengaluru (South),South
ORD-13925,CUST-1452,2025-04-09,Diabetes Care,Lancet Device,2,22432.37,10.1,Net Banking,Delivered,Vikram Patel,WH-Gurugram (North),North
ORD-13926,CUST-1061,2026-07-19,Sterilization & Lab,Tabletop Steam Autoclave,3,5296.48,7.8,Credit Card,Delivered,Sanjay Verma,WH-Bengaluru (South),South
ORD-13927,CUST-1707,2025-11-21,Diagnostic & Monitoring,Pulse Oximeter,1,33031.83,5.3,COD,Returned,Vikram Patel,WH-Bhiwandi (West),West
ORD-13928,CUST-1677,2026-01-30,Diagnostic & Monitoring,Capnograph Monitor,4,33090.19,0.1,COD,Processing,Anjali Nair,WH-Bhiwandi (West),West
ORD-13929,CUST-1901,2026-05-13,Orthopedic & Mobility,Walking Frame with Castors,1,23431.54,11.9,COD,Cancelled,Sanjay Verma,WH-Bhiwandi (West),West
ORD-13930,CUST-1236,2026-06-26,Orthopedic & Mobility,Folding Lightweight Wheelchair,1,12608.29,13.9,COD,Processing,Anjali Nair,WH-Bengaluru (South),South
ORD-13931,CUST-1101,2026-06-22,Diagnostic & Monitoring,Multi-Para Patient Monitor,1,18969.24,7.4,Net Banking,Processing,Ramesh Rao,WH-Bhiwandi (West),West
ORD-13932,CUST-1251,2026-07-03,Home Healthcare,Digital Vein Finder,1,34956.95,0.4,COD,Cancelled,Priya Sharma,WH-Gurugram (North),North
ORD-13933,CUST-1710,2026-01-12,Surgical & Critical Care,Defibrillator & AED,1,24949.08,10.5,Debit Card,Returned,Vikram Patel,WH-Bhiwandi (West),West
ORD-13934,CUST-1182,2026-01-27,Diabetes Care,Lancet Device,5,35197.03,13.9,Debit Card,Processing,Sanjay Verma,WH-Gurugram (North),North
ORD-13935,CUST-1878,2026-03-13,Diabetes Care,Blood Glucose Meter Kit,2,37888.61,3.2,COD,Returned,Vikram Patel,WH-Kolkata (East),East
ORD-13936,CUST-1119,2025-06-10,Diagnostic & Monitoring,Capnograph Monitor,3,20801.95,11.7,Debit Card,Cancelled,Ramesh Rao,WH-Gurugram (North),North
ORD-13937,CUST-1470,2026-06-23,Infusion & Vascular,IV Cannula (18G-24G),4,22053.86,8.5,COD,Processing,Vikram Patel,WH-Kolkata (East),East
ORD-13938,CUST-1971,2026-02-19,Diagnostic & Monitoring,Digital Spirometer,5,24910.92,4.4,Credit Card,Cancelled,Vikram Patel,WH-Gurugram (North),North
ORD-13939,CUST-1269,2026-06-15,Sterilization & Lab,Digital Centrifuge Machine,1,29019.71,9.4,COD,Shipped,Vikram Patel,WH-Bengaluru (South),South
ORD-13940,CUST-1128,2025-02-26,Diabetes Care,Insulin Pen Injector,5,23973.9,11.9,Credit Card,Shipped,Sanjay Verma,WH-Bengaluru (South),South
ORD-13941,CUST-1291,2026-07-19,Surgical & Critical Care,Surgical Stapler,1,14021.92,5.6,UPI,Shipped,Ramesh Rao,WH-Gurugram (North),North
ORD-13942,CUST-1496,2026-01-29,Surgical & Critical Care,Surgical Stapler,3,10501.15,9.6,UPI,Returned,Ramesh Rao,WH-Bengaluru (South),South
ORD-13943,CUST-1899,2026-05-24,Surgical & Critical Care,Surgical Electrocautery Unit,2,41967.07,2.8,COD,Shipped,Vikram Patel,WH-Bengaluru (South),South
ORD-13944,CUST-1999,2026-01-14,Diagnostic & Monitoring,Pulse Oximeter,2,26689.53,11.7,Net Banking,Cancelled,Priya Sharma,WH-Gurugram (North),North
ORD-13945,CUST-1107,2025-10-19,Respiratory Care,Auto CPAP Machine,1,9543.12,1.4,Credit Card,Delivered,Priya Sharma,WH-Bengaluru (South),South
ORD-13946,CUST-1855,2026-05-25,Diabetes Care,Insulin Pump,2,12793.81,7.6,Credit Card,Cancelled,Sanjay Verma,WH-Bengaluru (South),South
ORD-13947,CUST-1202,2026-07-15,Respiratory Care,Mesh Nebulizer,1,43958.41,12.9,Net Banking,Cancelled,Ramesh Rao,WH-Gurugram (North),North
ORD-13948,CUST-1893,2026-01-21,Respiratory Care,BiPAP Machine,5,25627.23,1.4,COD,Delivered,Ramesh Rao,WH-Gurugram (North),North
ORD-13949,CUST-1459,2026-06-17,Diagnostic & Monitoring,Fetal Doppler Heart Rate Monitor,4,2221.91,11.8,COD,Processing,Anjali Nair,WH-Bengaluru (South),South
ORD-13950,CUST-1458,2026-06-11,Diabetes Care,Insulin Pen Injector,3,17729.32,5.0,UPI,Returned,Ramesh Rao,WH-Bengaluru (South),South
ORD-13951,CUST-1722,2026-06-30,Orthopedic & Mobility,Walking Frame with Castors,4,31484.41,9.2,Debit Card,Delivered,Priya Sharma,WH-Gurugram (North),North
ORD-13952,CUST-1559,2025-08-07,Diagnostic & Monitoring,Vascular Doppler,4,11869.92,9.2,COD,Cancelled,Sanjay Verma,WH-Kolkata (East),East
ORD-13953,CUST-1749,2026-03-08,Surgical & Critical Care,Pulse Generator Pacemaker,4,25390.94,7.9,Credit Card,Delivered,Vikram Patel,WH-Gurugram (North),North
ORD-13954,CUST-1068,2025-07-14,Diabetes Care,Insulin Pen Injector,1,27069.03,6.4,Debit Card,Returned,Ramesh Rao,WH-Bengaluru (South),South
ORD-13955,CUST-1878,2026-06-30,Diagnostic & Monitoring,Fetal Doppler Heart Rate Monitor,2,26716.03,0.2,Credit Card,Delivered,Vikram Patel,WH-Bengaluru (South),South
ORD-13956,CUST-1643,2025-01-23,Orthopedic & Mobility,Motorized Wheelchair,4,23707.56,9.6,COD,Returned,Ramesh Rao,WH-Kolkata (East),East
ORD-13957,CUST-1631,2025-11-15,Diagnostic & Monitoring,Pulse Oximeter,1,6199.99,13.0,Net Banking,Returned,Anjali Nair,WH-Bengaluru (South),South
ORD-13958,CUST-1746,2026-02-08,Diabetes Care,Insulin Pump,1,28916.79,8.3,COD,Delivered,Vikram Patel,WH-Bhiwandi (West),West
ORD-13959,CUST-1415,2026-05-11,Infusion & Vascular,Central Venous Catheter Kit,1,19093.18,4.7,Credit Card,Delivered,Vikram Patel,WH-Bengaluru (South),South
ORD-13960,CUST-1979,2025-03-13,Infusion & Vascular,Central Venous Catheter Kit,1,34002.68,14.8,Credit Card,Processing,Anjali Nair,WH-Kolkata (East),East
ORD-13961,CUST-1582,2026-04-27,Diabetes Care,Insulin Pump,1,12584.39,10.2,UPI,Delivered,Ramesh Rao,WH-Kolkata (East),East
ORD-13962,CUST-1326,2026-05-03,Home Healthcare,Digital Vein Finder,4,23133.65,2.6,COD,Shipped,Vikram Patel,WH-Bengaluru (South),South
ORD-13963,CUST-1368,2025-10-31,Respiratory Care,Compressor Nebulizer,4,40216.83,11.4,Debit Card,Delivered,Anjali Nair,WH-Bengaluru (South),South
ORD-13964,CUST-1889,2024-12-03,Surgical & Critical Care,Surgical Stapler,5,11667.6,1.5,COD,Shipped,Vikram Patel,WH-Kolkata (East),East
ORD-13965,CUST-1546,2025-06-24,Infusion & Vascular,Syringe Driver Pump,2,16032.24,12.6,Debit Card,Shipped,Priya Sharma,WH-Gurugram (North),North
ORD-13966,CUST-1407,2026-07-13,Diagnostic & Monitoring,Pulse Oximeter,4,19174.15,6.7,Credit Card,Shipped,Sanjay Verma,WH-Bengaluru (South),South
ORD-13967,CUST-1678,2026-07-21,Diagnostic & Monitoring,Vascular Doppler,1,41072.07,3.6,Debit Card,Delivered,Anjali Nair,WH-Kolkata (East),East
ORD-13968,CUST-1361,2025-11-20,Sterilization & Lab,Digital Centrifuge Machine,4,28209.18,6.8,UPI,Delivered,Ramesh Rao,WH-Bhiwandi (West),West
ORD-13969,CUST-1184,2025-12-19,Surgical & Critical Care,Surgical Electrocautery Unit,3,24562.96,12.5,UPI,Delivered,Ramesh Rao,WH-Bengaluru (South),South
ORD-13970,CUST-1320,2026-07-19,Diabetes Care,Insulin Pen Injector,4,25189.37,6.1,COD,Delivered,Vikram Patel,WH-Bengaluru (South),South
ORD-13971,CUST-1273,2026-05-10,Respiratory Care,Incentive Spirometer,2,23389.4,7.5,COD,Returned,Sanjay Verma,WH-Kolkata (East),East
ORD-13972,CUST-1803,2026-05-23,Diabetes Care,Insulin Pen Injector,2,12382.03,2.0,Net Banking,Delivered,Ramesh Rao,WH-Kolkata (East),East
ORD-13973,CUST-1763,2025-05-11,Diagnostic & Monitoring,Pulse Oximeter,1,10826.74,3.0,Credit Card,Delivered,Sanjay Verma,WH-Gurugram (North),North
ORD-13974,CUST-1221,2026-05-06,Respiratory Care,BiPAP Machine,1,1335.85,5.0,Net Banking,Cancelled,Ramesh Rao,WH-Bhiwandi (West),West
ORD-13975,CUST-1336,2025-10-13,Diabetes Care,Blood Glucose Meter Kit,3,37937.78,8.0,Credit Card,Returned,Vikram Patel,WH-Bengaluru (South),South
ORD-13976,CUST-1724,2026-04-25,Sterilization & Lab,UV Sterilizer Box,4,3197.78,14.9,UPI,Delivered,Priya Sharma,WH-Gurugram (North),North
ORD-13977,CUST-1699,2025-10-24,Orthopedic & Mobility,TENS Physiotherapy Unit,1,35102.0,9.8,Net Banking,Returned,Ramesh Rao,WH-Bhiwandi (West),West
ORD-13978,CUST-1020,2026-07-15,Infusion & Vascular,Central Venous Catheter Kit,4,36658.54,6.9,Credit Card,Delivered,Vikram Patel,WH-Bengaluru (South),South
ORD-13979,CUST-1391,2026-07-03,Orthopedic & Mobility,Walking Frame with Castors,4,38503.79,14.0,Net Banking,Delivered,Priya Sharma,WH-Bhiwandi (West),West
ORD-13980,CUST-1182,2026-01-18,Infusion & Vascular,Volumetric Infusion Pump,3,43200.11,9.8,UPI,Shipped,Ramesh Rao,WH-Gurugram (North),North
ORD-13981,CUST-1784,2026-04-28,Diagnostic & Monitoring,Digital Spirometer,4,2330.21,13.5,Net Banking,Shipped,Vikram Patel,WH-Kolkata (East),East
ORD-13982,CUST-1683,2026-04-18,Diabetes Care,Insulin Pump,3,1550.48,9.1,Credit Card,Processing,Vikram Patel,WH-Gurugram (North),North
ORD-13983,CUST-1533,2026-04-11,Respiratory Care,Suction Machine,5,21259.56,5.6,Net Banking,Delivered,Sanjay Verma,WH-Kolkata (East),East
ORD-13984,CUST-1216,2026-05-03,Home Healthcare,Peak Flow Meter,3,4570.92,13.0,COD,Returned,Priya Sharma,WH-Bengaluru (South),South
ORD-13985,CUST-1085,2026-02-25,Diagnostic & Monitoring,Continuous Glucose Monitor (CGM),1,44718.22,10.0,Credit Card,Delivered,Priya Sharma,WH-Bhiwandi (West),West
ORD-13986,CUST-1185,2026-06-07,Diagnostic & Monitoring,Fetal Doppler Heart Rate Monitor,3,16275.97,13.7,Debit Card,Processing,Anjali Nair,WH-Bengaluru (South),South
ORD-13987,CUST-1335,2026-06-28,Home Healthcare,Electric Heating Pad,1,37276.9,13.5,Credit Card,Delivered,Anjali Nair,WH-Bhiwandi (West),West
ORD-13988,CUST-1516,2026-07-16,Diabetes Care,Insulin Pump,5,39289.55,8.4,COD,Returned,Sanjay Verma,WH-Gurugram (North),North
ORD-13989,CUST-1264,2026-07-17,Surgical & Critical Care,Surgical Stapler,1,38158.96,7.0,Debit Card,Cancelled,Vikram Patel,WH-Bhiwandi (West),West
ORD-13990,CUST-1428,2025-10-19,Diagnostic & Monitoring,Digital Otoscope,3,44808.29,14.5,UPI,Delivered,Anjali Nair,WH-Kolkata (East),East
ORD-13991,CUST-1320,2026-03-28,Diagnostic & Monitoring,Vascular Doppler,1,30871.21,10.0,Debit Card,Cancelled,Sanjay Verma,WH-Bhiwandi (West),West
ORD-13992,CUST-1664,2026-04-22,Diagnostic & Monitoring,Single-Channel ECG Machine,5,29627.67,1.0,UPI,Cancelled,Anjali Nair,WH-Kolkata (East),East
ORD-13993,CUST-1844,2026-07-12,Diagnostic & Monitoring,Fetal Doppler Heart Rate Monitor,4,9189.02,2.2,Credit Card,Delivered,Priya Sharma,WH-Bengaluru (South),South
ORD-13994,CUST-1409,2026-06-20,Diabetes Care,Lancet Device,1,12216.88,6.0,UPI,Returned,Ramesh Rao,WH-Bengaluru (South),South
ORD-13995,CUST-1459,2026-04-10,Diagnostic & Monitoring,Vascular Doppler,2,18347.83,14.3,Credit Card,Processing,Priya Sharma,WH-Bhiwandi (West),West
ORD-13996,CUST-1697,2026-03-16,Infusion & Vascular,IV Cannula (18G-24G),5,43671.36,9.8,Credit Card,Delivered,Priya Sharma,WH-Bengaluru (South),South
ORD-13997,CUST-1950,2026-05-28,Respiratory Care,High-Flow Nasal Cannula System,3,13852.19,12.9,COD,Processing,Priya Sharma,WH-Kolkata (East),East
ORD-13998,CUST-1332,2025-07-31,Surgical & Critical Care,Surgical Electrocautery Unit,5,15286.13,7.0,Debit Card,Delivered,Sanjay Verma,WH-Bhiwandi (West),West
ORD-13999,CUST-1365,2025-04-08,Sterilization & Lab,Digital Centrifuge Machine,2,2265.56,10.2,Net Banking,Processing,Ramesh Rao,WH-Bengaluru (South),South
ORD-14000,CUST-1192,2025-08-27,Home Healthcare,Peak Flow Meter,2,10011.44,10.3,COD,Cancelled,Vikram Patel,WH-Kolkata (East),East
ORD-14001,CUST-1620,2025-07-21,Orthopedic & Mobility,Folding Lightweight Wheelchair,4,21570.66,4.7,COD,Processing,Vikram Patel,WH-Bengaluru (South),South
ORD-14002,CUST-1870,2026-05-22,Diagnostic & Monitoring,Fetal Doppler Heart Rate Monitor,3,43855.58,8.4,Net Banking,Delivered,Vikram Patel,WH-Bengaluru (South),South
ORD-14003,CUST-1999,2026-05-22,Respiratory Care,Portable Oxygen Concentrator (5L),3,6094.7,3.5,Credit Card,Processing,Anjali Nair,WH-Kolkata (East),East
ORD-14004,CUST-1070,2026-07-07,Respiratory Care,High-Flow Nasal Cannula System,2,24441.96,10.2,COD,Returned,Vikram Patel,WH-Bengaluru (South),South
ORD-14005,CUST-1594,2026-07-22,Respiratory Care,Suction Machine,3,36765.7,0.6,UPI,Delivered,Priya Sharma,WH-Gurugram (North),North
ORD-14006,CUST-1925,2026-04-23,Surgical & Critical Care,Laryngoscope Set,2,36603.37,1.6,COD,Returned,Vikram Patel,WH-Bengaluru (South),South
ORD-14007,CUST-1430,2026-04-29,Orthopedic & Mobility,Motorized Wheelchair,1,5224.07,10.4,Net Banking,Returned,Sanjay Verma,WH-Gurugram (North),North
ORD-14008,CUST-1986,2025-11-09,Diagnostic & Monitoring,Digital Blood Pressure Monitor,3,39078.28,4.1,Credit Card,Processing,Anjali Nair,WH-Bengaluru (South),South
ORD-14009,CUST-1598,2026-02-22,Infusion & Vascular,Volumetric Infusion Pump,2,39573.79,1.9,Net Banking,Cancelled,Ramesh Rao,WH-Kolkata (East),East
ORD-14010,CUST-1223,2026-07-09,Sterilization & Lab,Tabletop Steam Autoclave,3,13215.14,0.6,Credit Card,Returned,Ramesh Rao,WH-Kolkata (East),East
ORD-14011,CUST-1760,2025-12-13,Diabetes Care,Blood Glucose Meter Kit,1,2995.66,0.2,COD,Shipped,Vikram Patel,WH-Bhiwandi (West),West
ORD-14012,CUST-1143,2025-07-12,Respiratory Care,Incentive Spirometer,5,8000.94,9.6,Debit Card,Delivered,Priya Sharma,WH-Kolkata (East),East
ORD-14013,CUST-1721,2025-03-11,Diagnostic & Monitoring,Digital Blood Pressure Monitor,4,27445.41,7.5,Net Banking,Delivered,Anjali Nair,WH-Kolkata (East),East
ORD-14014,CUST-1899,2025-11-28,Orthopedic & Mobility,Walking Frame with Castors,1,15823.97,10.2,Credit Card,Processing,Vikram Patel,WH-Gurugram (North),North
ORD-14015,CUST-1317,2026-05-18,Sterilization & Lab,Digital Centrifuge Machine,1,9552.29,6.1,UPI,Delivered,Vikram Patel,WH-Kolkata (East),East
ORD-14016,CUST-1800,2026-07-15,Home Healthcare,Digital Vein Finder,1,28703.31,7.7,Credit Card,Cancelled,Anjali Nair,WH-Bengaluru (South),South
ORD-14017,CUST-1525,2026-04-04,Respiratory Care,Compressor Nebulizer,2,37469.42,1.3,COD,Shipped,Priya Sharma,WH-Gurugram (North),North
ORD-14018,CUST-1330,2026-01-23,Surgical & Critical Care,Surgical Electrocautery Unit,4,19549.08,12.5,Credit Card,Shipped,Vikram Patel,WH-Bengaluru (South),South
ORD-14019,CUST-1403,2025-09-04,Surgical & Critical Care,Electric Suction Apparatus,3,21017.17,5.7,Net Banking,Processing,Sanjay Verma,WH-Kolkata (East),East
ORD-14020,CUST-1906,2025-12-30,Orthopedic & Mobility,Folding Lightweight Wheelchair,3,13363.15,11.0,COD,Cancelled,Ramesh Rao,WH-Bhiwandi (West),West
ORD-14021,CUST-1136,2025-09-23,Orthopedic & Mobility,Air Mattress for Bedsores,3,18336.93,5.6,UPI,Shipped,Ramesh Rao,WH-Bhiwandi (West),West
ORD-14022,CUST-1591,2026-06-11,Orthopedic & Mobility,TENS Physiotherapy Unit,5,573.73,7.1,Debit Card,Delivered,Priya Sharma,WH-Gurugram (North),North
ORD-14023,CUST-1613,2026-02-15,Diagnostic & Monitoring,Capnograph Monitor,4,25762.0,7.0,Credit Card,Processing,Priya Sharma,WH-Bhiwandi (West),West
ORD-14024,CUST-1736,2026-05-09,Orthopedic & Mobility,Walking Frame with Castors,5,30962.48,0.6,Net Banking,Returned,Anjali Nair,WH-Kolkata (East),East
ORD-14025,CUST-1099,2026-07-07,Diagnostic & Monitoring,Continuous Glucose Monitor (CGM),1,513.72,12.5,Debit Card,Delivered,Ramesh Rao,WH-Bengaluru (South),South
ORD-14026,CUST-1202,2026-04-18,Surgical & Critical Care,Laryngoscope Set,2,5154.59,4.9,Debit Card,Returned,Priya Sharma,WH-Bengaluru (South),South
ORD-14027,CUST-1873,2025-06-01,Infusion & Vascular,Central Venous Catheter Kit,2,22890.52,7.0,UPI,Returned,Sanjay Verma,WH-Bengaluru (South),South
ORD-14028,CUST-1300,2025-09-08,Orthopedic & Mobility,TENS Physiotherapy Unit,1,26600.72,12.3,Credit Card,Cancelled,Sanjay Verma,WH-Bengaluru (South),South
ORD-14029,CUST-1925,2026-04-24,Respiratory Care,Portable Oxygen Concentrator (5L),2,31324.32,1.3,Net Banking,Cancelled,Sanjay Verma,WH-Bengaluru (South),South
ORD-14030,CUST-1327,2026-05-18,Respiratory Care,High-Flow Nasal Cannula System,5,2809.86,10.6,Debit Card,Returned,Anjali Nair,WH-Gurugram (North),North
ORD-14031,CUST-1503,2026-06-12,Surgical & Critical Care,Defibrillator & AED,2,28991.85,5.9,Debit Card,Shipped,Sanjay Verma,WH-Gurugram (North),North
ORD-14032,CUST-1034,2025-11-04,Diagnostic & Monitoring,Stethoscope (Cardiology Grade),5,11013.52,1.9,UPI,Delivered,Priya Sharma,WH-Bhiwandi (West),West
ORD-14033,CUST-1881,2026-07-15,Diagnostic & Monitoring,Single-Channel ECG Machine,1,9110.04,5.2,Debit Card,Returned,Anjali Nair,WH-Kolkata (East),East
ORD-14034,CUST-1689,2026-04-16,Diagnostic & Monitoring,Digital Otoscope,4,24340.08,3.8,Debit Card,Shipped,Vikram Patel,WH-Kolkata (East),East
ORD-14035,CUST-1151,2026-07-19,Sterilization & Lab,Ultrasound Cleaner,2,28820.33,10.0,Credit Card,Delivered,Priya Sharma,WH-Kolkata (East),East
ORD-14036,CUST-1421,2026-02-25,Diagnostic & Monitoring,Continuous Glucose Monitor (CGM),4,24448.63,13.3,UPI,Cancelled,Vikram Patel,WH-Bhiwandi (West),West
ORD-14037,CUST-1533,2025-11-13,Surgical & Critical Care,Electric Suction Apparatus,4,3107.99,4.4,COD,Cancelled,Priya Sharma,WH-Gurugram (North),North
ORD-14038,CUST-1788,2026-05-08,Home Healthcare,Digital Vein Finder,5,29268.73,5.1,Debit Card,Shipped,Vikram Patel,WH-Kolkata (East),East
ORD-14039,CUST-1054,2026-06-04,Respiratory Care,Incentive Spirometer,1,7739.92,7.7,Credit Card,Delivered,Priya Sharma,WH-Gurugram (North),North
ORD-14040,CUST-1890,2026-06-20,Diagnostic & Monitoring,Digital Otoscope,2,35346.06,13.4,COD,Returned,Vikram Patel,WH-Bengaluru (South),South
ORD-14041,CUST-1524,2026-04-17,Surgical & Critical Care,LED Surgical OT Light,1,8657.18,11.5,Net Banking,Delivered,Sanjay Verma,WH-Kolkata (East),East
ORD-14042,CUST-1345,2025-04-09,Diagnostic & Monitoring,Vascular Doppler,1,6833.2,10.4,Credit Card,Delivered,Ramesh Rao,WH-Bhiwandi (West),West
ORD-14043,CUST-1280,2026-04-05,Surgical & Critical Care,Surgical Electrocautery Unit,1,37587.5,14.6,Net Banking,Returned,Vikram Patel,WH-Bengaluru (South),South
ORD-14044,CUST-1074,2025-06-19,Diagnostic & Monitoring,Single-Channel ECG Machine,5,6403.05,12.7,Net Banking,Processing,Vikram Patel,WH-Kolkata (East),East
ORD-14045,CUST-1318,2025-07-13,Home Healthcare,Peak Flow Meter,1,41426.0,13.1,Net Banking,Processing,Vikram Patel,WH-Bengaluru (South),South
ORD-14046,CUST-1989,2025-07-04,Orthopedic & Mobility,Folding Lightweight Wheelchair,4,4024.84,7.4,COD,Delivered,Anjali Nair,WH-Kolkata (East),East
ORD-14047,CUST-1323,2025-03-24,Surgical & Critical Care,Anesthesia Workstation,4,33061.5,4.8,Net Banking,Cancelled,Sanjay Verma,WH-Kolkata (East),East
ORD-14048,CUST-1958,2026-07-22,Diagnostic & Monitoring,Single-Channel ECG Machine,4,34189.29,11.6,Debit Card,Processing,Sanjay Verma,WH-Kolkata (East),East
ORD-14049,CUST-1401,2026-04-22,Respiratory Care,Mesh Nebulizer,3,15333.46,12.8,Debit Card,Delivered,Sanjay Verma,WH-Bhiwandi (West),West
ORD-14050,CUST-1970,2025-04-26,Orthopedic & Mobility,Motorized Wheelchair,3,31575.26,14.6,UPI,Delivered,Anjali Nair,WH-Gurugram (North),North
ORD-14051,CUST-1053,2026-02-25,Orthopedic & Mobility,Motorized Wheelchair,1,20810.37,3.2,Net Banking,Shipped,Anjali Nair,WH-Bengaluru (South),South
ORD-14052,CUST-1349,2025-03-29,Surgical & Critical Care,Electric Suction Apparatus,5,23930.91,9.5,Net Banking,Delivered,Ramesh Rao,WH-Bengaluru (South),South
ORD-14053,CUST-1172,2026-07-22,Diabetes Care,Insulin Pump,1,20243.18,7.8,UPI,Shipped,Anjali Nair,WH-Bengaluru (South),South
ORD-14054,CUST-1006,2024-10-05,Diagnostic & Monitoring,Infrared Non-Contact Thermometer,3,28488.96,12.0,Credit Card,Shipped,Priya Sharma,WH-Kolkata (East),East
ORD-14055,CUST-1041,2026-03-04,Sterilization & Lab,Ultrasound Cleaner,4,1622.53,7.1,Credit Card,Delivered,Priya Sharma,WH-Bengaluru (South),South
ORD-14056,CUST-1593,2025-04-13,Infusion & Vascular,IV Cannula (18G-24G),3,2676.45,0.5,Credit Card,Delivered,Anjali Nair,WH-Bhiwandi (West),West
ORD-14057,CUST-1830,2025-10-07,Diagnostic & Monitoring,Digital Otoscope,1,9508.25,5.6,UPI,Processing,Vikram Patel,WH-Kolkata (East),East
ORD-14058,CUST-1156,2026-03-18,Orthopedic & Mobility,Air Mattress for Bedsores,3,22146.85,0.3,Credit Card,Delivered,Ramesh Rao,WH-Bhiwandi (West),West
ORD-14059,CUST-1813,2026-04-21,Orthopedic & Mobility,Cervical Traction Unit,3,21258.82,5.8,COD,Returned,Priya Sharma,WH-Kolkata (East),East
ORD-14060,CUST-1806,2025-09-07,Orthopedic & Mobility,Air Mattress for Bedsores,4,35892.96,10.5,COD,Delivered,Anjali Nair,WH-Bhiwandi (West),West
ORD-14061,CUST-1517,2025-12-09,Sterilization & Lab,Digital Centrifuge Machine,1,20648.28,2.2,Debit Card,Returned,Ramesh Rao,WH-Gurugram (North),North
ORD-14062,CUST-1598,2026-06-14,Surgical & Critical Care,Surgical Electrocautery Unit,3,39673.71,8.5,COD,Delivered,Sanjay Verma,WH-Bhiwandi (West),West
ORD-14063,CUST-1198,2026-04-13,Diagnostic & Monitoring,Multi-Para Patient Monitor,2,39680.64,0.1,COD,Cancelled,Ramesh Rao,WH-Kolkata (East),East
ORD-14064,CUST-1027,2025-06-07,Diagnostic & Monitoring,Infrared Non-Contact Thermometer,2,33524.9,4.7,Credit Card,Processing,Priya Sharma,WH-Kolkata (East),East
ORD-14065,CUST-1643,2025-09-17,Surgical & Critical Care,LED Surgical OT Light,1,10243.7,6.1,Net Banking,Shipped,Sanjay Verma,WH-Bengaluru (South),South
ORD-14066,CUST-1030,2026-02-10,Orthopedic & Mobility,Walking Frame with Castors,2,11650.72,8.4,Debit Card,Delivered,Ramesh Rao,WH-Bhiwandi (West),West
ORD-14067,CUST-1225,2026-01-07,Orthopedic & Mobility,Walking Frame with Castors,4,18577.31,6.8,UPI,Delivered,Anjali Nair,WH-Bhiwandi (West),West
ORD-14068,CUST-1077,2026-01-04,Respiratory Care,Auto CPAP Machine,1,5437.13,3.7,Net Banking,Delivered,Anjali Nair,WH-Kolkata (East),East
ORD-14069,CUST-1790,2025-10-27,Diagnostic & Monitoring,Continuous Glucose Monitor (CGM),5,28085.14,8.2,Debit Card,Delivered,Ramesh Rao,WH-Kolkata (East),East
ORD-14070,CUST-2000,2026-05-10,Diagnostic & Monitoring,Stethoscope (Cardiology Grade),3,10054.17,2.2,Debit Card,Delivered,Vikram Patel,WH-Kolkata (East),East
ORD-14071,CUST-1400,2026-04-19,Diagnostic & Monitoring,Pulse Oximeter,4,32703.59,10.4,Debit Card,Cancelled,Ramesh Rao,WH-Bengaluru (South),South
ORD-14072,CUST-1334,2026-06-07,Surgical & Critical Care,Anesthesia Workstation,5,42043.37,6.1,COD,Delivered,Ramesh Rao,WH-Kolkata (East),East
ORD-14073,CUST-1675,2025-10-11,Diagnostic & Monitoring,Digital Otoscope,2,25512.65,10.7,Credit Card,Delivered,Ramesh Rao,WH-Kolkata (East),East
ORD-14074,CUST-1600,2026-06-26,Surgical & Critical Care,Laryngoscope Set,1,25818.49,3.9,COD,Cancelled,Vikram Patel,WH-Bengaluru (South),South
ORD-14075,CUST-1664,2026-05-31,Respiratory Care,Portable Oxygen Concentrator (5L),5,10847.45,6.2,Debit Card,Returned,Anjali Nair,WH-Kolkata (East),East
ORD-14076,CUST-1210,2025-09-16,Diagnostic & Monitoring,Digital Blood Pressure Monitor,2,20308.09,5.9,Debit Card,Delivered,Vikram Patel,WH-Bengaluru (South),South
ORD-14077,CUST-1276,2026-04-02,Respiratory Care,Incentive Spirometer,1,6234.34,13.3,Credit Card,Returned,Vikram Patel,WH-Kolkata (East),East
ORD-14078,CUST-1784,2026-04-19,Respiratory Care,BiPAP Machine,5,43386.91,4.8,UPI,Returned,Vikram Patel,WH-Kolkata (East),East
ORD-14079,CUST-1817,2025-08-13,Respiratory Care,Suction Machine,2,6572.54,7.9,COD,Delivered,Anjali Nair,WH-Kolkata (East),East
ORD-14080,CUST-1487,2026-07-16,Diagnostic & Monitoring,Digital Otoscope,1,6281.61,13.9,Debit Card,Delivered,Anjali Nair,WH-Bengaluru (South),South
ORD-14081,CUST-1988,2026-04-17,Infusion & Vascular,Central Venous Catheter Kit,2,20686.51,1.5,Credit Card,Cancelled,Priya Sharma,WH-Bhiwandi (West),West
ORD-14082,CUST-1372,2025-07-30,Orthopedic & Mobility,Motorized Wheelchair,4,11861.78,13.3,UPI,Shipped,Anjali Nair,WH-Gurugram (North),North
ORD-14083,CUST-1061,2026-07-09,Respiratory Care,High-Flow Nasal Cannula System,1,1819.27,13.3,COD,Cancelled,Priya Sharma,WH-Gurugram (North),North
ORD-14084,CUST-1298,2026-06-29,Diagnostic & Monitoring,Continuous Glucose Monitor (CGM),1,24354.9,9.3,Net Banking,Processing,Sanjay Verma,WH-Gurugram (North),North
ORD-14085,CUST-1940,2026-06-05,Diagnostic & Monitoring,Infrared Non-Contact Thermometer,4,35578.73,1.7,Net Banking,Processing,Vikram Patel,WH-Bhiwandi (West),West
ORD-14086,CUST-1722,2026-05-01,Surgical & Critical Care,Surgical Electrocautery Unit,1,13911.29,8.7,COD,Delivered,Anjali Nair,WH-Bengaluru (South),South
ORD-14087,CUST-1123,2026-05-26,Surgical & Critical Care,Defibrillator & AED,3,41248.75,6.4,COD,Cancelled,Sanjay Verma,WH-Gurugram (North),North
ORD-14088,CUST-1578,2026-04-07,Diabetes Care,Lancet Device,1,27297.48,8.0,COD,Delivered,Priya Sharma,WH-Bhiwandi (West),West
ORD-14089,CUST-1546,2026-02-23,Diagnostic & Monitoring,Capnograph Monitor,5,23318.59,7.8,UPI,Cancelled,Priya Sharma,WH-Gurugram (North),North
ORD-14090,CUST-1533,2026-06-29,Infusion & Vascular,IV Cannula (18G-24G),1,20971.84,7.8,Credit Card,Delivered,Ramesh Rao,WH-Kolkata (East),East
ORD-14091,CUST-1464,2026-03-10,Infusion & Vascular,Dialysis Catheter,4,42296.36,2.6,Credit Card,Shipped,Sanjay Verma,WH-Bhiwandi (West),West
ORD-14092,CUST-1139,2026-06-17,Diagnostic & Monitoring,Fetal Doppler Heart Rate Monitor,4,37456.64,10.2,UPI,Delivered,Anjali Nair,WH-Bengaluru (South),South
ORD-14093,CUST-1252,2026-04-10,Diabetes Care,Lancet Device,2,41611.81,9.1,Debit Card,Processing,Priya Sharma,WH-Bengaluru (South),South
ORD-14094,CUST-1634,2026-06-12,Respiratory Care,Portable Oxygen Concentrator (5L),2,982.8,11.1,Debit Card,Processing,Sanjay Verma,WH-Bhiwandi (West),West
ORD-14095,CUST-1803,2025-12-20,Diabetes Care,Blood Glucose Meter Kit,1,22661.49,9.8,UPI,Delivered,Priya Sharma,WH-Bhiwandi (West),West
ORD-14096,CUST-1373,2026-05-05,Infusion & Vascular,Syringe Driver Pump,1,16712.5,3.6,Debit Card,Shipped,Sanjay Verma,WH-Bhiwandi (West),West
ORD-14097,CUST-1895,2026-07-01,Orthopedic & Mobility,Motorized Wheelchair,3,31396.69,8.4,UPI,Cancelled,Vikram Patel,WH-Kolkata (East),East
ORD-14098,CUST-1962,2025-06-05,Respiratory Care,Compressor Nebulizer,3,36767.85,11.7,COD,Cancelled,Sanjay Verma,WH-Bengaluru (South),South
ORD-14099,CUST-1983,2026-03-16,Diagnostic & Monitoring,Digital Blood Pressure Monitor,4,41324.25,12.8,Credit Card,Processing,Vikram Patel,WH-Bengaluru (South),South
ORD-14100,CUST-1992,2025-10-29,Surgical & Critical Care,LED Surgical OT Light,1,37970.12,5.7,COD,Cancelled,Priya Sharma,WH-Bhiwandi (West),West
ORD-14101,CUST-1393,2026-04-15,Respiratory Care,Auto CPAP Machine,4,43600.06,4.5,Debit Card,Delivered,Vikram Patel,WH-Kolkata (East),East
ORD-14102,CUST-1797,2025-11-24,Respiratory Care,Auto CPAP Machine,5,44435.17,2.5,Credit Card,Processing,Vikram Patel,WH-Kolkata (East),East
ORD-14103,CUST-1303,2025-10-10,Infusion & Vascular,IV Cannula (18G-24G),4,29911.54,10.5,COD,Shipped,Ramesh Rao,WH-Kolkata (East),East
ORD-14104,CUST-1340,2026-05-16,Respiratory Care,BiPAP Machine,1,2446.5,11.5,COD,Delivered,Ramesh Rao,WH-Bhiwandi (West),West
ORD-14105,CUST-1064,2026-07-11,Sterilization & Lab,Ultrasound Cleaner,3,3543.22,12.5,COD,Delivered,Vikram Patel,WH-Kolkata (East),East
ORD-14106,CUST-1146,2026-06-26,Home Healthcare,Digital Vein Finder,1,38327.87,0.8,Debit Card,Delivered,Priya Sharma,WH-Bengaluru (South),South
ORD-14107,CUST-1311,2025-11-10,Surgical & Critical Care,Laryngoscope Set,3,26656.34,5.8,Debit Card,Returned,Sanjay Verma,WH-Bhiwandi (West),West
ORD-14108,CUST-1183,2026-06-11,Home Healthcare,Peak Flow Meter,1,28493.47,2.0,Credit Card,Delivered,Anjali Nair,WH-Bhiwandi (West),West
ORD-14109,CUST-1244,2025-12-30,Diagnostic & Monitoring,Digital Blood Pressure Monitor,1,28614.16,5.6,Debit Card,Returned,Vikram Patel,WH-Bhiwandi (West),West
ORD-14110,CUST-1810,2025-06-20,Diagnostic & Monitoring,Continuous Glucose Monitor (CGM),4,13263.55,11.5,UPI,Delivered,Priya Sharma,WH-Kolkata (East),East
ORD-14111,CUST-1217,2025-10-22,Infusion & Vascular,Syringe Driver Pump,4,32353.58,1.5,Debit Card,Delivered,Vikram Patel,WH-Gurugram (North),North
ORD-14112,CUST-1777,2026-06-19,Diagnostic & Monitoring,Pulse Oximeter,3,9342.05,11.4,UPI,Delivered,Vikram Patel,WH-Gurugram (North),North
ORD-14113,CUST-1951,2025-06-29,Respiratory Care,Compressor Nebulizer,2,948.81,12.6,Net Banking,Cancelled,Sanjay Verma,WH-Bengaluru (South),South
ORD-14114,CUST-1088,2025-08-21,Diagnostic & Monitoring,Stethoscope (Cardiology Grade),2,40078.25,6.3,Credit Card,Processing,Anjali Nair,WH-Bengaluru (South),South
ORD-14115,CUST-1561,2026-07-18,Infusion & Vascular,IV Cannula (18G-24G),4,11464.78,2.6,COD,Delivered,Ramesh Rao,WH-Kolkata (East),East
ORD-14116,CUST-1785,2026-04-27,Diagnostic & Monitoring,Digital Blood Pressure Monitor,5,22019.36,3.2,Debit Card,Processing,Priya Sharma,WH-Bhiwandi (West),West
ORD-14117,CUST-1357,2025-09-18,Respiratory Care,High-Flow Nasal Cannula System,2,11828.34,11.0,COD,Processing,Priya Sharma,WH-Kolkata (East),East
ORD-14118,CUST-1215,2026-06-01,Surgical & Critical Care,Pulse Generator Pacemaker,2,39212.95,3.0,UPI,Delivered,Anjali Nair,WH-Gurugram (North),North
ORD-14119,CUST-1521,2026-06-16,Surgical & Critical Care,Surgical Stapler,1,15008.09,8.5,Credit Card,Delivered,Ramesh Rao,WH-Bengaluru (South),South
ORD-14120,CUST-1784,2026-01-25,Diagnostic & Monitoring,Capnograph Monitor,5,33458.72,8.5,COD,Delivered,Sanjay Verma,WH-Bengaluru (South),South
ORD-14121,CUST-1983,2025-10-03,Diagnostic & Monitoring,Pulse Oximeter,4,39470.37,3.1,COD,Delivered,Anjali Nair,WH-Bhiwandi (West),West
ORD-14122,CUST-1517,2026-06-06,Infusion & Vascular,Volumetric Infusion Pump,1,19683.45,6.5,Credit Card,Cancelled,Vikram Patel,WH-Gurugram (North),North
ORD-14123,CUST-1020,2026-07-09,Orthopedic & Mobility,Motorized Wheelchair,1,29929.98,7.1,Credit Card,Delivered,Sanjay Verma,WH-Gurugram (North),North
ORD-14124,CUST-1397,2026-03-05,Respiratory Care,Mesh Nebulizer,4,24284.46,6.6,COD,Shipped,Anjali Nair,WH-Bengaluru (South),South
ORD-14125,CUST-1891,2025-09-15,Orthopedic & Mobility,Folding Lightweight Wheelchair,1,31206.35,7.2,Debit Card,Delivered,Priya Sharma,WH-Bengaluru (South),South
ORD-14126,CUST-1625,2026-07-22,Infusion & Vascular,Volumetric Infusion Pump,1,30325.32,3.6,Net Banking,Delivered,Sanjay Verma,WH-Kolkata (East),East
ORD-14127,CUST-1188,2025-11-15,Respiratory Care,Mesh Nebulizer,2,2417.88,6.1,Debit Card,Delivered,Anjali Nair,WH-Bengaluru (South),South
ORD-14128,CUST-1767,2026-02-02,Diagnostic & Monitoring,Infrared Non-Contact Thermometer,3,29557.63,2.9,UPI,Delivered,Vikram Patel,WH-Bhiwandi (West),West
ORD-14129,CUST-1066,2026-07-18,Respiratory Care,Compressor Nebulizer,5,44443.67,4.6,COD,Delivered,Priya Sharma,WH-Bengaluru (South),South
ORD-14130,CUST-1544,2026-06-22,Diagnostic & Monitoring,Digital Blood Pressure Monitor,1,1745.74,1.3,Credit Card,Cancelled,Ramesh Rao,WH-Bhiwandi (West),West
ORD-14131,CUST-1010,2025-11-18,Surgical & Critical Care,Electric Suction Apparatus,4,4837.49,10.9,Credit Card,Delivered,Priya Sharma,WH-Gurugram (North),North
ORD-14132,CUST-1834,2026-05-15,Diabetes Care,Insulin Pen Injector,4,37592.26,7.8,Net Banking,Delivered,Anjali Nair,WH-Bengaluru (South),South
ORD-14133,CUST-1767,2026-07-17,Sterilization & Lab,Tabletop Steam Autoclave,1,19402.83,11.0,UPI,Cancelled,Anjali Nair,WH-Kolkata (East),East
ORD-14134,CUST-1806,2026-01-06,Respiratory Care,Portable Oxygen Concentrator (5L),2,10223.24,0.2,Credit Card,Shipped,Sanjay Verma,WH-Kolkata (East),East
ORD-14135,CUST-1630,2026-07-09,Orthopedic & Mobility,Motorized Wheelchair,1,16052.78,11.2,Debit Card,Delivered,Sanjay Verma,WH-Kolkata (East),East
ORD-14136,CUST-1107,2025-09-28,Sterilization & Lab,Tabletop Steam Autoclave,1,2300.14,1.5,COD,Shipped,Sanjay Verma,WH-Bengaluru (South),South
ORD-14137,CUST-1487,2026-06-29,Respiratory Care,Mesh Nebulizer,5,32035.55,13.9,Credit Card,Processing,Vikram Patel,WH-Bhiwandi (West),West
ORD-14138,CUST-1264,2026-01-24,Orthopedic & Mobility,TENS Physiotherapy Unit,5,27770.02,11.9,Credit Card,Delivered,Vikram Patel,WH-Kolkata (East),East
ORD-14139,CUST-1206,2025-08-18,Diagnostic & Monitoring,Single-Channel ECG Machine,2,18415.06,12.7,Debit Card,Shipped,Sanjay Verma,WH-Kolkata (East),East
ORD-14140,CUST-1474,2025-12-03,Orthopedic & Mobility,Air Mattress for Bedsores,1,44112.95,14.5,Net Banking,Cancelled,Anjali Nair,WH-Bengaluru (South),South
ORD-14141,CUST-1563,2026-02-25,Diagnostic & Monitoring,Digital Otoscope,1,25138.2,5.7,UPI,Delivered,Priya Sharma,WH-Bengaluru (South),South
ORD-14142,CUST-1010,2025-12-26,Diagnostic & Monitoring,Infrared Non-Contact Thermometer,2,37962.19,5.0,Credit Card,Shipped,Anjali Nair,WH-Gurugram (North),North
ORD-14143,CUST-1221,2026-06-05,Respiratory Care,Mesh Nebulizer,4,6757.35,11.8,Debit Card,Returned,Anjali Nair,WH-Gurugram (North),North
ORD-14144,CUST-1272,2026-07-21,Surgical & Critical Care,Laryngoscope Set,3,19202.19,14.5,Net Banking,Delivered,Sanjay Verma,WH-Gurugram (North),North
ORD-14145,CUST-1651,2026-07-04,Orthopedic & Mobility,Cervical Traction Unit,5,34873.78,9.8,UPI,Delivered,Sanjay Verma,WH-Bhiwandi (West),West
ORD-14146,CUST-1094,2026-04-24,Sterilization & Lab,Digital Centrifuge Machine,2,26751.81,12.8,Credit Card,Shipped,Sanjay Verma,WH-Gurugram (North),North
ORD-14147,CUST-1369,2025-12-31,Home Healthcare,Electric Heating Pad,2,31769.16,13.8,Credit Card,Returned,Ramesh Rao,WH-Bhiwandi (West),West
ORD-14148,CUST-1947,2026-05-12,Surgical & Critical Care,Surgical Electrocautery Unit,5,2197.82,6.5,UPI,Delivered,Ramesh Rao,WH-Kolkata (East),East
ORD-14149,CUST-1170,2026-07-22,Home Healthcare,Peak Flow Meter,5,33260.84,4.2,Credit Card,Delivered,Vikram Patel,WH-Bhiwandi (West),West
ORD-14150,CUST-1045,2025-09-25,Surgical & Critical Care,Pulse Generator Pacemaker,3,37521.65,10.9,Debit Card,Delivered,Anjali Nair,WH-Bengaluru (South),South
ORD-14151,CUST-1952,2025-10-08,Orthopedic & Mobility,Motorized Wheelchair,5,6987.7,10.2,Debit Card,Returned,Ramesh Rao,WH-Gurugram (North),North
ORD-14152,CUST-1038,2026-06-21,Diagnostic & Monitoring,Continuous Glucose Monitor (CGM),1,4880.84,7.3,Credit Card,Cancelled,Vikram Patel,WH-Kolkata (East),East
ORD-14153,CUST-1497,2026-01-19,Home Healthcare,Peak Flow Meter,5,15434.32,2.2,COD,Delivered,Sanjay Verma,WH-Bengaluru (South),South
ORD-14154,CUST-1041,2025-12-31,Sterilization & Lab,Digital Centrifuge Machine,5,20176.3,12.1,Credit Card,Processing,Ramesh Rao,WH-Bengaluru (South),South
ORD-14155,CUST-1940,2026-04-17,Respiratory Care,Compressor Nebulizer,1,25951.89,4.5,COD,Returned,Anjali Nair,WH-Kolkata (East),East
ORD-14156,CUST-1215,2026-06-29,Respiratory Care,Mesh Nebulizer,2,34695.44,8.0,Credit Card,Delivered,Sanjay Verma,WH-Kolkata (East),East
ORD-14157,CUST-1070,2026-07-16,Diabetes Care,Blood Glucose Meter Kit,1,42170.53,2.2,UPI,Returned,Anjali Nair,WH-Bhiwandi (West),West
ORD-14158,CUST-1077,2026-07-01,Orthopedic & Mobility,TENS Physiotherapy Unit,5,27195.62,3.9,COD,Delivered,Vikram Patel,WH-Gurugram (North),North
ORD-14159,CUST-1897,2026-03-20,Surgical & Critical Care,Defibrillator & AED,4,25096.53,8.7,UPI,Cancelled,Sanjay Verma,WH-Gurugram (North),North
ORD-14160,CUST-1621,2025-08-27,Diagnostic & Monitoring,Digital Spirometer,4,13447.07,9.0,COD,Delivered,Priya Sharma,WH-Bhiwandi (West),West
ORD-14161,CUST-1108,2026-03-27,Diagnostic & Monitoring,Multi-Para Patient Monitor,1,39290.12,7.5,Debit Card,Delivered,Vikram Patel,WH-Gurugram (North),North
ORD-14162,CUST-1310,2025-06-13,Respiratory Care,Auto CPAP Machine,5,13008.37,14.3,UPI,Returned,Anjali Nair,WH-Gurugram (North),North
ORD-14163,CUST-1840,2026-05-27,Diagnostic & Monitoring,Digital Blood Pressure Monitor,4,8425.59,14.6,UPI,Delivered,Ramesh Rao,WH-Gurugram (North),North
ORD-14164,CUST-1803,2026-03-20,Diagnostic & Monitoring,Digital Blood Pressure Monitor,4,20962.62,7.7,Credit Card,Processing,Sanjay Verma,WH-Bhiwandi (West),West
ORD-14165,CUST-1701,2025-11-21,Diabetes Care,Insulin Pump,5,3212.47,2.9,Credit Card,Returned,Anjali Nair,WH-Bengaluru (South),South
ORD-14166,CUST-1184,2026-04-25,Respiratory Care,Suction Machine,2,44220.38,11.4,Net Banking,Cancelled,Priya Sharma,WH-Bengaluru (South),South
ORD-14167,CUST-1560,2025-10-01,Diagnostic & Monitoring,Digital Blood Pressure Monitor,1,41042.37,7.3,COD,Delivered,Ramesh Rao,WH-Gurugram (North),North
ORD-14168,CUST-1802,2025-09-18,Infusion & Vascular,Volumetric Infusion Pump,3,17177.71,9.0,UPI,Delivered,Ramesh Rao,WH-Kolkata (East),East
ORD-14169,CUST-1354,2026-06-10,Infusion & Vascular,Volumetric Infusion Pump,3,28286.69,10.0,Net Banking,Processing,Ramesh Rao,WH-Bhiwandi (West),West
ORD-14170,CUST-1080,2025-10-04,Orthopedic & Mobility,Walking Frame with Castors,4,14507.99,11.8,UPI,Delivered,Priya Sharma,WH-Gurugram (North),North
ORD-14171,CUST-1194,2025-11-03,Infusion & Vascular,IV Cannula (18G-24G),5,37403.35,14.7,Credit Card,Delivered,Priya Sharma,WH-Gurugram (North),North
ORD-14172,CUST-1520,2026-03-03,Diagnostic & Monitoring,Digital Blood Pressure Monitor,2,23161.8,5.7,Debit Card,Cancelled,Vikram Patel,WH-Bengaluru (South),South
ORD-14173,CUST-1617,2025-10-07,Orthopedic & Mobility,TENS Physiotherapy Unit,3,11075.32,9.7,Credit Card,Delivered,Priya Sharma,WH-Bengaluru (South),South
ORD-14174,CUST-1158,2026-05-08,Orthopedic & Mobility,Air Mattress for Bedsores,2,42439.55,3.4,Debit Card,Shipped,Priya Sharma,WH-Gurugram (North),North
ORD-14175,CUST-1915,2026-03-01,Diabetes Care,Lancet Device,4,13400.03,7.1,COD,Delivered,Sanjay Verma,WH-Gurugram (North),North
ORD-14176,CUST-1916,2025-06-17,Diagnostic & Monitoring,Capnograph Monitor,3,39023.7,14.5,UPI,Shipped,Vikram Patel,WH-Gurugram (North),North
ORD-14177,CUST-1752,2026-05-04,Diagnostic & Monitoring,Fetal Doppler Heart Rate Monitor,3,16267.64,8.1,Net Banking,Shipped,Ramesh Rao,WH-Bengaluru (South),South
ORD-14178,CUST-1649,2025-12-29,Surgical & Critical Care,Surgical Stapler,4,8493.61,1.9,Net Banking,Processing,Anjali Nair,WH-Kolkata (East),East
ORD-14179,CUST-1913,2026-05-17,Sterilization & Lab,Tabletop Steam Autoclave,4,10271.14,11.7,COD,Shipped,Ramesh Rao,WH-Kolkata (East),East
ORD-14180,CUST-1553,2026-07-07,Respiratory Care,Incentive Spirometer,1,31378.7,14.5,Credit Card,Shipped,Priya Sharma,WH-Bengaluru (South),South
ORD-14181,CUST-1431,2026-07-15,Sterilization & Lab,Tabletop Steam Autoclave,2,40109.63,6.7,Net Banking,Shipped,Anjali Nair,WH-Gurugram (North),North
ORD-14182,CUST-1687,2025-07-03,Diagnostic & Monitoring,Stethoscope (Cardiology Grade),5,37952.28,4.0,UPI,Delivered,Vikram Patel,WH-Gurugram (North),North
ORD-14183,CUST-1058,2025-09-14,Home Healthcare,Electric Heating Pad,2,21632.01,0.3,COD,Delivered,Priya Sharma,WH-Gurugram (North),North
ORD-14184,CUST-1322,2026-03-12,Diagnostic & Monitoring,Digital Spirometer,2,43335.8,4.1,UPI,Delivered,Priya Sharma,WH-Gurugram (North),North
ORD-14185,CUST-1914,2026-02-08,Respiratory Care,BiPAP Machine,1,34112.34,7.9,COD,Cancelled,Vikram Patel,WH-Bengaluru (South),South
ORD-14186,CUST-1757,2026-07-18,Orthopedic & Mobility,Motorized Wheelchair,5,29725.09,9.4,Net Banking,Cancelled,Ramesh Rao,WH-Kolkata (East),East
ORD-14187,CUST-1403,2025-10-15,Surgical & Critical Care,Laryngoscope Set,3,44314.37,4.2,Net Banking,Shipped,Sanjay Verma,WH-Bhiwandi (West),West
ORD-14188,CUST-1696,2025-09-12,Diagnostic & Monitoring,Vascular Doppler,2,23987.88,0.0,Credit Card,Cancelled,Sanjay Verma,WH-Bengaluru (South),South
ORD-14189,CUST-1651,2026-07-21,Infusion & Vascular,Central Venous Catheter Kit,2,17501.45,8.9,Debit Card,Returned,Priya Sharma,WH-Bengaluru (South),South
ORD-14190,CUST-1625,2026-07-21,Diagnostic & Monitoring,Pulse Oximeter,4,43339.38,0.6,Debit Card,Shipped,Vikram Patel,WH-Gurugram (North),North
ORD-14191,CUST-1969,2026-06-18,Orthopedic & Mobility,Air Mattress for Bedsores,2,29624.27,12.2,Credit Card,Processing,Anjali Nair,WH-Gurugram (North),North
ORD-14192,CUST-1724,2025-12-24,Infusion & Vascular,IV Cannula (18G-24G),5,27115.71,13.6,Net Banking,Shipped,Ramesh Rao,WH-Bengaluru (South),South
ORD-14193,CUST-1483,2025-12-29,Diagnostic & Monitoring,Digital Otoscope,4,26765.61,10.0,UPI,Delivered,Vikram Patel,WH-Kolkata (East),East
ORD-14194,CUST-1169,2025-12-13,Respiratory Care,Incentive Spirometer,3,35463.04,12.1,COD,Delivered,Anjali Nair,WH-Gurugram (North),North
ORD-14195,CUST-1095,2026-05-05,Orthopedic & Mobility,Folding Lightweight Wheelchair,3,18964.82,1.5,Net Banking,Delivered,Sanjay Verma,WH-Bhiwandi (West),West
ORD-14196,CUST-1695,2025-05-14,Infusion & Vascular,Syringe Driver Pump,2,17679.42,1.4,Net Banking,Shipped,Priya Sharma,WH-Bengaluru (South),South
ORD-14197,CUST-1758,2026-01-15,Orthopedic & Mobility,Air Mattress for Bedsores,4,24442.61,1.2,UPI,Cancelled,Anjali Nair,WH-Bhiwandi (West),West
ORD-14198,CUST-1635,2026-07-18,Home Healthcare,Digital Vein Finder,2,42687.69,7.8,Credit Card,Delivered,Ramesh Rao,WH-Bhiwandi (West),West
ORD-14199,CUST-1465,2026-05-12,Infusion & Vascular,Dialysis Catheter,4,7865.65,5.3,UPI,Processing,Anjali Nair,WH-Kolkata (East),East
ORD-14200,CUST-1551,2025-11-20,Surgical & Critical Care,Laryngoscope Set,2,34777.47,11.7,UPI,Delivered,Anjali Nair,WH-Bengaluru (South),South
ORD-14201,CUST-1481,2026-05-18,Sterilization & Lab,Ultrasound Cleaner,5,36320.58,15.0,UPI,Delivered,Ramesh Rao,WH-Gurugram (North),North
ORD-14202,CUST-1232,2026-04-14,Orthopedic & Mobility,Cervical Traction Unit,3,14375.69,0.4,UPI,Returned,Sanjay Verma,WH-Gurugram (North),North
ORD-14203,CUST-1320,2026-07-06,Surgical & Critical Care,Surgical Electrocautery Unit,2,30049.61,12.9,COD,Returned,Anjali Nair,WH-Bengaluru (South),South
ORD-14204,CUST-1860,2026-06-22,Sterilization & Lab,Ultrasound Cleaner,3,41122.07,9.0,COD,Delivered,Sanjay Verma,WH-Kolkata (East),East
ORD-14205,CUST-1540,2026-06-13,Diagnostic & Monitoring,Pulse Oximeter,4,30338.57,11.1,Credit Card,Delivered,Anjali Nair,WH-Gurugram (North),North
ORD-14206,CUST-1507,2026-07-04,Diagnostic & Monitoring,Digital Blood Pressure Monitor,3,4088.65,4.7,COD,Delivered,Priya Sharma,WH-Bhiwandi (West),West
ORD-14207,CUST-1963,2025-05-22,Surgical & Critical Care,Surgical Electrocautery Unit,4,11474.27,7.7,Debit Card,Returned,Ramesh Rao,WH-Bengaluru (South),South
ORD-14208,CUST-1082,2026-03-18,Orthopedic & Mobility,Motorized Wheelchair,2,19113.02,0.8,Debit Card,Returned,Anjali Nair,WH-Gurugram (North),North
ORD-14209,CUST-1894,2026-03-29,Surgical & Critical Care,Defibrillator & AED,3,18432.08,13.2,COD,Shipped,Ramesh Rao,WH-Bengaluru (South),South
ORD-14210,CUST-1321,2025-03-13,Sterilization & Lab,Ultrasound Cleaner,5,26132.13,4.2,COD,Cancelled,Vikram Patel,WH-Gurugram (North),North
ORD-14211,CUST-1947,2026-04-22,Diagnostic & Monitoring,Digital Spirometer,5,2965.46,4.4,COD,Returned,Priya Sharma,WH-Kolkata (East),East
ORD-14212,CUST-1874,2025-09-26,Diagnostic & Monitoring,Multi-Para Patient Monitor,2,29564.9,8.8,Net Banking,Delivered,Ramesh Rao,WH-Gurugram (North),North
ORD-14213,CUST-1741,2026-02-06,Diagnostic & Monitoring,Single-Channel ECG Machine,2,42716.78,2.0,COD,Delivered,Anjali Nair,WH-Kolkata (East),East
ORD-14214,CUST-1063,2026-04-16,Diabetes Care,Lancet Device,2,27425.73,1.0,UPI,Processing,Anjali Nair,WH-Bhiwandi (West),West
ORD-14215,CUST-1932,2026-07-20,Home Healthcare,Electric Heating Pad,5,6347.11,12.9,COD,Processing,Ramesh Rao,WH-Kolkata (East),East
ORD-14216,CUST-1104,2026-07-18,Respiratory Care,Auto CPAP Machine,1,18722.66,12.0,Credit Card,Delivered,Vikram Patel,WH-Bhiwandi (West),West
ORD-14217,CUST-1768,2026-02-26,Surgical & Critical Care,Electric Suction Apparatus,4,42327.8,5.2,Debit Card,Cancelled,Priya Sharma,WH-Bengaluru (South),South
ORD-14218,CUST-1599,2026-04-13,Surgical & Critical Care,LED Surgical OT Light,3,26124.09,0.0,Credit Card,Returned,Anjali Nair,WH-Kolkata (East),East
ORD-14219,CUST-1843,2026-04-24,Surgical & Critical Care,Electric Suction Apparatus,2,40049.44,10.1,COD,Shipped,Sanjay Verma,WH-Bhiwandi (West),West
ORD-14220,CUST-1488,2026-05-28,Diagnostic & Monitoring,Digital Spirometer,4,24482.53,8.9,UPI,Returned,Ramesh Rao,WH-Bengaluru (South),South
ORD-14221,CUST-1568,2026-02-12,Diabetes Care,Insulin Pump,4,44578.05,0.7,COD,Cancelled,Vikram Patel,WH-Bhiwandi (West),West
ORD-14222,CUST-1457,2026-04-17,Diabetes Care,Lancet Device,4,43643.06,11.5,Debit Card,Processing,Sanjay Verma,WH-Bhiwandi (West),West
ORD-14223,CUST-1492,2026-03-19,Infusion & Vascular,IV Cannula (18G-24G),4,30860.36,11.2,Debit Card,Shipped,Ramesh Rao,WH-Gurugram (North),North
ORD-14224,CUST-1699,2025-10-07,Respiratory Care,High-Flow Nasal Cannula System,2,42827.85,7.9,COD,Delivered,Vikram Patel,WH-Kolkata (East),East
ORD-14225,CUST-1051,2025-07-06,Diagnostic & Monitoring,Multi-Para Patient Monitor,1,36442.49,0.2,Debit Card,Delivered,Sanjay Verma,WH-Kolkata (East),East
ORD-14226,CUST-1517,2025-12-03,Diagnostic & Monitoring,Single-Channel ECG Machine,3,22578.66,12.7,Net Banking,Returned,Anjali Nair,WH-Gurugram (North),North
ORD-14227,CUST-1056,2026-05-29,Infusion & Vascular,Central Venous Catheter Kit,4,11581.37,10.4,UPI,Shipped,Anjali Nair,WH-Bhiwandi (West),West
ORD-14228,CUST-1193,2026-05-16,Respiratory Care,Portable Oxygen Concentrator (5L),4,33762.5,10.4,COD,Returned,Ramesh Rao,WH-Bhiwandi (West),West
ORD-14229,CUST-1942,2025-10-01,Diagnostic & Monitoring,Infrared Non-Contact Thermometer,1,42983.37,14.4,UPI,Returned,Priya Sharma,WH-Bhiwandi (West),West
ORD-14230,CUST-1500,2026-07-18,Diagnostic & Monitoring,Digital Spirometer,3,1656.88,4.8,Debit Card,Returned,Vikram Patel,WH-Kolkata (East),East
ORD-14231,CUST-1437,2026-06-28,Surgical & Critical Care,LED Surgical OT Light,4,7614.71,12.2,UPI,Delivered,Vikram Patel,WH-Gurugram (North),North
ORD-14232,CUST-1825,2025-12-05,Diagnostic & Monitoring,Multi-Para Patient Monitor,4,21056.07,13.0,COD,Shipped,Anjali Nair,WH-Gurugram (North),North
ORD-14233,CUST-1011,2025-04-20,Home Healthcare,Digital Vein Finder,3,7111.19,5.9,UPI,Delivered,Ramesh Rao,WH-Kolkata (East),East
ORD-14234,CUST-1352,2026-06-28,Respiratory Care,Compressor Nebulizer,5,15149.35,10.9,UPI,Cancelled,Anjali Nair,WH-Gurugram (North),North
ORD-14235,CUST-1907,2026-05-08,Surgical & Critical Care,Surgical Electrocautery Unit,2,36112.49,12.9,COD,Shipped,Vikram Patel,WH-Gurugram (North),North
ORD-14236,CUST-1636,2025-08-25,Diabetes Care,Lancet Device,1,41469.18,14.0,Net Banking,Delivered,Anjali Nair,WH-Gurugram (North),North
ORD-14237,CUST-1174,2026-03-17,Diagnostic & Monitoring,Infrared Non-Contact Thermometer,4,3727.08,5.0,Debit Card,Shipped,Ramesh Rao,WH-Gurugram (North),North
ORD-14238,CUST-1306,2026-07-11,Home Healthcare,Digital Vein Finder,1,31634.3,4.0,COD,Returned,Sanjay Verma,WH-Bhiwandi (West),West
ORD-14239,CUST-1033,2026-02-06,Infusion & Vascular,Central Venous Catheter Kit,1,30684.03,12.4,COD,Delivered,Ramesh Rao,WH-Gurugram (North),North
ORD-14240,CUST-1968,2026-01-26,Respiratory Care,Mesh Nebulizer,2,27814.42,1.1,Credit Card,Delivered,Ramesh Rao,WH-Kolkata (East),East
ORD-14241,CUST-1970,2025-06-14,Diagnostic & Monitoring,Digital Otoscope,3,10453.74,9.5,Debit Card,Cancelled,Anjali Nair,WH-Bhiwandi (West),West
ORD-14242,CUST-1740,2025-01-02,Respiratory Care,Auto CPAP Machine,1,17346.15,8.6,COD,Returned,Ramesh Rao,WH-Bhiwandi (West),West
ORD-14243,CUST-1073,2026-05-05,Infusion & Vascular,IV Cannula (18G-24G),4,22645.26,11.0,Net Banking,Returned,Ramesh Rao,WH-Gurugram (North),North
ORD-14244,CUST-1554,2026-07-20,Surgical & Critical Care,Anesthesia Workstation,1,31202.6,0.4,Debit Card,Delivered,Vikram Patel,WH-Kolkata (East),East
ORD-14245,CUST-1441,2026-04-10,Surgical & Critical Care,Surgical Electrocautery Unit,1,7023.98,10.5,UPI,Delivered,Vikram Patel,WH-Bengaluru (South),South
ORD-14246,CUST-1127,2025-09-15,Diagnostic & Monitoring,Vascular Doppler,1,9691.35,2.0,Net Banking,Processing,Priya Sharma,WH-Kolkata (East),East
ORD-14247,CUST-1740,2026-07-12,Respiratory Care,Portable Oxygen Concentrator (5L),3,11935.27,13.0,Credit Card,Delivered,Priya Sharma,WH-Bengaluru (South),South
ORD-14248,CUST-1723,2026-01-02,Diagnostic & Monitoring,Digital Blood Pressure Monitor,3,16948.64,5.2,Credit Card,Cancelled,Priya Sharma,WH-Gurugram (North),North
ORD-14249,CUST-1482,2026-02-10,Diagnostic & Monitoring,Stethoscope (Cardiology Grade),4,15820.72,9.5,Net Banking,Delivered,Priya Sharma,WH-Bhiwandi (West),West
ORD-14250,CUST-1739,2026-01-06,Diagnostic & Monitoring,Capnograph Monitor,2,6000.27,10.8,Net Banking,Returned,Anjali Nair,WH-Kolkata (East),East
ORD-14251,CUST-1996,2025-04-25,Surgical & Critical Care,LED Surgical OT Light,5,18672.15,4.1,Credit Card,Returned,Priya Sharma,WH-Bengaluru (South),South
ORD-14252,CUST-1596,2025-05-18,Respiratory Care,Mesh Nebulizer,5,25541.52,13.9,UPI,Shipped,Anjali Nair,WH-Bhiwandi (West),West
ORD-14253,CUST-1199,2026-05-03,Diagnostic & Monitoring,Digital Spirometer,3,44722.64,13.2,Credit Card,Returned,Priya Sharma,WH-Bhiwandi (West),West
ORD-14254,CUST-1382,2026-05-07,Orthopedic & Mobility,Folding Lightweight Wheelchair,2,6623.85,12.3,Net Banking,Processing,Vikram Patel,WH-Bengaluru (South),South
ORD-14255,CUST-1128,2025-10-11,Orthopedic & Mobility,Folding Lightweight Wheelchair,1,13798.4,6.1,COD,Cancelled,Priya Sharma,WH-Bhiwandi (West),West
ORD-14256,CUST-1852,2026-06-10,Diabetes Care,Lancet Device,1,41116.3,8.4,UPI,Returned,Ramesh Rao,WH-Bengaluru (South),South
ORD-14257,CUST-1620,2025-07-10,Diagnostic & Monitoring,Multi-Para Patient Monitor,2,17453.26,8.2,COD,Delivered,Priya Sharma,WH-Gurugram (North),North
ORD-14258,CUST-1704,2025-06-09,Orthopedic & Mobility,Walking Frame with Castors,5,36793.73,5.0,UPI,Delivered,Anjali Nair,WH-Bengaluru (South),South
ORD-14259,CUST-1622,2026-05-01,Diagnostic & Monitoring,Multi-Para Patient Monitor,5,21010.52,14.6,COD,Processing,Priya Sharma,WH-Bhiwandi (West),West
ORD-14260,CUST-1026,2026-06-04,Surgical & Critical Care,Defibrillator & AED,5,17915.24,7.8,UPI,Delivered,Ramesh Rao,WH-Bhiwandi (West),West
ORD-14261,CUST-1448,2025-02-03,Sterilization & Lab,Digital Centrifuge Machine,4,13424.73,2.0,Credit Card,Cancelled,Vikram Patel,WH-Bengaluru (South),South
ORD-14262,CUST-1719,2026-04-14,Respiratory Care,Suction Machine,2,38915.08,8.6,UPI,Delivered,Ramesh Rao,WH-Bengaluru (South),South
ORD-14263,CUST-1393,2026-01-08,Surgical & Critical Care,LED Surgical OT Light,3,32342.12,4.9,Debit Card,Cancelled,Sanjay Verma,WH-Bengaluru (South),South
ORD-14264,CUST-1387,2026-07-17,Respiratory Care,Portable Oxygen Concentrator (5L),4,28857.06,8.4,Credit Card,Shipped,Ramesh Rao,WH-Kolkata (East),East
ORD-14265,CUST-1553,2026-01-02,Diabetes Care,Insulin Pump,3,40315.46,9.9,Debit Card,Delivered,Sanjay Verma,WH-Kolkata (East),East
ORD-14266,CUST-1213,2026-06-18,Respiratory Care,Compressor Nebulizer,5,35171.66,9.6,COD,Returned,Vikram Patel,WH-Gurugram (North),North
ORD-14267,CUST-1088,2026-01-21,Orthopedic & Mobility,Folding Lightweight Wheelchair,2,15070.51,0.5,COD,Delivered,Priya Sharma,WH-Gurugram (North),North
ORD-14268,CUST-1279,2026-04-08,Surgical & Critical Care,Anesthesia Workstation,3,1457.26,8.7,UPI,Delivered,Anjali Nair,WH-Kolkata (East),East
ORD-14269,CUST-1653,2025-04-28,Diagnostic & Monitoring,Vascular Doppler,4,35653.05,13.5,Net Banking,Cancelled,Vikram Patel,WH-Bengaluru (South),South
ORD-14270,CUST-1510,2025-05-15,Infusion & Vascular,Volumetric Infusion Pump,2,27383.13,11.9,UPI,Cancelled,Anjali Nair,WH-Bhiwandi (West),West
ORD-14271,CUST-1831,2026-03-25,Surgical & Critical Care,Surgical Electrocautery Unit,5,19837.37,8.3,UPI,Shipped,Ramesh Rao,WH-Bengaluru (South),South
ORD-14272,CUST-1533,2025-08-22,Diagnostic & Monitoring,Capnograph Monitor,2,30311.4,12.8,Credit Card,Returned,Priya Sharma,WH-Bhiwandi (West),West
ORD-14273,CUST-1005,2026-03-17,Respiratory Care,Portable Oxygen Concentrator (5L),1,36353.01,12.3,Credit Card,Delivered,Sanjay Verma,WH-Bengaluru (South),South
ORD-14274,CUST-1621,2025-01-20,Respiratory Care,High-Flow Nasal Cannula System,1,40354.45,11.4,Credit Card,Returned,Priya Sharma,WH-Bhiwandi (West),West
ORD-14275,CUST-1783,2026-04-26,Respiratory Care,Portable Oxygen Concentrator (5L),3,40497.68,14.8,UPI,Delivered,Priya Sharma,WH-Bhiwandi (West),West
ORD-14276,CUST-1154,2026-06-12,Diagnostic & Monitoring,Vascular Doppler,2,41852.43,4.5,COD,Delivered,Ramesh Rao,WH-Bengaluru (South),South
ORD-14277,CUST-1960,2026-02-25,Orthopedic & Mobility,TENS Physiotherapy Unit,3,38872.58,7.1,COD,Returned,Vikram Patel,WH-Bhiwandi (West),West
ORD-14278,CUST-1130,2025-10-12,Surgical & Critical Care,Electric Suction Apparatus,2,5365.02,11.6,UPI,Cancelled,Vikram Patel,WH-Bhiwandi (West),West
ORD-14279,CUST-1018,2026-05-31,Sterilization & Lab,UV Sterilizer Box,2,22951.63,7.5,Net Banking,Cancelled,Sanjay Verma,WH-Bhiwandi (West),West
ORD-14280,CUST-1398,2026-03-16,Diagnostic & Monitoring,Pulse Oximeter,2,39251.55,9.4,UPI,Delivered,Vikram Patel,WH-Kolkata (East),East
ORD-14281,CUST-1981,2025-05-11,Diagnostic & Monitoring,Multi-Para Patient Monitor,4,36559.26,13.2,Credit Card,Delivered,Vikram Patel,WH-Kolkata (East),East
ORD-14282,CUST-1651,2026-01-17,Diagnostic & Monitoring,Digital Spirometer,3,24768.68,2.5,COD,Shipped,Anjali Nair,WH-Kolkata (East),East
ORD-14283,CUST-1393,2026-03-15,Surgical & Critical Care,Laryngoscope Set,2,27251.79,0.9,UPI,Delivered,Anjali Nair,WH-Gurugram (North),North
ORD-14284,CUST-1625,2026-07-07,Diagnostic & Monitoring,Single-Channel ECG Machine,1,5319.92,0.4,Credit Card,Processing,Anjali Nair,WH-Bengaluru (South),South
ORD-14285,CUST-1611,2025-11-19,Infusion & Vascular,Central Venous Catheter Kit,5,34662.45,0.4,Debit Card,Delivered,Ramesh Rao,WH-Bengaluru (South),South
ORD-14286,CUST-1159,2026-01-01,Diagnostic & Monitoring,Infrared Non-Contact Thermometer,2,15569.08,12.8,COD,Delivered,Sanjay Verma,WH-Kolkata (East),East
ORD-14287,CUST-1354,2026-03-13,Respiratory Care,High-Flow Nasal Cannula System,5,12512.9,12.3,Credit Card,Cancelled,Anjali Nair,WH-Kolkata (East),East
ORD-14288,CUST-1970,2026-06-12,Surgical & Critical Care,Electric Suction Apparatus,3,43156.42,9.9,Debit Card,Returned,Sanjay Verma,WH-Gurugram (North),North
ORD-14289,CUST-1184,2026-06-23,Infusion & Vascular,Dialysis Catheter,3,900.89,10.7,Debit Card,Processing,Vikram Patel,WH-Kolkata (East),East
ORD-14290,CUST-1897,2026-06-30,Surgical & Critical Care,Laryngoscope Set,3,3183.74,3.3,COD,Delivered,Vikram Patel,WH-Kolkata (East),East
ORD-14291,CUST-1969,2026-07-18,Diagnostic & Monitoring,Digital Otoscope,3,34595.8,14.1,Net Banking,Delivered,Ramesh Rao,WH-Bhiwandi (West),West
ORD-14292,CUST-1203,2025-03-22,Diagnostic & Monitoring,Vascular Doppler,4,44021.31,14.2,UPI,Cancelled,Sanjay Verma,WH-Bengaluru (South),South
ORD-14293,CUST-1545,2025-11-22,Diagnostic & Monitoring,Vascular Doppler,3,13934.75,1.9,Debit Card,Processing,Sanjay Verma,WH-Gurugram (North),North
ORD-14294,CUST-1247,2026-03-07,Infusion & Vascular,Syringe Driver Pump,1,37034.73,14.9,Debit Card,Returned,Sanjay Verma,WH-Kolkata (East),East
ORD-14295,CUST-1540,2026-05-06,Diagnostic & Monitoring,Digital Blood Pressure Monitor,5,6567.4,10.5,Net Banking,Returned,Vikram Patel,WH-Bengaluru (South),South
ORD-14296,CUST-1743,2026-06-22,Home Healthcare,Peak Flow Meter,2,21501.84,1.7,UPI,Delivered,Priya Sharma,WH-Bengaluru (South),South
ORD-14297,CUST-1845,2025-07-09,Sterilization & Lab,Digital Centrifuge Machine,1,21287.47,4.8,Credit Card,Delivered,Priya Sharma,WH-Kolkata (East),East
ORD-14298,CUST-1415,2026-03-25,Surgical & Critical Care,Pulse Generator Pacemaker,3,37897.25,13.9,COD,Delivered,Sanjay Verma,WH-Bhiwandi (West),West
ORD-14299,CUST-1226,2026-02-26,Respiratory Care,BiPAP Machine,3,6792.95,14.9,Debit Card,Shipped,Ramesh Rao,WH-Kolkata (East),East
ORD-14300,CUST-1612,2026-01-03,Diagnostic & Monitoring,Digital Otoscope,3,7354.26,10.6,Credit Card,Cancelled,Vikram Patel,WH-Gurugram (North),North
ORD-14301,CUST-1095,2026-05-17,Orthopedic & Mobility,Motorized Wheelchair,4,33762.33,12.4,UPI,Cancelled,Priya Sharma,WH-Kolkata (East),East
ORD-14302,CUST-1989,2025-04-05,Respiratory Care,Mesh Nebulizer,1,40143.37,11.0,Debit Card,Cancelled,Sanjay Verma,WH-Kolkata (East),East
ORD-14303,CUST-1828,2026-02-26,Diagnostic & Monitoring,Vascular Doppler,3,16253.19,10.3,Credit Card,Delivered,Vikram Patel,WH-Bengaluru (South),South
ORD-14304,CUST-1275,2025-12-28,Diabetes Care,Insulin Pump,1,7603.86,3.3,UPI,Returned,Sanjay Verma,WH-Kolkata (East),East
ORD-14305,CUST-1373,2026-05-29,Orthopedic & Mobility,Folding Lightweight Wheelchair,3,26072.81,6.2,COD,Delivered,Priya Sharma,WH-Bhiwandi (West),West
ORD-14306,CUST-1839,2026-04-25,Respiratory Care,Mesh Nebulizer,2,22983.1,10.0,Credit Card,Delivered,Priya Sharma,WH-Kolkata (East),East
ORD-14307,CUST-1266,2025-10-25,Surgical & Critical Care,Defibrillator & AED,2,33169.75,5.9,Net Banking,Returned,Ramesh Rao,WH-Bhiwandi (West),West
ORD-14308,CUST-1377,2026-05-22,Diagnostic & Monitoring,Vascular Doppler,4,9242.72,12.7,Debit Card,Delivered,Anjali Nair,WH-Gurugram (North),North
ORD-14309,CUST-1946,2026-07-21,Surgical & Critical Care,Pulse Generator Pacemaker,1,12072.59,8.9,UPI,Delivered,Vikram Patel,WH-Bhiwandi (West),West
ORD-14310,CUST-1762,2026-03-30,Surgical & Critical Care,Laryngoscope Set,5,29238.84,14.8,Net Banking,Delivered,Ramesh Rao,WH-Kolkata (East),East
ORD-14311,CUST-1105,2025-12-31,Diagnostic & Monitoring,Digital Spirometer,3,3479.81,14.4,Credit Card,Delivered,Vikram Patel,WH-Bengaluru (South),South
ORD-14312,CUST-1059,2025-10-11,Orthopedic & Mobility,TENS Physiotherapy Unit,5,31176.58,6.6,Debit Card,Delivered,Sanjay Verma,WH-Gurugram (North),North
ORD-14313,CUST-1085,2026-07-03,Sterilization & Lab,Tabletop Steam Autoclave,1,35162.39,11.5,Credit Card,Delivered,Vikram Patel,WH-Bengaluru (South),South
ORD-14314,CUST-1784,2026-02-25,Surgical & Critical Care,Surgical Stapler,1,27577.04,11.2,Debit Card,Delivered,Ramesh Rao,WH-Bengaluru (South),South
ORD-14315,CUST-1651,2026-06-22,Respiratory Care,Auto CPAP Machine,2,42006.84,11.2,COD,Delivered,Ramesh Rao,WH-Bhiwandi (West),West
ORD-14316,CUST-1093,2025-02-28,Surgical & Critical Care,Defibrillator & AED,3,23927.5,6.5,Net Banking,Delivered,Ramesh Rao,WH-Gurugram (North),North
ORD-14317,CUST-1585,2026-07-11,Diagnostic & Monitoring,Digital Spirometer,5,27747.3,3.8,Net Banking,Delivered,Vikram Patel,WH-Bhiwandi (West),West
ORD-14318,CUST-1877,2026-06-24,Diagnostic & Monitoring,Continuous Glucose Monitor (CGM),5,24291.91,5.1,Net Banking,Shipped,Vikram Patel,WH-Bengaluru (South),South
ORD-14319,CUST-1828,2026-07-20,Surgical & Critical Care,Laryngoscope Set,3,41872.1,2.1,Net Banking,Returned,Anjali Nair,WH-Bengaluru (South),South
ORD-14320,CUST-1153,2026-04-21,Sterilization & Lab,Digital Centrifuge Machine,3,21243.64,5.4,COD,Shipped,Vikram Patel,WH-Kolkata (East),East
ORD-14321,CUST-1496,2026-02-16,Surgical & Critical Care,Defibrillator & AED,2,1807.03,3.4,Credit Card,Returned,Vikram Patel,WH-Gurugram (North),North
ORD-14322,CUST-1009,2026-05-24,Home Healthcare,Electric Heating Pad,1,41367.0,7.5,COD,Delivered,Priya Sharma,WH-Bengaluru (South),South
ORD-14323,CUST-1430,2026-07-04,Surgical & Critical Care,Defibrillator & AED,2,34874.54,1.9,Credit Card,Returned,Vikram Patel,WH-Gurugram (North),North
ORD-14324,CUST-1011,2026-03-02,Diagnostic & Monitoring,Digital Spirometer,3,39224.39,5.9,Debit Card,Processing,Priya Sharma,WH-Bhiwandi (West),West
ORD-14325,CUST-1145,2026-04-02,Respiratory Care,Incentive Spirometer,1,39840.41,7.9,UPI,Returned,Ramesh Rao,WH-Bhiwandi (West),West
ORD-14326,CUST-1034,2026-01-19,Infusion & Vascular,Volumetric Infusion Pump,3,10183.13,2.2,UPI,Cancelled,Sanjay Verma,WH-Bhiwandi (West),West
ORD-14327,CUST-1167,2026-04-28,Diagnostic & Monitoring,Capnograph Monitor,1,23137.42,10.6,UPI,Cancelled,Sanjay Verma,WH-Kolkata (East),East
ORD-14328,CUST-1011,2026-01-05,Orthopedic & Mobility,Cervical Traction Unit,1,41415.5,0.5,COD,Delivered,Vikram Patel,WH-Bengaluru (South),South
ORD-14329,CUST-1248,2026-05-02,Home Healthcare,Peak Flow Meter,4,44692.98,0.8,Debit Card,Delivered,Priya Sharma,WH-Bhiwandi (West),West
ORD-14330,CUST-1026,2026-03-14,Sterilization & Lab,Ultrasound Cleaner,5,11867.75,6.2,UPI,Cancelled,Anjali Nair,WH-Gurugram (North),North
ORD-14331,CUST-1813,2026-07-12,Home Healthcare,Electric Heating Pad,4,23911.26,5.2,Debit Card,Delivered,Sanjay Verma,WH-Bhiwandi (West),West
ORD-14332,CUST-1453,2026-07-06,Home Healthcare,Peak Flow Meter,1,769.19,10.6,Credit Card,Shipped,Sanjay Verma,WH-Gurugram (North),North
ORD-14333,CUST-1805,2024-10-18,Surgical & Critical Care,Electric Suction Apparatus,5,17763.75,7.5,Credit Card,Returned,Vikram Patel,WH-Gurugram (North),North
ORD-14334,CUST-1240,2026-07-02,Respiratory Care,Portable Oxygen Concentrator (5L),1,17932.14,2.6,Net Banking,Cancelled,Sanjay Verma,WH-Bhiwandi (West),West
ORD-14335,CUST-1737,2025-03-14,Diagnostic & Monitoring,Multi-Para Patient Monitor,2,22339.37,6.2,Net Banking,Delivered,Ramesh Rao,WH-Bengaluru (South),South
ORD-14336,CUST-1869,2025-12-06,Orthopedic & Mobility,Walking Frame with Castors,2,9874.66,0.6,Debit Card,Returned,Ramesh Rao,WH-Bengaluru (South),South
ORD-14337,CUST-1270,2026-01-12,Diagnostic & Monitoring,Fetal Doppler Heart Rate Monitor,3,13531.63,3.4,Credit Card,Delivered,Anjali Nair,WH-Bhiwandi (West),West
ORD-14338,CUST-1903,2025-08-05,Infusion & Vascular,IV Cannula (18G-24G),4,33257.03,3.0,COD,Shipped,Anjali Nair,WH-Bengaluru (South),South
ORD-14339,CUST-1665,2025-11-25,Surgical & Critical Care,Surgical Electrocautery Unit,1,21162.39,2.2,Net Banking,Delivered,Vikram Patel,WH-Bhiwandi (West),West
ORD-14340,CUST-1997,2026-07-15,Home Healthcare,Peak Flow Meter,4,41407.69,10.6,Net Banking,Shipped,Priya Sharma,WH-Kolkata (East),East
ORD-14341,CUST-1149,2025-10-19,Respiratory Care,Incentive Spirometer,2,38793.13,2.8,UPI,Cancelled,Anjali Nair,WH-Bhiwandi (West),West
ORD-14342,CUST-1855,2025-10-02,Diagnostic & Monitoring,Capnograph Monitor,2,38165.79,11.3,Debit Card,Delivered,Anjali Nair,WH-Kolkata (East),East
ORD-14343,CUST-1582,2026-02-03,Orthopedic & Mobility,Cervical Traction Unit,2,36060.2,1.0,Debit Card,Shipped,Vikram Patel,WH-Gurugram (North),North
ORD-14344,CUST-1432,2025-11-08,Diabetes Care,Lancet Device,5,28899.67,5.3,Debit Card,Returned,Priya Sharma,WH-Bhiwandi (West),West
ORD-14345,CUST-1097,2026-01-16,Orthopedic & Mobility,Walking Frame with Castors,5,6276.1,1.7,Net Banking,Cancelled,Vikram Patel,WH-Gurugram (North),North
ORD-14346,CUST-1329,2026-04-26,Diagnostic & Monitoring,Digital Blood Pressure Monitor,1,9225.08,1.5,UPI,Processing,Priya Sharma,WH-Bengaluru (South),South
ORD-14347,CUST-1716,2026-01-15,Infusion & Vascular,Syringe Driver Pump,1,18641.61,12.1,Net Banking,Delivered,Sanjay Verma,WH-Kolkata (East),East
ORD-14348,CUST-1007,2026-07-17,Diabetes Care,Insulin Pump,3,12893.08,6.6,Credit Card,Shipped,Anjali Nair,WH-Gurugram (North),North
ORD-14349,CUST-1621,2026-07-02,Respiratory Care,Auto CPAP Machine,4,35610.23,3.1,COD,Shipped,Vikram Patel,WH-Gurugram (North),North
ORD-14350,CUST-1459,2026-07-20,Infusion & Vascular,Volumetric Infusion Pump,2,29265.95,12.4,Credit Card,Delivered,Ramesh Rao,WH-Bengaluru (South),South
ORD-14351,CUST-1442,2025-02-10,Home Healthcare,Electric Heating Pad,3,13504.63,7.9,Net Banking,Shipped,Priya Sharma,WH-Gurugram (North),North
ORD-14352,CUST-1974,2025-04-29,Diagnostic & Monitoring,Single-Channel ECG Machine,1,7497.26,11.8,COD,Returned,Sanjay Verma,WH-Gurugram (North),North
ORD-14353,CUST-1426,2025-09-05,Orthopedic & Mobility,Folding Lightweight Wheelchair,4,15957.89,10.8,Credit Card,Processing,Priya Sharma,WH-Kolkata (East),East
ORD-14354,CUST-1481,2026-04-19,Diabetes Care,Insulin Pump,1,41267.3,2.7,Credit Card,Returned,Anjali Nair,WH-Kolkata (East),East
ORD-14355,CUST-1918,2025-10-21,Sterilization & Lab,Digital Centrifuge Machine,4,38396.54,11.2,Credit Card,Delivered,Priya Sharma,WH-Bengaluru (South),South
ORD-14356,CUST-1495,2025-05-10,Diabetes Care,Blood Glucose Meter Kit,5,24247.67,0.5,Credit Card,Returned,Ramesh Rao,WH-Gurugram (North),North
ORD-14357,CUST-1187,2024-11-23,Respiratory Care,Incentive Spirometer,4,36593.16,5.9,COD,Returned,Priya Sharma,WH-Bhiwandi (West),West
ORD-14358,CUST-1175,2026-05-27,Sterilization & Lab,UV Sterilizer Box,5,38038.81,6.0,COD,Returned,Vikram Patel,WH-Kolkata (East),East
ORD-14359,CUST-1682,2025-10-20,Home Healthcare,Digital Vein Finder,2,18985.91,13.6,Credit Card,Delivered,Priya Sharma,WH-Bhiwandi (West),West
ORD-14360,CUST-1297,2026-03-02,Sterilization & Lab,UV Sterilizer Box,4,19764.34,2.2,COD,Delivered,Ramesh Rao,WH-Gurugram (North),North
ORD-14361,CUST-1449,2026-06-17,Home Healthcare,Peak Flow Meter,4,38040.56,11.7,Debit Card,Delivered,Vikram Patel,WH-Gurugram (North),North
ORD-14362,CUST-1790,2026-01-07,Respiratory Care,High-Flow Nasal Cannula System,2,38745.79,3.5,COD,Delivered,Sanjay Verma,WH-Kolkata (East),East
ORD-14363,CUST-1163,2026-01-23,Sterilization & Lab,Ultrasound Cleaner,4,15380.46,7.4,Debit Card,Processing,Sanjay Verma,WH-Bengaluru (South),South
ORD-14364,CUST-1358,2026-05-03,Orthopedic & Mobility,Cervical Traction Unit,2,29333.66,7.2,Credit Card,Processing,Ramesh Rao,WH-Kolkata (East),East
ORD-14365,CUST-1140,2026-04-25,Diagnostic & Monitoring,Digital Otoscope,4,3715.63,9.1,COD,Cancelled,Vikram Patel,WH-Gurugram (North),North
ORD-14366,CUST-1641,2025-12-25,Diagnostic & Monitoring,Vascular Doppler,1,40106.46,13.2,UPI,Delivered,Ramesh Rao,WH-Gurugram (North),North
ORD-14367,CUST-1393,2026-03-25,Sterilization & Lab,Ultrasound Cleaner,5,43477.96,6.5,UPI,Delivered,Anjali Nair,WH-Kolkata (East),East
ORD-14368,CUST-1619,2026-01-20,Diagnostic & Monitoring,Fetal Doppler Heart Rate Monitor,1,23232.76,12.4,Credit Card,Delivered,Ramesh Rao,WH-Gurugram (North),North
ORD-14369,CUST-1384,2026-04-15,Respiratory Care,Mesh Nebulizer,3,8925.08,6.0,COD,Cancelled,Vikram Patel,WH-Bhiwandi (West),West
ORD-14370,CUST-1576,2026-06-24,Diagnostic & Monitoring,Infrared Non-Contact Thermometer,4,29448.17,11.4,COD,Delivered,Ramesh Rao,WH-Gurugram (North),North
ORD-14371,CUST-1931,2026-06-17,Respiratory Care,BiPAP Machine,4,6036.74,5.9,UPI,Delivered,Sanjay Verma,WH-Kolkata (East),East
ORD-14372,CUST-1462,2026-05-24,Respiratory Care,Portable Oxygen Concentrator (5L),2,2520.19,10.5,COD,Delivered,Sanjay Verma,WH-Bhiwandi (West),West
ORD-14373,CUST-1123,2026-01-25,Orthopedic & Mobility,TENS Physiotherapy Unit,4,9261.94,14.2,Debit Card,Processing,Anjali Nair,WH-Gurugram (North),North
ORD-14374,CUST-1327,2026-06-24,Diagnostic & Monitoring,Digital Spirometer,1,22506.86,14.7,Net Banking,Delivered,Sanjay Verma,WH-Bhiwandi (West),West
ORD-14375,CUST-1745,2026-06-25,Respiratory Care,Auto CPAP Machine,2,9120.99,6.0,Debit Card,Processing,Anjali Nair,WH-Bhiwandi (West),West
ORD-14376,CUST-1194,2026-03-01,Infusion & Vascular,Volumetric Infusion Pump,1,38601.83,8.3,UPI,Returned,Anjali Nair,WH-Bengaluru (South),South
ORD-14377,CUST-1044,2025-09-15,Surgical & Critical Care,Electric Suction Apparatus,5,11397.2,4.5,Debit Card,Cancelled,Vikram Patel,WH-Bengaluru (South),South
ORD-14378,CUST-1907,2026-05-09,Infusion & Vascular,Syringe Driver Pump,1,8728.54,2.3,Credit Card,Processing,Sanjay Verma,WH-Gurugram (North),North
ORD-14379,CUST-1264,2026-04-10,Respiratory Care,Auto CPAP Machine,2,37282.8,6.8,UPI,Delivered,Priya Sharma,WH-Bhiwandi (West),West
ORD-14380,CUST-2000,2026-06-14,Orthopedic & Mobility,Motorized Wheelchair,2,33787.13,14.8,Credit Card,Delivered,Ramesh Rao,WH-Gurugram (North),North
ORD-14381,CUST-1057,2026-06-04,Diagnostic & Monitoring,Pulse Oximeter,5,38254.46,8.3,Debit Card,Delivered,Anjali Nair,WH-Bengaluru (South),South
ORD-14382,CUST-1099,2026-05-05,Home Healthcare,Digital Vein Finder,3,7073.22,11.9,Credit Card,Returned,Priya Sharma,WH-Gurugram (North),North
ORD-14383,CUST-1690,2026-03-22,Diagnostic & Monitoring,Pulse Oximeter,5,6610.44,14.4,Net Banking,Delivered,Sanjay Verma,WH-Bengaluru (South),South
ORD-14384,CUST-1027,2025-08-06,Diagnostic & Monitoring,Digital Blood Pressure Monitor,5,9758.19,12.5,COD,Returned,Vikram Patel,WH-Bhiwandi (West),West
ORD-14385,CUST-1503,2026-06-08,Home Healthcare,Digital Vein Finder,1,9602.2,8.0,UPI,Shipped,Sanjay Verma,WH-Bengaluru (South),South
ORD-14386,CUST-1825,2026-01-21,Sterilization & Lab,Ultrasound Cleaner,3,10505.11,11.0,Debit Card,Delivered,Anjali Nair,WH-Bengaluru (South),South
ORD-14387,CUST-1758,2026-07-07,Diagnostic & Monitoring,Vascular Doppler,2,18464.15,6.5,COD,Processing,Vikram Patel,WH-Bengaluru (South),South
ORD-14388,CUST-1640,2026-07-22,Diagnostic & Monitoring,Infrared Non-Contact Thermometer,4,26124.76,8.2,Debit Card,Processing,Ramesh Rao,WH-Bhiwandi (West),West
ORD-14389,CUST-1868,2026-01-25,Respiratory Care,BiPAP Machine,1,29561.81,5.1,Net Banking,Delivered,Ramesh Rao,WH-Bhiwandi (West),West
ORD-14390,CUST-1286,2026-05-15,Surgical & Critical Care,Electric Suction Apparatus,5,6760.99,11.3,Credit Card,Delivered,Vikram Patel,WH-Bhiwandi (West),West
ORD-14391,CUST-1181,2025-06-26,Home Healthcare,Peak Flow Meter,3,36070.24,4.2,Debit Card,Shipped,Ramesh Rao,WH-Kolkata (East),East
ORD-14392,CUST-1650,2026-04-07,Surgical & Critical Care,LED Surgical OT Light,2,5949.63,10.7,Debit Card,Delivered,Anjali Nair,WH-Kolkata (East),East
ORD-14393,CUST-1867,2026-01-28,Home Healthcare,Digital Vein Finder,5,7842.99,11.9,Debit Card,Delivered,Ramesh Rao,WH-Kolkata (East),East
ORD-14394,CUST-1024,2026-03-16,Orthopedic & Mobility,Air Mattress for Bedsores,2,8375.72,8.7,COD,Processing,Vikram Patel,WH-Bhiwandi (West),West
ORD-14395,CUST-1677,2026-01-04,Surgical & Critical Care,Surgical Stapler,3,36401.5,11.0,Net Banking,Shipped,Ramesh Rao,WH-Kolkata (East),East
ORD-14396,CUST-1767,2026-01-16,Home Healthcare,Digital Vein Finder,1,24194.07,8.5,Debit Card,Returned,Vikram Patel,WH-Bengaluru (South),South
ORD-14397,CUST-1035,2025-10-28,Orthopedic & Mobility,TENS Physiotherapy Unit,3,34742.14,13.3,Credit Card,Returned,Ramesh Rao,WH-Bhiwandi (West),West
ORD-14398,CUST-1212,2026-05-30,Surgical & Critical Care,Electric Suction Apparatus,4,17561.08,4.3,COD,Returned,Sanjay Verma,WH-Kolkata (East),East
ORD-14399,CUST-1528,2025-10-19,Orthopedic & Mobility,TENS Physiotherapy Unit,2,9007.85,0.2,Credit Card,Delivered,Priya Sharma,WH-Gurugram (North),North
ORD-14400,CUST-1940,2026-06-15,Diagnostic & Monitoring,Fetal Doppler Heart Rate Monitor,5,13353.35,10.7,COD,Delivered,Anjali Nair,WH-Bengaluru (South),South
ORD-14401,CUST-1464,2026-02-06,Diagnostic & Monitoring,Vascular Doppler,4,15412.52,9.5,UPI,Delivered,Vikram Patel,WH-Bhiwandi (West),West
ORD-14402,CUST-1897,2025-10-21,Diagnostic & Monitoring,Infrared Non-Contact Thermometer,5,3896.98,11.7,UPI,Delivered,Priya Sharma,WH-Gurugram (North),North
ORD-14403,CUST-1988,2026-03-18,Surgical & Critical Care,Surgical Stapler,2,14073.88,3.9,Debit Card,Delivered,Priya Sharma,WH-Kolkata (East),East
ORD-14404,CUST-1351,2024-12-16,Respiratory Care,Mesh Nebulizer,3,30407.44,11.7,UPI,Delivered,Vikram Patel,WH-Bengaluru (South),South
ORD-14405,CUST-1324,2026-03-29,Sterilization & Lab,Digital Centrifuge Machine,3,20069.43,2.9,COD,Delivered,Ramesh Rao,WH-Gurugram (North),North
ORD-14406,CUST-1773,2026-05-12,Infusion & Vascular,IV Cannula (18G-24G),5,28799.4,6.7,Credit Card,Delivered,Ramesh Rao,WH-Gurugram (North),North
ORD-14407,CUST-1651,2026-04-11,Diagnostic & Monitoring,Single-Channel ECG Machine,3,35486.65,9.6,COD,Delivered,Sanjay Verma,WH-Bhiwandi (West),West
ORD-14408,CUST-1856,2025-02-18,Home Healthcare,Electric Heating Pad,4,27909.29,9.9,UPI,Delivered,Sanjay Verma,WH-Kolkata (East),East
ORD-14409,CUST-1289,2025-01-07,Sterilization & Lab,UV Sterilizer Box,1,36824.92,2.9,Debit Card,Delivered,Sanjay Verma,WH-Kolkata (East),East
ORD-14410,CUST-1712,2026-07-17,Diagnostic & Monitoring,Infrared Non-Contact Thermometer,3,7277.73,4.3,COD,Returned,Ramesh Rao,WH-Bengaluru (South),South
ORD-14411,CUST-1001,2026-05-26,Home Healthcare,Digital Vein Finder,3,23593.93,7.4,COD,Delivered,Sanjay Verma,WH-Kolkata (East),East
ORD-14412,CUST-1241,2025-09-22,Infusion & Vascular,Dialysis Catheter,5,29077.66,8.3,UPI,Returned,Anjali Nair,WH-Gurugram (North),North
ORD-14413,CUST-1005,2026-01-29,Respiratory Care,Mesh Nebulizer,2,24005.84,0.1,Net Banking,Delivered,Ramesh Rao,WH-Bengaluru (South),South
ORD-14414,CUST-1811,2025-12-14,Diagnostic & Monitoring,Digital Blood Pressure Monitor,5,40550.76,10.4,Debit Card,Returned,Sanjay Verma,WH-Gurugram (North),North
ORD-14415,CUST-1774,2026-06-19,Respiratory Care,Auto CPAP Machine,3,44603.02,3.0,Net Banking,Delivered,Vikram Patel,WH-Gurugram (North),North
ORD-14416,CUST-1991,2026-03-14,Home Healthcare,Digital Vein Finder,3,25628.33,10.6,Debit Card,Delivered,Vikram Patel,WH-Gurugram (North),North
ORD-14417,CUST-1183,2025-04-02,Diagnostic & Monitoring,Single-Channel ECG Machine,2,40518.78,6.8,UPI,Cancelled,Vikram Patel,WH-Gurugram (North),North
ORD-14418,CUST-1519,2025-09-17,Orthopedic & Mobility,Air Mattress for Bedsores,3,19783.96,13.2,Credit Card,Returned,Vikram Patel,WH-Bhiwandi (West),West
ORD-14419,CUST-1051,2025-05-20,Sterilization & Lab,Digital Centrifuge Machine,5,12766.4,12.8,UPI,Delivered,Priya Sharma,WH-Gurugram (North),North
ORD-14420,CUST-1149,2025-12-22,Home Healthcare,Electric Heating Pad,2,43872.28,11.1,Credit Card,Delivered,Anjali Nair,WH-Gurugram (North),North
ORD-14421,CUST-1202,2026-03-16,Infusion & Vascular,Central Venous Catheter Kit,4,7644.72,0.8,Credit Card,Cancelled,Vikram Patel,WH-Bengaluru (South),South
ORD-14422,CUST-1285,2025-04-13,Orthopedic & Mobility,Motorized Wheelchair,5,27064.38,1.7,COD,Delivered,Anjali Nair,WH-Kolkata (East),East
ORD-14423,CUST-1835,2025-12-20,Respiratory Care,Compressor Nebulizer,5,40226.15,7.1,Net Banking,Cancelled,Priya Sharma,WH-Bengaluru (South),South
ORD-14424,CUST-1373,2026-06-06,Diagnostic & Monitoring,Vascular Doppler,5,7341.88,7.2,UPI,Shipped,Ramesh Rao,WH-Bengaluru (South),South
ORD-14425,CUST-1006,2025-05-17,Sterilization & Lab,Tabletop Steam Autoclave,3,42488.94,13.2,Credit Card,Processing,Anjali Nair,WH-Bhiwandi (West),West
ORD-14426,CUST-1465,2025-10-15,Respiratory Care,Incentive Spirometer,3,7106.45,10.8,UPI,Delivered,Vikram Patel,WH-Kolkata (East),East
ORD-14427,CUST-1172,2026-06-24,Surgical & Critical Care,LED Surgical OT Light,3,16794.55,1.0,Debit Card,Delivered,Sanjay Verma,WH-Bengaluru (South),South
ORD-14428,CUST-1270,2025-02-23,Sterilization & Lab,Ultrasound Cleaner,3,29224.98,9.7,UPI,Returned,Anjali Nair,WH-Gurugram (North),North
ORD-14429,CUST-1469,2026-05-25,Diagnostic & Monitoring,Multi-Para Patient Monitor,2,2050.9,10.0,Net Banking,Delivered,Vikram Patel,WH-Gurugram (North),North
ORD-14430,CUST-1248,2025-03-19,Surgical & Critical Care,Electric Suction Apparatus,5,29599.89,8.9,Net Banking,Delivered,Anjali Nair,WH-Kolkata (East),East
ORD-14431,CUST-1551,2026-02-13,Diagnostic & Monitoring,Vascular Doppler,5,25789.53,5.5,Net Banking,Returned,Ramesh Rao,WH-Bhiwandi (West),West
ORD-14432,CUST-1737,2024-10-12,Respiratory Care,Suction Machine,3,30572.86,0.8,Credit Card,Delivered,Anjali Nair,WH-Kolkata (East),East
ORD-14433,CUST-1604,2026-04-09,Home Healthcare,Digital Vein Finder,5,3518.66,13.5,UPI,Delivered,Priya Sharma,WH-Kolkata (East),East
ORD-14434,CUST-1402,2024-12-01,Respiratory Care,Auto CPAP Machine,3,44616.28,8.8,UPI,Delivered,Anjali Nair,WH-Bhiwandi (West),West
ORD-14435,CUST-1799,2026-04-08,Diabetes Care,Insulin Pen Injector,5,11055.59,13.3,COD,Delivered,Priya Sharma,WH-Kolkata (East),East
ORD-14436,CUST-1875,2026-03-09,Surgical & Critical Care,Surgical Electrocautery Unit,2,38319.03,4.7,Net Banking,Delivered,Vikram Patel,WH-Bengaluru (South),South
ORD-14437,CUST-1635,2026-02-26,Diagnostic & Monitoring,Pulse Oximeter,1,23818.26,10.2,COD,Delivered,Vikram Patel,WH-Bengaluru (South),South
ORD-14438,CUST-1208,2026-05-08,Respiratory Care,Compressor Nebulizer,3,37469.26,3.1,Debit Card,Processing,Vikram Patel,WH-Bhiwandi (West),West
ORD-14439,CUST-1311,2025-06-25,Diagnostic & Monitoring,Fetal Doppler Heart Rate Monitor,3,12013.22,2.6,Net Banking,Delivered,Ramesh Rao,WH-Bhiwandi (West),West
ORD-14440,CUST-1545,2026-05-20,Diagnostic & Monitoring,Infrared Non-Contact Thermometer,3,24236.04,4.6,Net Banking,Processing,Sanjay Verma,WH-Bengaluru (South),South
ORD-14441,CUST-1009,2025-10-21,Diabetes Care,Lancet Device,4,36831.97,11.6,UPI,Processing,Sanjay Verma,WH-Bengaluru (South),South
ORD-14442,CUST-1359,2025-12-22,Sterilization & Lab,UV Sterilizer Box,4,21262.34,2.2,Debit Card,Returned,Ramesh Rao,WH-Bhiwandi (West),West
ORD-14443,CUST-1641,2025-10-13,Respiratory Care,Auto CPAP Machine,1,28811.31,1.1,Net Banking,Processing,Anjali Nair,WH-Bhiwandi (West),West
ORD-14444,CUST-1456,2026-06-12,Surgical & Critical Care,Electric Suction Apparatus,1,4317.91,2.4,COD,Delivered,Sanjay Verma,WH-Bengaluru (South),South
ORD-14445,CUST-1011,2026-07-19,Diagnostic & Monitoring,Stethoscope (Cardiology Grade),1,21983.58,13.2,Credit Card,Delivered,Anjali Nair,WH-Bengaluru (South),South
ORD-14446,CUST-1903,2025-05-05,Respiratory Care,Compressor Nebulizer,5,1516.0,0.0,COD,Cancelled,Vikram Patel,WH-Bhiwandi (West),West
ORD-14447,CUST-1751,2026-03-04,Orthopedic & Mobility,Folding Lightweight Wheelchair,2,31126.69,0.4,Net Banking,Returned,Anjali Nair,WH-Bengaluru (South),South
ORD-14448,CUST-1625,2026-07-21,Respiratory Care,Incentive Spirometer,4,19612.46,13.6,Net Banking,Cancelled,Ramesh Rao,WH-Kolkata (East),East
ORD-14449,CUST-1576,2026-07-16,Sterilization & Lab,Tabletop Steam Autoclave,4,30347.77,6.6,Net Banking,Delivered,Sanjay Verma,WH-Kolkata (East),East
ORD-14450,CUST-1996,2025-08-14,Sterilization & Lab,Digital Centrifuge Machine,3,2596.44,10.1,Credit Card,Delivered,Priya Sharma,WH-Bhiwandi (West),West
ORD-14451,CUST-1448,2024-10-01,Diagnostic & Monitoring,Pulse Oximeter,2,8429.44,10.4,UPI,Returned,Ramesh Rao,WH-Bhiwandi (West),West
ORD-14452,CUST-1732,2025-06-07,Surgical & Critical Care,Laryngoscope Set,2,16265.32,8.6,Credit Card,Delivered,Vikram Patel,WH-Gurugram (North),North
ORD-14453,CUST-1906,2025-10-31,Diagnostic & Monitoring,Pulse Oximeter,1,9139.39,12.8,COD,Delivered,Ramesh Rao,WH-Kolkata (East),East
ORD-14454,CUST-1139,2026-05-26,Diagnostic & Monitoring,Infrared Non-Contact Thermometer,2,35693.26,2.3,COD,Shipped,Anjali Nair,WH-Bengaluru (South),South
ORD-14455,CUST-1352,2026-06-09,Diagnostic & Monitoring,Vascular Doppler,1,8501.92,4.0,Credit Card,Delivered,Vikram Patel,WH-Bhiwandi (West),West
ORD-14456,CUST-1997,2026-07-12,Respiratory Care,Incentive Spirometer,4,33211.51,12.9,UPI,Delivered,Vikram Patel,WH-Kolkata (East),East
ORD-14457,CUST-1305,2026-06-17,Diagnostic & Monitoring,Digital Blood Pressure Monitor,4,9580.49,5.7,Debit Card,Delivered,Sanjay Verma,WH-Bengaluru (South),South
ORD-14458,CUST-1036,2026-03-25,Orthopedic & Mobility,Motorized Wheelchair,1,40868.96,7.4,COD,Delivered,Ramesh Rao,WH-Kolkata (East),East
ORD-14459,CUST-1975,2025-08-08,Diagnostic & Monitoring,Multi-Para Patient Monitor,5,32308.36,6.2,UPI,Shipped,Sanjay Verma,WH-Bhiwandi (West),West
ORD-14460,CUST-1953,2024-10-30,Infusion & Vascular,Syringe Driver Pump,1,27458.05,11.2,Net Banking,Processing,Anjali Nair,WH-Gurugram (North),North
ORD-14461,CUST-1302,2026-04-10,Diagnostic & Monitoring,Capnograph Monitor,1,32517.84,10.8,Credit Card,Cancelled,Sanjay Verma,WH-Kolkata (East),East
ORD-14462,CUST-1046,2026-02-28,Respiratory Care,High-Flow Nasal Cannula System,4,35141.11,11.5,UPI,Returned,Priya Sharma,WH-Kolkata (East),East
ORD-14463,CUST-1175,2026-05-23,Surgical & Critical Care,Surgical Electrocautery Unit,5,37113.86,11.9,Debit Card,Delivered,Priya Sharma,WH-Bhiwandi (West),West
ORD-14464,CUST-1398,2025-08-12,Sterilization & Lab,UV Sterilizer Box,5,30435.05,6.6,COD,Returned,Priya Sharma,WH-Bengaluru (South),South
ORD-14465,CUST-1027,2026-05-14,Respiratory Care,BiPAP Machine,2,17276.02,0.9,Credit Card,Delivered,Ramesh Rao,WH-Gurugram (North),North
ORD-14466,CUST-1377,2026-05-26,Diagnostic & Monitoring,Fetal Doppler Heart Rate Monitor,3,2891.23,2.6,COD,Processing,Ramesh Rao,WH-Bhiwandi (West),West
ORD-14467,CUST-1112,2026-04-25,Surgical & Critical Care,Pulse Generator Pacemaker,3,10569.64,13.0,Net Banking,Shipped,Anjali Nair,WH-Kolkata (East),East
ORD-14468,CUST-1190,2026-07-15,Orthopedic & Mobility,Motorized Wheelchair,2,15307.72,14.1,UPI,Delivered,Sanjay Verma,WH-Gurugram (North),North
ORD-14469,CUST-1346,2025-11-11,Surgical & Critical Care,Pulse Generator Pacemaker,4,43092.83,1.5,Debit Card,Cancelled,Vikram Patel,WH-Bhiwandi (West),West
ORD-14470,CUST-1762,2026-05-22,Diabetes Care,Blood Glucose Meter Kit,4,25364.53,6.1,Debit Card,Processing,Vikram Patel,WH-Bhiwandi (West),West
ORD-14471,CUST-1119,2026-01-17,Surgical & Critical Care,Defibrillator & AED,1,35945.97,10.4,UPI,Shipped,Vikram Patel,WH-Bhiwandi (West),West
ORD-14472,CUST-1477,2026-07-01,Respiratory Care,BiPAP Machine,2,28936.91,11.9,Credit Card,Cancelled,Priya Sharma,WH-Bengaluru (South),South
ORD-14473,CUST-1532,2026-01-06,Diagnostic & Monitoring,Digital Blood Pressure Monitor,2,22861.78,2.8,Debit Card,Processing,Priya Sharma,WH-Gurugram (North),North
ORD-14474,CUST-1010,2025-03-02,Respiratory Care,Suction Machine,2,29097.77,2.3,Debit Card,Delivered,Sanjay Verma,WH-Kolkata (East),East
ORD-14475,CUST-1168,2025-10-25,Orthopedic & Mobility,Folding Lightweight Wheelchair,4,28463.54,6.7,UPI,Delivered,Anjali Nair,WH-Bengaluru (South),South
ORD-14476,CUST-1853,2025-09-21,Diagnostic & Monitoring,Fetal Doppler Heart Rate Monitor,2,37846.34,6.1,Debit Card,Processing,Vikram Patel,WH-Gurugram (North),North
ORD-14477,CUST-1058,2025-09-30,Surgical & Critical Care,Surgical Stapler,2,43213.95,11.6,Credit Card,Processing,Vikram Patel,WH-Bhiwandi (West),West
ORD-14478,CUST-1789,2024-10-31,Diagnostic & Monitoring,Stethoscope (Cardiology Grade),5,22393.38,1.5,COD,Delivered,Sanjay Verma,WH-Gurugram (North),North
ORD-14479,CUST-1198,2026-03-02,Respiratory Care,Auto CPAP Machine,1,38113.97,14.1,Debit Card,Returned,Ramesh Rao,WH-Bengaluru (South),South
ORD-14480,CUST-1582,2026-02-16,Sterilization & Lab,UV Sterilizer Box,4,40476.34,5.5,Credit Card,Shipped,Sanjay Verma,WH-Bhiwandi (West),West
ORD-14481,CUST-1732,2026-02-07,Respiratory Care,BiPAP Machine,2,1598.86,4.8,COD,Cancelled,Sanjay Verma,WH-Gurugram (North),North
ORD-14482,CUST-1064,2026-05-17,Surgical & Critical Care,Laryngoscope Set,4,16357.26,1.1,UPI,Returned,Priya Sharma,WH-Bengaluru (South),South
ORD-14483,CUST-1601,2025-07-04,Surgical & Critical Care,Surgical Electrocautery Unit,1,7306.97,0.9,Net Banking,Cancelled,Priya Sharma,WH-Kolkata (East),East
ORD-14484,CUST-1401,2025-08-24,Respiratory Care,Suction Machine,2,2992.31,13.8,Credit Card,Delivered,Vikram Patel,WH-Bengaluru (South),South
ORD-14485,CUST-1206,2025-08-25,Surgical & Critical Care,LED Surgical OT Light,3,28891.65,7.7,Net Banking,Returned,Sanjay Verma,WH-Bhiwandi (West),West
ORD-14486,CUST-1353,2026-05-25,Diagnostic & Monitoring,Multi-Para Patient Monitor,2,26588.85,12.1,UPI,Processing,Sanjay Verma,WH-Bhiwandi (West),West
ORD-14487,CUST-1456,2025-11-19,Infusion & Vascular,IV Cannula (18G-24G),1,9224.62,10.2,Credit Card,Cancelled,Anjali Nair,WH-Bhiwandi (West),West
ORD-14488,CUST-1769,2025-10-07,Orthopedic & Mobility,Motorized Wheelchair,2,33520.96,12.1,UPI,Processing,Ramesh Rao,WH-Bengaluru (South),South
ORD-14489,CUST-1335,2026-06-08,Diagnostic & Monitoring,Stethoscope (Cardiology Grade),5,35682.76,6.1,Credit Card,Delivered,Vikram Patel,WH-Gurugram (North),North
ORD-14490,CUST-1936,2025-03-15,Orthopedic & Mobility,Cervical Traction Unit,4,21378.58,4.5,Debit Card,Processing,Priya Sharma,WH-Gurugram (North),North
ORD-14491,CUST-1361,2025-11-10,Orthopedic & Mobility,Cervical Traction Unit,2,37999.03,6.5,COD,Delivered,Ramesh Rao,WH-Bhiwandi (West),West
ORD-14492,CUST-1119,2025-07-03,Diagnostic & Monitoring,Stethoscope (Cardiology Grade),4,27751.55,6.3,UPI,Delivered,Vikram Patel,WH-Bhiwandi (West),West
ORD-14493,CUST-1243,2026-05-17,Sterilization & Lab,Digital Centrifuge Machine,2,5129.27,7.7,Net Banking,Cancelled,Ramesh Rao,WH-Gurugram (North),North
ORD-14494,CUST-1693,2025-02-04,Sterilization & Lab,Digital Centrifuge Machine,3,19002.03,8.8,Net Banking,Shipped,Vikram Patel,WH-Bhiwandi (West),West
ORD-14495,CUST-1989,2025-04-21,Diagnostic & Monitoring,Vascular Doppler,1,21306.92,13.3,Net Banking,Cancelled,Sanjay Verma,WH-Gurugram (North),North
ORD-14496,CUST-1328,2026-07-19,Respiratory Care,Auto CPAP Machine,2,17030.06,5.5,Credit Card,Returned,Anjali Nair,WH-Bhiwandi (West),West
ORD-14497,CUST-1655,2025-11-19,Diabetes Care,Insulin Pen Injector,5,38579.37,9.8,Credit Card,Cancelled,Ramesh Rao,WH-Bengaluru (South),South
ORD-14498,CUST-1154,2026-05-18,Diagnostic & Monitoring,Digital Blood Pressure Monitor,3,40933.78,14.8,Net Banking,Returned,Ramesh Rao,WH-Kolkata (East),East
ORD-14499,CUST-1352,2026-06-28,Surgical & Critical Care,Surgical Stapler,3,12762.7,5.0,UPI,Processing,Priya Sharma,WH-Bengaluru (South),South
ORD-14500,CUST-1294,2026-07-08,Diagnostic & Monitoring,Single-Channel ECG Machine,2,32145.42,4.1,Credit Card,Delivered,Ramesh Rao,WH-Bhiwandi (West),West
ORD-14501,CUST-1226,2026-02-14,Orthopedic & Mobility,Motorized Wheelchair,3,5250.7,1.8,Net Banking,Delivered,Sanjay Verma,WH-Gurugram (North),North
ORD-14502,CUST-1145,2026-03-03,Infusion & Vascular,Dialysis Catheter,1,37663.19,2.3,Net Banking,Returned,Sanjay Verma,WH-Bhiwandi (West),West
ORD-14503,CUST-1478,2026-05-11,Sterilization & Lab,Digital Centrifuge Machine,5,37778.38,13.0,Debit Card,Returned,Anjali Nair,WH-Bengaluru (South),South
ORD-14504,CUST-1261,2025-03-17,Orthopedic & Mobility,TENS Physiotherapy Unit,4,33152.13,0.4,COD,Cancelled,Sanjay Verma,WH-Kolkata (East),East
ORD-14505,CUST-1649,2026-03-07,Orthopedic & Mobility,Air Mattress for Bedsores,3,11399.82,3.5,Debit Card,Returned,Anjali Nair,WH-Gurugram (North),North
ORD-14506,CUST-1585,2026-07-08,Orthopedic & Mobility,Walking Frame with Castors,4,23036.51,1.8,Net Banking,Shipped,Priya Sharma,WH-Kolkata (East),East
ORD-14507,CUST-1509,2026-03-13,Diagnostic & Monitoring,Infrared Non-Contact Thermometer,4,8117.89,7.1,Credit Card,Processing,Ramesh Rao,WH-Kolkata (East),East
ORD-14508,CUST-1878,2026-01-16,Surgical & Critical Care,LED Surgical OT Light,3,24619.89,2.6,Credit Card,Returned,Ramesh Rao,WH-Kolkata (East),East
ORD-14509,CUST-1260,2025-12-10,Diagnostic & Monitoring,Digital Blood Pressure Monitor,5,26508.98,8.4,UPI,Delivered,Anjali Nair,WH-Bhiwandi (West),West
ORD-14510,CUST-1451,2026-07-09,Respiratory Care,Incentive Spirometer,1,18791.88,9.1,Debit Card,Delivered,Anjali Nair,WH-Bhiwandi (West),West
ORD-14511,CUST-1624,2025-11-17,Diagnostic & Monitoring,Fetal Doppler Heart Rate Monitor,2,5151.39,0.0,Debit Card,Delivered,Vikram Patel,WH-Kolkata (East),East
ORD-14512,CUST-1968,2026-04-03,Sterilization & Lab,Digital Centrifuge Machine,3,15958.39,11.3,Net Banking,Delivered,Sanjay Verma,WH-Kolkata (East),East
ORD-14513,CUST-1692,2026-05-02,Diabetes Care,Blood Glucose Meter Kit,2,28222.25,2.8,Net Banking,Cancelled,Vikram Patel,WH-Bengaluru (South),South
ORD-14514,CUST-1351,2025-12-12,Diagnostic & Monitoring,Digital Blood Pressure Monitor,4,27482.96,1.6,Debit Card,Processing,Sanjay Verma,WH-Kolkata (East),East
ORD-14515,CUST-1250,2026-06-09,Diabetes Care,Lancet Device,1,32760.54,1.9,Net Banking,Delivered,Anjali Nair,WH-Bhiwandi (West),West
ORD-14516,CUST-1046,2026-05-26,Orthopedic & Mobility,Air Mattress for Bedsores,4,8655.96,1.3,Credit Card,Delivered,Anjali Nair,WH-Gurugram (North),North
ORD-14517,CUST-1987,2026-01-22,Diagnostic & Monitoring,Continuous Glucose Monitor (CGM),5,17009.53,6.0,Net Banking,Cancelled,Priya Sharma,WH-Bhiwandi (West),West
ORD-14518,CUST-1671,2025-03-28,Diagnostic & Monitoring,Digital Blood Pressure Monitor,4,21835.35,2.7,COD,Processing,Ramesh Rao,WH-Bhiwandi (West),West
ORD-14519,CUST-1078,2026-03-17,Diagnostic & Monitoring,Pulse Oximeter,5,10588.65,4.0,Credit Card,Delivered,Anjali Nair,WH-Bhiwandi (West),West
ORD-14520,CUST-1623,2025-01-15,Diagnostic & Monitoring,Digital Otoscope,5,17547.85,3.2,COD,Cancelled,Anjali Nair,WH-Bhiwandi (West),West
ORD-14521,CUST-1134,2025-08-17,Home Healthcare,Peak Flow Meter,4,44303.74,10.8,COD,Delivered,Vikram Patel,WH-Gurugram (North),North
ORD-14522,CUST-1077,2026-07-06,Diagnostic & Monitoring,Single-Channel ECG Machine,2,28188.83,4.7,Net Banking,Delivered,Ramesh Rao,WH-Gurugram (North),North
ORD-14523,CUST-1400,2025-10-25,Home Healthcare,Peak Flow Meter,2,31256.26,6.2,COD,Cancelled,Anjali Nair,WH-Gurugram (North),North
ORD-14524,CUST-1377,2026-07-04,Respiratory Care,Incentive Spirometer,4,34416.12,2.3,Net Banking,Delivered,Anjali Nair,WH-Gurugram (North),North
ORD-14525,CUST-1708,2026-06-12,Diagnostic & Monitoring,Infrared Non-Contact Thermometer,1,19550.09,2.4,COD,Cancelled,Vikram Patel,WH-Bengaluru (South),South
ORD-14526,CUST-1608,2026-03-18,Orthopedic & Mobility,Walking Frame with Castors,1,10549.92,6.1,Credit Card,Processing,Ramesh Rao,WH-Gurugram (North),North
ORD-14527,CUST-1948,2026-07-10,Diabetes Care,Blood Glucose Meter Kit,2,39370.02,12.3,UPI,Returned,Sanjay Verma,WH-Gurugram (North),North
ORD-14528,CUST-1467,2025-07-09,Sterilization & Lab,Tabletop Steam Autoclave,1,1690.49,13.5,COD,Cancelled,Sanjay Verma,WH-Bengaluru (South),South
ORD-14529,CUST-1697,2026-03-12,Sterilization & Lab,UV Sterilizer Box,1,38280.84,10.4,Debit Card,Delivered,Sanjay Verma,WH-Kolkata (East),East
ORD-14530,CUST-1290,2026-06-06,Diagnostic & Monitoring,Capnograph Monitor,3,35549.93,13.1,Debit Card,Returned,Sanjay Verma,WH-Gurugram (North),North
ORD-14531,CUST-1996,2025-12-09,Diagnostic & Monitoring,Capnograph Monitor,1,40513.6,7.0,Net Banking,Delivered,Priya Sharma,WH-Bhiwandi (West),West
ORD-14532,CUST-1539,2025-02-10,Surgical & Critical Care,Surgical Stapler,5,31453.89,6.7,Credit Card,Delivered,Priya Sharma,WH-Gurugram (North),North
ORD-14533,CUST-1582,2026-03-10,Surgical & Critical Care,Electric Suction Apparatus,5,9110.48,13.7,Credit Card,Cancelled,Vikram Patel,WH-Bhiwandi (West),West
ORD-14534,CUST-1480,2026-07-07,Diagnostic & Monitoring,Infrared Non-Contact Thermometer,3,30385.33,6.9,Debit Card,Cancelled,Priya Sharma,WH-Bhiwandi (West),West
ORD-14535,CUST-1311,2025-01-18,Sterilization & Lab,Tabletop Steam Autoclave,4,1692.91,5.4,Credit Card,Delivered,Anjali Nair,WH-Bengaluru (South),South
ORD-14536,CUST-1358,2026-04-29,Sterilization & Lab,UV Sterilizer Box,4,28718.41,3.6,Credit Card,Delivered,Anjali Nair,WH-Bhiwandi (West),West
ORD-14537,CUST-1742,2026-06-20,Home Healthcare,Electric Heating Pad,4,38368.59,9.5,COD,Cancelled,Vikram Patel,WH-Gurugram (North),North
ORD-14538,CUST-1185,2026-04-23,Orthopedic & Mobility,Walking Frame with Castors,4,22903.4,11.3,COD,Cancelled,Priya Sharma,WH-Kolkata (East),East
ORD-14539,CUST-1447,2026-07-02,Sterilization & Lab,UV Sterilizer Box,4,41367.15,4.3,COD,Cancelled,Priya Sharma,WH-Bengaluru (South),South
ORD-14540,CUST-1013,2026-07-13,Infusion & Vascular,Dialysis Catheter,1,27128.89,5.1,UPI,Processing,Priya Sharma,WH-Bhiwandi (West),West
ORD-14541,CUST-1067,2025-11-28,Home Healthcare,Electric Heating Pad,3,11978.88,14.3,Net Banking,Processing,Ramesh Rao,WH-Kolkata (East),East
ORD-14542,CUST-1671,2025-07-21,Respiratory Care,High-Flow Nasal Cannula System,3,1018.07,1.4,UPI,Returned,Vikram Patel,WH-Kolkata (East),East
ORD-14543,CUST-1737,2025-09-25,Respiratory Care,Mesh Nebulizer,4,32479.8,7.7,Net Banking,Returned,Sanjay Verma,WH-Bhiwandi (West),West
ORD-14544,CUST-1372,2025-03-15,Sterilization & Lab,Digital Centrifuge Machine,5,34307.47,7.7,COD,Shipped,Priya Sharma,WH-Gurugram (North),North
ORD-14545,CUST-1763,2025-12-02,Diagnostic & Monitoring,Digital Spirometer,5,10699.21,7.1,Net Banking,Delivered,Sanjay Verma,WH-Kolkata (East),East
ORD-14546,CUST-1583,2026-04-11,Diagnostic & Monitoring,Fetal Doppler Heart Rate Monitor,1,24599.01,4.4,COD,Cancelled,Priya Sharma,WH-Kolkata (East),East
ORD-14547,CUST-1527,2025-09-27,Home Healthcare,Digital Vein Finder,5,36380.46,7.1,UPI,Returned,Priya Sharma,WH-Bengaluru (South),South
ORD-14548,CUST-1612,2026-06-19,Surgical & Critical Care,Defibrillator & AED,3,11464.92,10.3,COD,Processing,Sanjay Verma,WH-Gurugram (North),North
ORD-14549,CUST-1610,2026-02-01,Respiratory Care,Mesh Nebulizer,3,38196.73,14.2,COD,Cancelled,Priya Sharma,WH-Kolkata (East),East
ORD-14550,CUST-1968,2026-02-22,Surgical & Critical Care,Electric Suction Apparatus,4,2635.1,2.4,Net Banking,Processing,Vikram Patel,WH-Gurugram (North),North
ORD-14551,CUST-1261,2026-03-29,Surgical & Critical Care,Anesthesia Workstation,5,18388.03,6.1,Debit Card,Returned,Priya Sharma,WH-Bhiwandi (West),West
ORD-14552,CUST-1418,2025-10-18,Diagnostic & Monitoring,Infrared Non-Contact Thermometer,4,42882.21,8.5,UPI,Delivered,Ramesh Rao,WH-Bengaluru (South),South
ORD-14553,CUST-1274,2025-04-06,Diagnostic & Monitoring,Vascular Doppler,3,28835.83,10.8,UPI,Returned,Priya Sharma,WH-Bengaluru (South),South
ORD-14554,CUST-1798,2025-10-23,Surgical & Critical Care,Defibrillator & AED,3,15188.34,5.2,COD,Cancelled,Anjali Nair,WH-Gurugram (North),North
ORD-14555,CUST-1002,2026-02-22,Diabetes Care,Insulin Pump,4,2455.72,1.9,Credit Card,Shipped,Priya Sharma,WH-Kolkata (East),East
ORD-14556,CUST-1780,2026-01-03,Diagnostic & Monitoring,Fetal Doppler Heart Rate Monitor,5,25151.62,6.0,Credit Card,Delivered,Anjali Nair,WH-Bengaluru (South),South
ORD-14557,CUST-1406,2026-02-03,Respiratory Care,Incentive Spirometer,1,20704.52,14.3,UPI,Shipped,Vikram Patel,WH-Gurugram (North),North
ORD-14558,CUST-1868,2026-01-06,Diagnostic & Monitoring,Infrared Non-Contact Thermometer,5,9605.65,3.9,UPI,Delivered,Priya Sharma,WH-Gurugram (North),North
ORD-14559,CUST-1832,2025-05-14,Surgical & Critical Care,Laryngoscope Set,4,4339.57,5.3,Credit Card,Shipped,Priya Sharma,WH-Kolkata (East),East
ORD-14560,CUST-1225,2026-05-14,Orthopedic & Mobility,Folding Lightweight Wheelchair,2,975.12,5.4,Net Banking,Delivered,Sanjay Verma,WH-Bengaluru (South),South
ORD-14561,CUST-1150,2026-03-04,Infusion & Vascular,Dialysis Catheter,4,5497.68,4.6,Credit Card,Processing,Anjali Nair,WH-Bengaluru (South),South
ORD-14562,CUST-1022,2026-06-15,Diagnostic & Monitoring,Stethoscope (Cardiology Grade),3,2714.9,9.0,COD,Shipped,Anjali Nair,WH-Gurugram (North),North
ORD-14563,CUST-1557,2026-06-04,Orthopedic & Mobility,Cervical Traction Unit,2,24788.94,9.7,Debit Card,Returned,Priya Sharma,WH-Bengaluru (South),South
ORD-14564,CUST-1294,2026-06-08,Diagnostic & Monitoring,Capnograph Monitor,5,23511.61,3.0,UPI,Cancelled,Sanjay Verma,WH-Bhiwandi (West),West
ORD-14565,CUST-1880,2026-06-12,Diagnostic & Monitoring,Digital Spirometer,2,6305.83,8.5,Debit Card,Shipped,Ramesh Rao,WH-Bhiwandi (West),West
ORD-14566,CUST-1329,2026-07-20,Orthopedic & Mobility,TENS Physiotherapy Unit,2,13124.74,12.6,COD,Cancelled,Ramesh Rao,WH-Gurugram (North),North
ORD-14567,CUST-1766,2026-05-24,Home Healthcare,Electric Heating Pad,4,41203.42,7.2,Net Banking,Processing,Priya Sharma,WH-Bhiwandi (West),West
ORD-14568,CUST-1875,2026-01-11,Diabetes Care,Insulin Pen Injector,4,37239.73,5.8,Debit Card,Delivered,Sanjay Verma,WH-Kolkata (East),East
ORD-14569,CUST-1657,2026-05-13,Diagnostic & Monitoring,Single-Channel ECG Machine,1,4530.77,14.6,Net Banking,Cancelled,Ramesh Rao,WH-Bengaluru (South),South
ORD-14570,CUST-1156,2025-11-16,Respiratory Care,High-Flow Nasal Cannula System,2,38102.71,8.9,UPI,Delivered,Sanjay Verma,WH-Gurugram (North),North
ORD-14571,CUST-1094,2026-06-05,Surgical & Critical Care,LED Surgical OT Light,4,23748.97,11.9,COD,Delivered,Priya Sharma,WH-Bhiwandi (West),West
ORD-14572,CUST-1944,2026-05-27,Diabetes Care,Blood Glucose Meter Kit,3,21528.12,5.2,Credit Card,Shipped,Anjali Nair,WH-Gurugram (North),North
ORD-14573,CUST-1197,2026-06-22,Orthopedic & Mobility,Air Mattress for Bedsores,2,25855.09,1.1,Credit Card,Delivered,Sanjay Verma,WH-Kolkata (East),East
ORD-14574,CUST-1615,2025-06-19,Surgical & Critical Care,Surgical Stapler,1,3929.88,3.0,COD,Processing,Priya Sharma,WH-Gurugram (North),North
ORD-14575,CUST-1370,2024-11-25,Diagnostic & Monitoring,Stethoscope (Cardiology Grade),1,4716.8,8.5,Net Banking,Processing,Ramesh Rao,WH-Bhiwandi (West),West
ORD-14576,CUST-1182,2026-06-11,Respiratory Care,Auto CPAP Machine,3,3140.67,8.4,UPI,Delivered,Sanjay Verma,WH-Bhiwandi (West),West
ORD-14577,CUST-1917,2025-06-09,Surgical & Critical Care,Electric Suction Apparatus,1,13938.08,2.0,Debit Card,Cancelled,Priya Sharma,WH-Gurugram (North),North
ORD-14578,CUST-1936,2025-03-12,Infusion & Vascular,Central Venous Catheter Kit,5,31492.85,2.9,COD,Delivered,Sanjay Verma,WH-Bhiwandi (West),West
ORD-14579,CUST-1561,2025-11-15,Diagnostic & Monitoring,Digital Blood Pressure Monitor,4,29009.14,8.0,UPI,Cancelled,Ramesh Rao,WH-Kolkata (East),East
ORD-14580,CUST-1770,2026-06-02,Home Healthcare,Peak Flow Meter,1,16469.26,13.9,Net Banking,Delivered,Vikram Patel,WH-Kolkata (East),East
ORD-14581,CUST-1785,2026-07-03,Respiratory Care,Auto CPAP Machine,4,7882.52,6.8,Debit Card,Shipped,Vikram Patel,WH-Bhiwandi (West),West
ORD-14582,CUST-1311,2024-10-31,Home Healthcare,Electric Heating Pad,4,9839.78,6.8,Debit Card,Delivered,Vikram Patel,WH-Gurugram (North),North
ORD-14583,CUST-1461,2026-06-29,Sterilization & Lab,Tabletop Steam Autoclave,2,6664.85,2.6,Net Banking,Processing,Ramesh Rao,WH-Kolkata (East),East
ORD-14584,CUST-1691,2026-06-08,Home Healthcare,Electric Heating Pad,1,19960.74,7.2,Net Banking,Returned,Ramesh Rao,WH-Gurugram (North),North
ORD-14585,CUST-1068,2025-09-13,Diagnostic & Monitoring,Digital Blood Pressure Monitor,5,19552.05,0.6,Credit Card,Shipped,Ramesh Rao,WH-Bhiwandi (West),West
ORD-14586,CUST-1517,2025-12-31,Infusion & Vascular,Central Venous Catheter Kit,1,6619.29,6.6,UPI,Delivered,Ramesh Rao,WH-Bhiwandi (West),West
ORD-14587,CUST-1793,2026-05-23,Surgical & Critical Care,Surgical Electrocautery Unit,5,6353.32,6.1,COD,Delivered,Anjali Nair,WH-Kolkata (East),East
ORD-14588,CUST-1327,2026-04-30,Respiratory Care,Auto CPAP Machine,3,33250.21,2.7,Debit Card,Delivered,Vikram Patel,WH-Kolkata (East),East
ORD-14589,CUST-1485,2026-06-11,Diabetes Care,Insulin Pen Injector,4,25823.24,0.4,Net Banking,Delivered,Priya Sharma,WH-Kolkata (East),East
ORD-14590,CUST-1667,2026-07-05,Sterilization & Lab,Tabletop Steam Autoclave,3,37189.26,12.4,Credit Card,Delivered,Sanjay Verma,WH-Bhiwandi (West),West
ORD-14591,CUST-1911,2026-07-12,Diabetes Care,Insulin Pen Injector,5,25059.13,14.1,Credit Card,Returned,Ramesh Rao,WH-Gurugram (North),North
ORD-14592,CUST-1171,2026-06-15,Orthopedic & Mobility,Folding Lightweight Wheelchair,2,3555.28,2.3,Debit Card,Processing,Priya Sharma,WH-Gurugram (North),North
ORD-14593,CUST-1032,2025-10-03,Orthopedic & Mobility,TENS Physiotherapy Unit,5,7027.28,12.4,COD,Delivered,Anjali Nair,WH-Bhiwandi (West),West
ORD-14594,CUST-1663,2025-05-30,Respiratory Care,BiPAP Machine,2,32634.6,4.9,COD,Delivered,Anjali Nair,WH-Bhiwandi (West),West
ORD-14595,CUST-1380,2026-02-06,Respiratory Care,BiPAP Machine,1,10310.39,12.4,UPI,Shipped,Ramesh Rao,WH-Bengaluru (South),South
ORD-14596,CUST-1064,2026-07-04,Surgical & Critical Care,Anesthesia Workstation,5,11281.91,11.3,COD,Delivered,Anjali Nair,WH-Kolkata (East),East
ORD-14597,CUST-1144,2025-10-22,Respiratory Care,Incentive Spirometer,3,2471.08,2.4,Net Banking,Delivered,Ramesh Rao,WH-Bhiwandi (West),West
ORD-14598,CUST-1339,2026-05-06,Diabetes Care,Lancet Device,1,28760.39,4.7,Net Banking,Returned,Vikram Patel,WH-Bengaluru (South),South
ORD-14599,CUST-1047,2026-06-20,Sterilization & Lab,Tabletop Steam Autoclave,3,6460.18,5.4,Debit Card,Cancelled,Vikram Patel,WH-Bhiwandi (West),West
ORD-14600,CUST-1384,2026-02-21,Orthopedic & Mobility,Walking Frame with Castors,1,34198.49,3.4,Credit Card,Delivered,Ramesh Rao,WH-Bhiwandi (West),West
ORD-14601,CUST-1205,2026-07-08,Respiratory Care,Auto CPAP Machine,2,35066.16,5.2,Net Banking,Delivered,Ramesh Rao,WH-Kolkata (East),East
ORD-14602,CUST-1985,2025-12-04,Respiratory Care,Incentive Spirometer,4,21553.2,4.1,Debit Card,Returned,Sanjay Verma,WH-Bhiwandi (West),West
ORD-14603,CUST-1019,2026-06-02,Orthopedic & Mobility,Folding Lightweight Wheelchair,4,40570.02,9.6,UPI,Delivered,Vikram Patel,WH-Bengaluru (South),South
ORD-14604,CUST-1195,2025-06-15,Orthopedic & Mobility,Folding Lightweight Wheelchair,3,26113.84,2.9,UPI,Shipped,Ramesh Rao,WH-Bhiwandi (West),West
ORD-14605,CUST-1167,2026-03-22,Orthopedic & Mobility,Motorized Wheelchair,5,12180.15,0.4,UPI,Delivered,Anjali Nair,WH-Gurugram (North),North
ORD-14606,CUST-1600,2025-12-28,Diagnostic & Monitoring,Infrared Non-Contact Thermometer,5,18674.07,12.1,COD,Shipped,Priya Sharma,WH-Gurugram (North),North
ORD-14607,CUST-1243,2026-06-08,Diagnostic & Monitoring,Stethoscope (Cardiology Grade),5,2482.73,6.1,COD,Delivered,Anjali Nair,WH-Gurugram (North),North
ORD-14608,CUST-1197,2026-05-12,Surgical & Critical Care,Electric Suction Apparatus,2,43937.6,5.0,Credit Card,Cancelled,Ramesh Rao,WH-Bhiwandi (West),West
ORD-14609,CUST-1725,2026-06-10,Diagnostic & Monitoring,Infrared Non-Contact Thermometer,1,39432.19,2.7,Credit Card,Delivered,Priya Sharma,WH-Bengaluru (South),South
ORD-14610,CUST-1057,2026-04-27,Diagnostic & Monitoring,Digital Spirometer,1,43461.12,3.4,COD,Cancelled,Priya Sharma,WH-Bengaluru (South),South
ORD-14611,CUST-1132,2026-05-28,Diagnostic & Monitoring,Infrared Non-Contact Thermometer,3,21204.22,1.8,Net Banking,Delivered,Priya Sharma,WH-Bhiwandi (West),West
ORD-14612,CUST-1900,2026-05-18,Diagnostic & Monitoring,Continuous Glucose Monitor (CGM),4,3835.53,11.6,COD,Delivered,Ramesh Rao,WH-Kolkata (East),East
ORD-14613,CUST-1271,2026-04-24,Diagnostic & Monitoring,Infrared Non-Contact Thermometer,4,32835.61,8.6,COD,Shipped,Vikram Patel,WH-Gurugram (North),North
ORD-14614,CUST-1701,2026-06-22,Surgical & Critical Care,Laryngoscope Set,5,19865.11,4.5,COD,Cancelled,Ramesh Rao,WH-Bengaluru (South),South
ORD-14615,CUST-1318,2026-07-07,Diabetes Care,Insulin Pump,5,25976.85,11.5,Net Banking,Shipped,Sanjay Verma,WH-Kolkata (East),East
ORD-14616,CUST-1597,2025-12-09,Surgical & Critical Care,Defibrillator & AED,2,26325.66,12.0,UPI,Delivered,Vikram Patel,WH-Kolkata (East),East
ORD-14617,CUST-1550,2026-03-18,Infusion & Vascular,Syringe Driver Pump,1,30947.32,8.1,COD,Delivered,Ramesh Rao,WH-Kolkata (East),East
ORD-14618,CUST-1208,2026-05-04,Diagnostic & Monitoring,Single-Channel ECG Machine,1,16734.58,8.8,Debit Card,Cancelled,Anjali Nair,WH-Kolkata (East),East
ORD-14619,CUST-1129,2026-01-03,Respiratory Care,Compressor Nebulizer,2,24174.99,0.5,Net Banking,Cancelled,Ramesh Rao,WH-Gurugram (North),North
ORD-14620,CUST-1890,2026-04-08,Orthopedic & Mobility,Motorized Wheelchair,2,44712.19,7.6,UPI,Delivered,Sanjay Verma,WH-Kolkata (East),East
ORD-14621,CUST-1696,2024-12-30,Surgical & Critical Care,Pulse Generator Pacemaker,1,31664.14,1.3,COD,Returned,Anjali Nair,WH-Kolkata (East),East
ORD-14622,CUST-1727,2026-06-22,Surgical & Critical Care,Pulse Generator Pacemaker,4,2974.54,0.1,Credit Card,Processing,Anjali Nair,WH-Kolkata (East),East
ORD-14623,CUST-1202,2026-06-20,Sterilization & Lab,UV Sterilizer Box,2,16806.23,12.7,UPI,Delivered,Vikram Patel,WH-Gurugram (North),North
ORD-14624,CUST-1787,2025-07-07,Respiratory Care,Compressor Nebulizer,3,23708.88,6.9,COD,Delivered,Priya Sharma,WH-Bhiwandi (West),West
ORD-14625,CUST-1154,2026-05-31,Diagnostic & Monitoring,Digital Blood Pressure Monitor,5,9523.91,13.4,Net Banking,Processing,Vikram Patel,WH-Gurugram (North),North
ORD-14626,CUST-1662,2026-03-07,Infusion & Vascular,Central Venous Catheter Kit,5,6928.19,7.0,Debit Card,Delivered,Vikram Patel,WH-Bengaluru (South),South
ORD-14627,CUST-1699,2025-08-23,Diabetes Care,Blood Glucose Meter Kit,1,11312.73,9.4,COD,Delivered,Anjali Nair,WH-Gurugram (North),North
ORD-14628,CUST-1406,2026-02-03,Surgical & Critical Care,Surgical Electrocautery Unit,1,44902.09,6.4,COD,Delivered,Ramesh Rao,WH-Kolkata (East),East
ORD-14629,CUST-1816,2026-04-20,Infusion & Vascular,Syringe Driver Pump,1,18985.41,11.0,Net Banking,Delivered,Sanjay Verma,WH-Kolkata (East),East
ORD-14630,CUST-1952,2025-08-03,Home Healthcare,Digital Vein Finder,5,27499.34,11.1,Net Banking,Processing,Vikram Patel,WH-Gurugram (North),North
ORD-14631,CUST-1307,2025-10-31,Respiratory Care,High-Flow Nasal Cannula System,2,27132.15,13.2,COD,Processing,Vikram Patel,WH-Bengaluru (South),South
ORD-14632,CUST-1806,2025-08-09,Home Healthcare,Peak Flow Meter,5,12379.29,8.9,UPI,Returned,Anjali Nair,WH-Kolkata (East),East
ORD-14633,CUST-1951,2026-02-26,Diabetes Care,Blood Glucose Meter Kit,3,24843.22,0.4,Net Banking,Returned,Vikram Patel,WH-Bengaluru (South),South
ORD-14634,CUST-1908,2025-03-17,Orthopedic & Mobility,Motorized Wheelchair,1,28259.31,9.8,COD,Delivered,Ramesh Rao,WH-Gurugram (North),North
ORD-14635,CUST-1078,2026-05-23,Infusion & Vascular,Central Venous Catheter Kit,2,16376.97,14.1,Credit Card,Returned,Vikram Patel,WH-Gurugram (North),North
ORD-14636,CUST-1520,2026-02-03,Sterilization & Lab,Ultrasound Cleaner,3,25717.19,9.9,Credit Card,Shipped,Sanjay Verma,WH-Kolkata (East),East
ORD-14637,CUST-1161,2025-10-25,Home Healthcare,Peak Flow Meter,2,10597.01,10.2,Debit Card,Delivered,Ramesh Rao,WH-Gurugram (North),North
ORD-14638,CUST-1332,2025-10-21,Sterilization & Lab,UV Sterilizer Box,4,22664.69,10.9,Credit Card,Delivered,Vikram Patel,WH-Kolkata (East),East
ORD-14639,CUST-1440,2026-02-26,Surgical & Critical Care,LED Surgical OT Light,5,2186.15,11.0,Debit Card,Delivered,Sanjay Verma,WH-Bengaluru (South),South
ORD-14640,CUST-1164,2025-12-23,Diabetes Care,Insulin Pen Injector,1,8775.94,9.8,Net Banking,Cancelled,Sanjay Verma,WH-Gurugram (North),North
ORD-14641,CUST-1511,2025-07-05,Diagnostic & Monitoring,Digital Blood Pressure Monitor,4,23009.8,0.6,Net Banking,Processing,Priya Sharma,WH-Bhiwandi (West),West
ORD-14642,CUST-1320,2026-02-20,Diabetes Care,Insulin Pump,4,8924.43,12.3,COD,Delivered,Anjali Nair,WH-Kolkata (East),East
ORD-14643,CUST-1961,2025-02-17,Orthopedic & Mobility,Motorized Wheelchair,5,26046.31,8.2,UPI,Delivered,Anjali Nair,WH-Kolkata (East),East
ORD-14644,CUST-1682,2025-08-13,Diabetes Care,Insulin Pump,2,27279.13,12.6,Net Banking,Delivered,Priya Sharma,WH-Bhiwandi (West),West
ORD-14645,CUST-1829,2026-06-10,Diagnostic & Monitoring,Single-Channel ECG Machine,2,37408.52,0.0,Debit Card,Delivered,Anjali Nair,WH-Bengaluru (South),South
ORD-14646,CUST-1468,2025-06-11,Sterilization & Lab,UV Sterilizer Box,2,2715.69,5.0,COD,Cancelled,Anjali Nair,WH-Gurugram (North),North
ORD-14647,CUST-1658,2026-06-07,Surgical & Critical Care,Electric Suction Apparatus,3,34344.98,7.5,COD,Cancelled,Sanjay Verma,WH-Bengaluru (South),South
ORD-14648,CUST-1625,2026-07-06,Sterilization & Lab,Digital Centrifuge Machine,3,15970.88,10.7,UPI,Delivered,Ramesh Rao,WH-Gurugram (North),North
ORD-14649,CUST-1374,2025-06-07,Infusion & Vascular,Syringe Driver Pump,3,3572.13,0.7,Net Banking,Returned,Priya Sharma,WH-Gurugram (North),North
ORD-14650,CUST-1957,2025-11-07,Diagnostic & Monitoring,Digital Otoscope,3,37722.25,11.1,Net Banking,Shipped,Vikram Patel,WH-Bengaluru (South),South
ORD-14651,CUST-1909,2026-05-18,Diagnostic & Monitoring,Infrared Non-Contact Thermometer,4,2179.45,10.7,Debit Card,Processing,Sanjay Verma,WH-Bhiwandi (West),West
ORD-14652,CUST-1824,2025-12-28,Diagnostic & Monitoring,Multi-Para Patient Monitor,3,33496.47,1.1,COD,Shipped,Sanjay Verma,WH-Kolkata (East),East
ORD-14653,CUST-1662,2025-12-05,Infusion & Vascular,Volumetric Infusion Pump,2,36978.78,2.1,COD,Returned,Vikram Patel,WH-Bhiwandi (West),West
ORD-14654,CUST-1133,2026-06-06,Respiratory Care,BiPAP Machine,1,35463.23,14.7,UPI,Processing,Ramesh Rao,WH-Kolkata (East),East
ORD-14655,CUST-1891,2026-06-11,Orthopedic & Mobility,Motorized Wheelchair,5,14506.42,1.8,COD,Delivered,Priya Sharma,WH-Bengaluru (South),South
ORD-14656,CUST-1595,2026-07-09,Surgical & Critical Care,Laryngoscope Set,2,11465.39,4.2,Net Banking,Shipped,Vikram Patel,WH-Gurugram (North),North
ORD-14657,CUST-1984,2025-10-01,Infusion & Vascular,Syringe Driver Pump,5,34330.01,3.7,Debit Card,Delivered,Anjali Nair,WH-Gurugram (North),North
ORD-14658,CUST-1783,2026-02-05,Infusion & Vascular,Dialysis Catheter,4,37895.05,2.5,Debit Card,Delivered,Priya Sharma,WH-Bengaluru (South),South
ORD-14659,CUST-1544,2025-11-27,Respiratory Care,High-Flow Nasal Cannula System,5,4859.59,2.9,Net Banking,Processing,Sanjay Verma,WH-Gurugram (North),North
ORD-14660,CUST-1552,2025-12-17,Sterilization & Lab,Ultrasound Cleaner,2,24763.64,6.4,Debit Card,Delivered,Ramesh Rao,WH-Bhiwandi (West),West
ORD-14661,CUST-1560,2025-09-11,Infusion & Vascular,Dialysis Catheter,3,10046.6,9.2,Net Banking,Shipped,Sanjay Verma,WH-Bengaluru (South),South
ORD-14662,CUST-1899,2026-02-07,Surgical & Critical Care,Defibrillator & AED,4,29468.08,11.0,UPI,Processing,Priya Sharma,WH-Kolkata (East),East
ORD-14663,CUST-1525,2026-06-03,Orthopedic & Mobility,Motorized Wheelchair,2,14071.33,12.7,UPI,Returned,Anjali Nair,WH-Gurugram (North),North
ORD-14664,CUST-1357,2025-10-31,Respiratory Care,Auto CPAP Machine,2,37981.98,6.1,Net Banking,Delivered,Vikram Patel,WH-Kolkata (East),East
ORD-14665,CUST-1429,2026-03-07,Diabetes Care,Blood Glucose Meter Kit,4,3352.77,0.6,COD,Delivered,Vikram Patel,WH-Gurugram (North),North
ORD-14666,CUST-1775,2026-06-21,Sterilization & Lab,Ultrasound Cleaner,5,38326.65,3.8,COD,Shipped,Sanjay Verma,WH-Bhiwandi (West),West
ORD-14667,CUST-1103,2024-11-26,Respiratory Care,Incentive Spirometer,4,13231.59,2.6,COD,Cancelled,Ramesh Rao,WH-Bengaluru (South),South
ORD-14668,CUST-1865,2026-04-11,Surgical & Critical Care,Electric Suction Apparatus,1,41630.2,13.6,UPI,Cancelled,Vikram Patel,WH-Gurugram (North),North
ORD-14669,CUST-1990,2026-05-12,Diagnostic & Monitoring,Infrared Non-Contact Thermometer,2,36248.55,6.1,COD,Delivered,Priya Sharma,WH-Gurugram (North),North
ORD-14670,CUST-1071,2025-03-25,Respiratory Care,BiPAP Machine,5,4132.7,10.9,Net Banking,Delivered,Ramesh Rao,WH-Bengaluru (South),South
ORD-14671,CUST-1058,2026-03-31,Respiratory Care,High-Flow Nasal Cannula System,1,3153.4,13.2,COD,Processing,Vikram Patel,WH-Kolkata (East),East
ORD-14672,CUST-1267,2025-06-11,Home Healthcare,Electric Heating Pad,4,16528.04,12.8,Debit Card,Processing,Ramesh Rao,WH-Bengaluru (South),South
ORD-14673,CUST-1028,2026-05-12,Diagnostic & Monitoring,Fetal Doppler Heart Rate Monitor,3,32431.98,6.0,COD,Processing,Sanjay Verma,WH-Gurugram (North),North
ORD-14674,CUST-1784,2026-06-21,Diagnostic & Monitoring,Digital Blood Pressure Monitor,3,22213.86,10.2,COD,Processing,Sanjay Verma,WH-Gurugram (North),North
ORD-14675,CUST-1007,2026-07-13,Orthopedic & Mobility,Air Mattress for Bedsores,1,39411.91,3.3,Net Banking,Processing,Sanjay Verma,WH-Bengaluru (South),South
ORD-14676,CUST-1092,2026-03-17,Home Healthcare,Peak Flow Meter,3,19987.66,11.4,Debit Card,Delivered,Priya Sharma,WH-Gurugram (North),North
ORD-14677,CUST-1397,2026-07-19,Surgical & Critical Care,Surgical Stapler,2,22234.37,1.4,COD,Returned,Vikram Patel,WH-Bhiwandi (West),West
ORD-14678,CUST-1535,2025-08-28,Diagnostic & Monitoring,Pulse Oximeter,3,19224.27,2.2,COD,Processing,Ramesh Rao,WH-Kolkata (East),East
ORD-14679,CUST-1061,2026-07-09,Infusion & Vascular,Central Venous Catheter Kit,1,6476.01,8.8,Debit Card,Delivered,Anjali Nair,WH-Kolkata (East),East
ORD-14680,CUST-1172,2026-06-01,Infusion & Vascular,Dialysis Catheter,1,3492.87,11.5,UPI,Shipped,Vikram Patel,WH-Gurugram (North),North
ORD-14681,CUST-1846,2026-01-22,Infusion & Vascular,Volumetric Infusion Pump,4,9098.18,11.5,UPI,Returned,Sanjay Verma,WH-Kolkata (East),East
ORD-14682,CUST-1083,2026-06-18,Respiratory Care,Suction Machine,1,41963.66,12.4,Net Banking,Returned,Anjali Nair,WH-Gurugram (North),North
ORD-14683,CUST-1225,2025-09-11,Respiratory Care,Mesh Nebulizer,1,20450.27,0.9,Net Banking,Cancelled,Sanjay Verma,WH-Bhiwandi (West),West
ORD-14684,CUST-1453,2026-07-07,Diagnostic & Monitoring,Digital Otoscope,3,34136.5,1.7,Credit Card,Delivered,Anjali Nair,WH-Gurugram (North),North
ORD-14685,CUST-1156,2026-01-22,Sterilization & Lab,Ultrasound Cleaner,2,42560.02,10.9,Net Banking,Shipped,Ramesh Rao,WH-Bhiwandi (West),West
ORD-14686,CUST-1142,2026-07-05,Orthopedic & Mobility,Walking Frame with Castors,5,22661.29,3.3,Net Banking,Delivered,Vikram Patel,WH-Bengaluru (South),South
ORD-14687,CUST-1633,2026-07-08,Diagnostic & Monitoring,Infrared Non-Contact Thermometer,5,42411.29,12.4,COD,Returned,Priya Sharma,WH-Gurugram (North),North
ORD-14688,CUST-1357,2025-12-12,Orthopedic & Mobility,Motorized Wheelchair,4,39576.48,14.5,Debit Card,Shipped,Anjali Nair,WH-Bengaluru (South),South
ORD-14689,CUST-1588,2025-12-24,Home Healthcare,Peak Flow Meter,2,29226.27,1.4,COD,Shipped,Ramesh Rao,WH-Kolkata (East),East
ORD-14690,CUST-1987,2026-01-13,Surgical & Critical Care,LED Surgical OT Light,2,5344.89,8.2,UPI,Returned,Ramesh Rao,WH-Kolkata (East),East
ORD-14691,CUST-1917,2025-05-27,Diagnostic & Monitoring,Multi-Para Patient Monitor,5,27451.8,11.9,Net Banking,Shipped,Ramesh Rao,WH-Bhiwandi (West),West
ORD-14692,CUST-1943,2025-02-22,Respiratory Care,Auto CPAP Machine,2,18064.92,9.4,Credit Card,Delivered,Ramesh Rao,WH-Kolkata (East),East
ORD-14693,CUST-1291,2026-07-18,Infusion & Vascular,Syringe Driver Pump,3,43757.22,13.7,Debit Card,Shipped,Ramesh Rao,WH-Gurugram (North),North
ORD-14694,CUST-1208,2026-04-04,Diagnostic & Monitoring,Stethoscope (Cardiology Grade),2,3867.72,3.9,Net Banking,Returned,Ramesh Rao,WH-Bengaluru (South),South
ORD-14695,CUST-1462,2026-05-11,Diagnostic & Monitoring,Digital Otoscope,1,27272.62,12.2,COD,Delivered,Ramesh Rao,WH-Bhiwandi (West),West
ORD-14696,CUST-1020,2026-07-16,Sterilization & Lab,Digital Centrifuge Machine,1,27038.07,4.1,COD,Delivered,Sanjay Verma,WH-Gurugram (North),North
ORD-14697,CUST-1981,2025-05-03,Diagnostic & Monitoring,Vascular Doppler,2,4271.53,15.0,UPI,Shipped,Priya Sharma,WH-Bhiwandi (West),West
ORD-14698,CUST-1869,2025-04-24,Diagnostic & Monitoring,Digital Blood Pressure Monitor,3,17326.17,1.3,COD,Cancelled,Ramesh Rao,WH-Bengaluru (South),South
ORD-14699,CUST-1873,2025-04-18,Diagnostic & Monitoring,Pulse Oximeter,4,37187.13,0.1,UPI,Delivered,Sanjay Verma,WH-Bhiwandi (West),West
ORD-14700,CUST-1833,2025-04-17,Surgical & Critical Care,Surgical Electrocautery Unit,2,20502.09,5.8,UPI,Delivered,Anjali Nair,WH-Gurugram (North),North
ORD-14701,CUST-1571,2026-06-15,Respiratory Care,Portable Oxygen Concentrator (5L),2,14614.72,12.7,Debit Card,Cancelled,Sanjay Verma,WH-Bhiwandi (West),West
ORD-14702,CUST-1158,2026-03-04,Respiratory Care,Mesh Nebulizer,1,10315.29,1.1,Debit Card,Shipped,Ramesh Rao,WH-Bengaluru (South),South
ORD-14703,CUST-1944,2026-03-25,Diagnostic & Monitoring,Fetal Doppler Heart Rate Monitor,2,42688.02,12.8,UPI,Delivered,Priya Sharma,WH-Gurugram (North),North
ORD-14704,CUST-1913,2026-07-03,Infusion & Vascular,Volumetric Infusion Pump,3,4185.56,8.5,Debit Card,Shipped,Sanjay Verma,WH-Gurugram (North),North
ORD-14705,CUST-1487,2026-06-03,Respiratory Care,Suction Machine,3,37527.75,9.8,Net Banking,Delivered,Priya Sharma,WH-Bengaluru (South),South
ORD-14706,CUST-1914,2025-02-21,Orthopedic & Mobility,Folding Lightweight Wheelchair,1,3283.66,10.2,COD,Cancelled,Priya Sharma,WH-Gurugram (North),North
ORD-14707,CUST-1695,2026-05-27,Orthopedic & Mobility,Walking Frame with Castors,4,44284.89,10.9,Debit Card,Returned,Vikram Patel,WH-Kolkata (East),East
ORD-14708,CUST-1047,2025-08-23,Respiratory Care,Incentive Spirometer,4,3235.37,11.6,Credit Card,Cancelled,Priya Sharma,WH-Kolkata (East),East
ORD-14709,CUST-1576,2026-06-28,Diagnostic & Monitoring,Infrared Non-Contact Thermometer,1,42358.12,0.7,Debit Card,Delivered,Ramesh Rao,WH-Bhiwandi (West),West
ORD-14710,CUST-1162,2025-06-08,Surgical & Critical Care,LED Surgical OT Light,4,29101.34,10.3,Credit Card,Delivered,Sanjay Verma,WH-Gurugram (North),North
ORD-14711,CUST-1811,2025-09-26,Infusion & Vascular,IV Cannula (18G-24G),3,23072.94,7.5,Credit Card,Cancelled,Vikram Patel,WH-Bhiwandi (West),West
ORD-14712,CUST-1491,2026-07-21,Sterilization & Lab,Tabletop Steam Autoclave,4,33313.03,8.6,COD,Returned,Anjali Nair,WH-Gurugram (North),North
ORD-14713,CUST-1672,2025-09-08,Diagnostic & Monitoring,Vascular Doppler,2,31802.09,9.3,COD,Delivered,Anjali Nair,WH-Bengaluru (South),South
ORD-14714,CUST-1509,2026-04-05,Diabetes Care,Insulin Pen Injector,2,22628.32,2.3,Credit Card,Delivered,Anjali Nair,WH-Bengaluru (South),South
ORD-14715,CUST-1046,2026-05-21,Surgical & Critical Care,Surgical Electrocautery Unit,5,44485.73,14.7,COD,Delivered,Priya Sharma,WH-Bhiwandi (West),West
ORD-14716,CUST-1096,2025-11-16,Diagnostic & Monitoring,Digital Otoscope,3,26763.76,7.4,UPI,Shipped,Priya Sharma,WH-Kolkata (East),East
ORD-14717,CUST-1979,2025-11-17,Infusion & Vascular,Central Venous Catheter Kit,3,44106.32,8.6,UPI,Delivered,Sanjay Verma,WH-Bhiwandi (West),West
ORD-14718,CUST-1246,2025-02-14,Respiratory Care,Suction Machine,4,23377.66,4.1,COD,Delivered,Anjali Nair,WH-Kolkata (East),East
ORD-14719,CUST-1792,2026-03-24,Sterilization & Lab,Digital Centrifuge Machine,4,19348.34,14.6,UPI,Cancelled,Ramesh Rao,WH-Kolkata (East),East
ORD-14720,CUST-1460,2026-07-15,Respiratory Care,Auto CPAP Machine,2,17132.27,1.7,Credit Card,Delivered,Anjali Nair,WH-Gurugram (North),North
ORD-14721,CUST-1319,2026-01-17,Surgical & Critical Care,Surgical Electrocautery Unit,4,37543.24,0.3,UPI,Shipped,Anjali Nair,WH-Kolkata (East),East
ORD-14722,CUST-1234,2025-12-09,Diagnostic & Monitoring,Digital Blood Pressure Monitor,3,8082.45,6.4,UPI,Delivered,Sanjay Verma,WH-Bengaluru (South),South
ORD-14723,CUST-1949,2026-04-24,Surgical & Critical Care,Surgical Stapler,1,39805.95,11.6,Credit Card,Processing,Priya Sharma,WH-Bhiwandi (West),West
ORD-14724,CUST-1460,2026-03-01,Orthopedic & Mobility,TENS Physiotherapy Unit,1,20985.57,2.6,Credit Card,Shipped,Sanjay Verma,WH-Gurugram (North),North
ORD-14725,CUST-1361,2026-06-05,Diabetes Care,Insulin Pump,1,24346.75,9.3,Credit Card,Processing,Anjali Nair,WH-Bengaluru (South),South
ORD-14726,CUST-1105,2026-04-05,Sterilization & Lab,UV Sterilizer Box,1,12181.9,13.5,Credit Card,Delivered,Sanjay Verma,WH-Gurugram (North),North
ORD-14727,CUST-1428,2026-07-20,Infusion & Vascular,Dialysis Catheter,3,15292.69,9.4,Net Banking,Processing,Priya Sharma,WH-Kolkata (East),East
ORD-14728,CUST-1842,2025-11-21,Diagnostic & Monitoring,Pulse Oximeter,1,34190.97,2.9,Debit Card,Delivered,Ramesh Rao,WH-Bengaluru (South),South
ORD-14729,CUST-1082,2025-10-05,Diabetes Care,Lancet Device,5,5993.9,3.9,UPI,Processing,Priya Sharma,WH-Kolkata (East),East
ORD-14730,CUST-1086,2026-05-08,Diagnostic & Monitoring,Continuous Glucose Monitor (CGM),1,22038.73,14.3,UPI,Delivered,Sanjay Verma,WH-Gurugram (North),North
ORD-14731,CUST-1589,2024-12-13,Surgical & Critical Care,Surgical Electrocautery Unit,5,2934.55,14.6,Net Banking,Delivered,Ramesh Rao,WH-Bengaluru (South),South
ORD-14732,CUST-1036,2026-05-02,Orthopedic & Mobility,Folding Lightweight Wheelchair,4,31018.31,2.9,UPI,Delivered,Priya Sharma,WH-Bhiwandi (West),West
ORD-14733,CUST-1279,2026-06-07,Orthopedic & Mobility,TENS Physiotherapy Unit,5,4468.28,11.5,Debit Card,Delivered,Sanjay Verma,WH-Bhiwandi (West),West
ORD-14734,CUST-1106,2025-10-11,Surgical & Critical Care,Laryngoscope Set,3,35023.62,0.8,COD,Delivered,Ramesh Rao,WH-Kolkata (East),East
ORD-14735,CUST-1564,2025-11-11,Sterilization & Lab,Digital Centrifuge Machine,1,12848.68,5.5,UPI,Returned,Ramesh Rao,WH-Kolkata (East),East
ORD-14736,CUST-1538,2026-03-21,Diagnostic & Monitoring,Stethoscope (Cardiology Grade),5,10107.6,5.3,Net Banking,Returned,Vikram Patel,WH-Bengaluru (South),South
ORD-14737,CUST-1345,2025-12-22,Sterilization & Lab,Ultrasound Cleaner,5,26163.34,11.0,COD,Returned,Sanjay Verma,WH-Bhiwandi (West),West
ORD-14738,CUST-1794,2025-05-22,Orthopedic & Mobility,Motorized Wheelchair,4,21054.91,3.7,Credit Card,Delivered,Anjali Nair,WH-Bengaluru (South),South
ORD-14739,CUST-1540,2026-05-09,Respiratory Care,Incentive Spirometer,3,41068.28,0.8,UPI,Returned,Priya Sharma,WH-Bengaluru (South),South
ORD-14740,CUST-1864,2025-12-28,Home Healthcare,Electric Heating Pad,1,4456.13,3.1,UPI,Shipped,Vikram Patel,WH-Bhiwandi (West),West
ORD-14741,CUST-1501,2026-05-09,Sterilization & Lab,Digital Centrifuge Machine,4,20405.02,13.7,UPI,Shipped,Sanjay Verma,WH-Bhiwandi (West),West
ORD-14742,CUST-1879,2026-04-08,Diagnostic & Monitoring,Continuous Glucose Monitor (CGM),3,41714.84,0.3,UPI,Delivered,Anjali Nair,WH-Bengaluru (South),South
ORD-14743,CUST-1425,2026-02-05,Home Healthcare,Electric Heating Pad,3,25690.98,3.2,UPI,Delivered,Anjali Nair,WH-Bengaluru (South),South
ORD-14744,CUST-1489,2025-09-06,Sterilization & Lab,Tabletop Steam Autoclave,3,37784.47,10.0,Debit Card,Cancelled,Priya Sharma,WH-Gurugram (North),North
ORD-14745,CUST-1689,2026-01-03,Surgical & Critical Care,Defibrillator & AED,2,39285.2,4.5,Net Banking,Returned,Priya Sharma,WH-Bengaluru (South),South
ORD-14746,CUST-1881,2026-06-14,Sterilization & Lab,UV Sterilizer Box,1,35496.19,15.0,COD,Processing,Anjali Nair,WH-Bengaluru (South),South
ORD-14747,CUST-1233,2026-04-30,Respiratory Care,Portable Oxygen Concentrator (5L),4,813.57,6.2,COD,Shipped,Sanjay Verma,WH-Gurugram (North),North
ORD-14748,CUST-1707,2025-08-24,Infusion & Vascular,Central Venous Catheter Kit,1,19258.4,4.2,Net Banking,Returned,Priya Sharma,WH-Kolkata (East),East
ORD-14749,CUST-1622,2025-07-31,Respiratory Care,Incentive Spirometer,4,43938.66,14.2,Credit Card,Delivered,Priya Sharma,WH-Bhiwandi (West),West
ORD-14750,CUST-1899,2025-10-15,Diagnostic & Monitoring,Digital Spirometer,2,41858.94,14.7,COD,Delivered,Sanjay Verma,WH-Bhiwandi (West),West
ORD-14751,CUST-1342,2026-05-30,Surgical & Critical Care,Laryngoscope Set,1,27125.24,11.9,Credit Card,Cancelled,Ramesh Rao,WH-Kolkata (East),East
ORD-14752,CUST-1312,2025-05-27,Diabetes Care,Lancet Device,2,23230.12,10.0,Net Banking,Delivered,Anjali Nair,WH-Gurugram (North),North
ORD-14753,CUST-1987,2026-02-24,Diagnostic & Monitoring,Single-Channel ECG Machine,3,4300.45,14.2,Debit Card,Delivered,Anjali Nair,WH-Bhiwandi (West),West
ORD-14754,CUST-1884,2025-10-06,Respiratory Care,Incentive Spirometer,2,7481.33,2.0,Net Banking,Delivered,Priya Sharma,WH-Bhiwandi (West),West
ORD-14755,CUST-1958,2026-06-28,Orthopedic & Mobility,Folding Lightweight Wheelchair,5,34652.69,1.2,Debit Card,Returned,Anjali Nair,WH-Gurugram (North),North
ORD-14756,CUST-1663,2026-04-29,Diagnostic & Monitoring,Capnograph Monitor,4,4759.47,6.7,Net Banking,Returned,Ramesh Rao,WH-Bengaluru (South),South
ORD-14757,CUST-1122,2026-05-15,Surgical & Critical Care,Surgical Stapler,1,42312.49,12.7,COD,Shipped,Ramesh Rao,WH-Kolkata (East),East
ORD-14758,CUST-1537,2026-04-13,Respiratory Care,Mesh Nebulizer,2,39249.06,13.5,Credit Card,Returned,Sanjay Verma,WH-Bhiwandi (West),West
ORD-14759,CUST-1820,2025-11-16,Diagnostic & Monitoring,Vascular Doppler,2,42475.34,7.1,COD,Cancelled,Priya Sharma,WH-Gurugram (North),North
ORD-14760,CUST-1543,2026-06-09,Diagnostic & Monitoring,Digital Otoscope,1,20520.97,4.1,COD,Delivered,Priya Sharma,WH-Bhiwandi (West),West
ORD-14761,CUST-1605,2026-04-17,Diabetes Care,Blood Glucose Meter Kit,3,19642.51,10.0,COD,Shipped,Vikram Patel,WH-Bengaluru (South),South
ORD-14762,CUST-1637,2026-05-08,Surgical & Critical Care,Surgical Stapler,4,25787.97,4.8,UPI,Processing,Ramesh Rao,WH-Kolkata (East),East
ORD-14763,CUST-1121,2026-07-19,Infusion & Vascular,Syringe Driver Pump,4,24724.63,1.0,Debit Card,Delivered,Ramesh Rao,WH-Kolkata (East),East
ORD-14764,CUST-1086,2026-05-11,Orthopedic & Mobility,Motorized Wheelchair,2,12677.68,9.7,Credit Card,Delivered,Vikram Patel,WH-Bengaluru (South),South
ORD-14765,CUST-1343,2026-07-08,Respiratory Care,BiPAP Machine,3,19994.03,3.9,UPI,Shipped,Sanjay Verma,WH-Gurugram (North),North
ORD-14766,CUST-1973,2026-06-16,Diagnostic & Monitoring,Infrared Non-Contact Thermometer,2,15878.26,6.9,COD,Shipped,Vikram Patel,WH-Bhiwandi (West),West
ORD-14767,CUST-1577,2025-08-26,Respiratory Care,BiPAP Machine,1,7986.64,3.5,Credit Card,Delivered,Sanjay Verma,WH-Gurugram (North),North
ORD-14768,CUST-1402,2025-09-12,Sterilization & Lab,Digital Centrifuge Machine,4,9550.87,1.1,Credit Card,Delivered,Priya Sharma,WH-Gurugram (North),North
ORD-14769,CUST-1180,2025-09-13,Surgical & Critical Care,Pulse Generator Pacemaker,2,4475.92,2.9,COD,Returned,Ramesh Rao,WH-Gurugram (North),North
ORD-14770,CUST-1192,2026-02-12,Infusion & Vascular,Central Venous Catheter Kit,2,22715.86,8.0,Debit Card,Cancelled,Priya Sharma,WH-Bengaluru (South),South
ORD-14771,CUST-1768,2026-04-29,Diagnostic & Monitoring,Capnograph Monitor,5,42105.82,2.4,COD,Processing,Anjali Nair,WH-Bhiwandi (West),West
ORD-14772,CUST-1263,2025-09-22,Orthopedic & Mobility,Walking Frame with Castors,1,13186.89,10.0,Net Banking,Delivered,Priya Sharma,WH-Bhiwandi (West),West
ORD-14773,CUST-1335,2026-07-15,Home Healthcare,Digital Vein Finder,3,4555.88,9.3,COD,Returned,Priya Sharma,WH-Kolkata (East),East
ORD-14774,CUST-1328,2026-07-22,Infusion & Vascular,IV Cannula (18G-24G),5,36956.42,3.7,Debit Card,Returned,Anjali Nair,WH-Kolkata (East),East
ORD-14775,CUST-1709,2025-09-01,Respiratory Care,Mesh Nebulizer,2,19463.33,12.5,COD,Shipped,Priya Sharma,WH-Bhiwandi (West),West
ORD-14776,CUST-1055,2025-12-30,Orthopedic & Mobility,Folding Lightweight Wheelchair,5,43417.14,2.3,COD,Cancelled,Anjali Nair,WH-Bengaluru (South),South
ORD-14777,CUST-1573,2025-11-24,Respiratory Care,Suction Machine,4,19290.31,4.5,Credit Card,Delivered,Anjali Nair,WH-Bengaluru (South),South
ORD-14778,CUST-1327,2026-01-16,Home Healthcare,Peak Flow Meter,2,9780.72,4.4,UPI,Delivered,Sanjay Verma,WH-Bengaluru (South),South
ORD-14779,CUST-1590,2026-03-09,Diagnostic & Monitoring,Digital Spirometer,5,27146.1,4.9,Credit Card,Delivered,Vikram Patel,WH-Gurugram (North),North
ORD-14780,CUST-1062,2025-04-12,Respiratory Care,Incentive Spirometer,4,29880.08,8.0,COD,Processing,Anjali Nair,WH-Bengaluru (South),South
ORD-14781,CUST-1500,2025-12-16,Surgical & Critical Care,Surgical Electrocautery Unit,1,8560.59,7.5,Credit Card,Processing,Sanjay Verma,WH-Gurugram (North),North
ORD-14782,CUST-1980,2026-05-08,Sterilization & Lab,Tabletop Steam Autoclave,4,12733.13,4.3,COD,Cancelled,Sanjay Verma,WH-Bhiwandi (West),West
ORD-14783,CUST-1262,2025-09-26,Infusion & Vascular,IV Cannula (18G-24G),3,9887.33,6.5,COD,Shipped,Vikram Patel,WH-Bhiwandi (West),West
ORD-14784,CUST-1932,2026-07-07,Sterilization & Lab,Digital Centrifuge Machine,3,24221.55,8.3,Debit Card,Returned,Priya Sharma,WH-Kolkata (East),East
ORD-14785,CUST-1100,2026-01-13,Respiratory Care,BiPAP Machine,5,24598.32,1.1,Debit Card,Processing,Sanjay Verma,WH-Gurugram (North),North
ORD-14786,CUST-1502,2025-10-31,Diabetes Care,Lancet Device,4,10362.59,4.4,COD,Shipped,Anjali Nair,WH-Bengaluru (South),South
ORD-14787,CUST-1675,2025-04-03,Surgical & Critical Care,Anesthesia Workstation,5,856.85,1.7,Credit Card,Processing,Vikram Patel,WH-Bhiwandi (West),West
ORD-14788,CUST-1827,2026-07-15,Diagnostic & Monitoring,Infrared Non-Contact Thermometer,1,20934.41,3.9,UPI,Delivered,Sanjay Verma,WH-Bengaluru (South),South
ORD-14789,CUST-1782,2025-11-18,Diagnostic & Monitoring,Fetal Doppler Heart Rate Monitor,1,34563.97,7.8,COD,Delivered,Sanjay Verma,WH-Gurugram (North),North
ORD-14790,CUST-1769,2025-07-17,Infusion & Vascular,Syringe Driver Pump,5,11214.27,7.1,UPI,Delivered,Vikram Patel,WH-Gurugram (North),North
ORD-14791,CUST-1210,2026-07-17,Infusion & Vascular,IV Cannula (18G-24G),5,19460.83,7.0,Net Banking,Shipped,Vikram Patel,WH-Bhiwandi (West),West
ORD-14792,CUST-1199,2025-09-14,Diabetes Care,Lancet Device,1,16281.8,8.3,Debit Card,Delivered,Ramesh Rao,WH-Bhiwandi (West),West
ORD-14793,CUST-1652,2025-10-19,Respiratory Care,BiPAP Machine,3,1434.83,6.4,UPI,Shipped,Vikram Patel,WH-Bhiwandi (West),West
ORD-14794,CUST-1861,2026-01-11,Respiratory Care,Compressor Nebulizer,2,8685.14,11.4,Debit Card,Shipped,Ramesh Rao,WH-Bengaluru (South),South
ORD-14795,CUST-1683,2025-10-17,Infusion & Vascular,IV Cannula (18G-24G),5,43896.74,8.5,COD,Shipped,Priya Sharma,WH-Bengaluru (South),South
ORD-14796,CUST-1872,2025-11-17,Sterilization & Lab,Ultrasound Cleaner,2,3385.03,2.7,COD,Returned,Sanjay Verma,WH-Bengaluru (South),South
ORD-14797,CUST-1217,2026-01-20,Surgical & Critical Care,Pulse Generator Pacemaker,5,39953.1,10.8,COD,Delivered,Priya Sharma,WH-Bengaluru (South),South
ORD-14798,CUST-1974,2026-05-20,Sterilization & Lab,Digital Centrifuge Machine,1,9599.69,5.1,COD,Shipped,Ramesh Rao,WH-Gurugram (North),North
ORD-14799,CUST-1034,2026-04-15,Respiratory Care,High-Flow Nasal Cannula System,4,44552.63,3.4,Debit Card,Cancelled,Anjali Nair,WH-Gurugram (North),North
ORD-14800,CUST-1949,2026-03-10,Respiratory Care,Incentive Spirometer,3,34687.07,6.7,Net Banking,Shipped,Priya Sharma,WH-Gurugram (North),North
ORD-14801,CUST-1996,2025-05-12,Diagnostic & Monitoring,Multi-Para Patient Monitor,2,23811.27,9.4,UPI,Returned,Ramesh Rao,WH-Bhiwandi (West),West
ORD-14802,CUST-1746,2025-12-04,Respiratory Care,Incentive Spirometer,1,10897.88,3.6,UPI,Shipped,Ramesh Rao,WH-Bengaluru (South),South
ORD-14803,CUST-1185,2026-05-16,Diagnostic & Monitoring,Capnograph Monitor,3,7952.59,12.6,Net Banking,Delivered,Sanjay Verma,WH-Bengaluru (South),South
ORD-14804,CUST-1286,2026-07-09,Respiratory Care,Incentive Spirometer,3,44952.69,0.4,UPI,Shipped,Sanjay Verma,WH-Bhiwandi (West),West
ORD-14805,CUST-1086,2026-06-10,Diabetes Care,Insulin Pump,3,7950.01,1.0,UPI,Delivered,Vikram Patel,WH-Bhiwandi (West),West
ORD-14806,CUST-1901,2026-01-29,Surgical & Critical Care,Surgical Electrocautery Unit,2,40898.2,8.0,UPI,Cancelled,Ramesh Rao,WH-Gurugram (North),North
ORD-14807,CUST-1894,2026-02-18,Orthopedic & Mobility,Motorized Wheelchair,2,5430.4,12.4,UPI,Delivered,Priya Sharma,WH-Bengaluru (South),South
ORD-14808,CUST-1087,2026-07-11,Respiratory Care,Mesh Nebulizer,4,43291.75,5.0,Debit Card,Delivered,Priya Sharma,WH-Gurugram (North),North
ORD-14809,CUST-1999,2026-04-04,Sterilization & Lab,UV Sterilizer Box,5,44929.52,5.9,Net Banking,Returned,Sanjay Verma,WH-Bhiwandi (West),West
ORD-14810,CUST-1195,2025-12-14,Diabetes Care,Blood Glucose Meter Kit,4,28086.4,9.4,Net Banking,Processing,Vikram Patel,WH-Gurugram (North),North
ORD-14811,CUST-1473,2026-07-17,Diagnostic & Monitoring,Stethoscope (Cardiology Grade),3,28215.26,12.8,Net Banking,Delivered,Ramesh Rao,WH-Bhiwandi (West),West
ORD-14812,CUST-1448,2024-10-19,Orthopedic & Mobility,Air Mattress for Bedsores,4,41583.54,4.1,Credit Card,Processing,Anjali Nair,WH-Kolkata (East),East
ORD-14813,CUST-1148,2025-08-22,Diagnostic & Monitoring,Digital Spirometer,2,35738.5,4.6,COD,Cancelled,Sanjay Verma,WH-Kolkata (East),East
ORD-14814,CUST-1781,2025-11-16,Respiratory Care,Portable Oxygen Concentrator (5L),4,4869.73,9.9,Net Banking,Delivered,Priya Sharma,WH-Kolkata (East),East
ORD-14815,CUST-1515,2024-11-09,Diagnostic & Monitoring,Stethoscope (Cardiology Grade),4,14720.8,10.9,COD,Shipped,Anjali Nair,WH-Bhiwandi (West),West
ORD-14816,CUST-1537,2026-03-24,Surgical & Critical Care,Anesthesia Workstation,3,6006.37,5.5,UPI,Delivered,Sanjay Verma,WH-Gurugram (North),North
ORD-14817,CUST-1868,2026-01-20,Orthopedic & Mobility,TENS Physiotherapy Unit,5,34390.35,11.8,UPI,Delivered,Ramesh Rao,WH-Bhiwandi (West),West
ORD-14818,CUST-1123,2026-01-06,Orthopedic & Mobility,Folding Lightweight Wheelchair,2,29502.0,14.6,UPI,Delivered,Priya Sharma,WH-Gurugram (North),North
ORD-14819,CUST-1905,2026-01-30,Respiratory Care,Portable Oxygen Concentrator (5L),3,8504.25,9.9,Net Banking,Shipped,Priya Sharma,WH-Bengaluru (South),South
ORD-14820,CUST-1427,2026-06-05,Surgical & Critical Care,LED Surgical OT Light,4,3990.76,6.7,COD,Delivered,Sanjay Verma,WH-Bhiwandi (West),West
ORD-14821,CUST-1723,2026-06-18,Diabetes Care,Insulin Pen Injector,4,35392.0,5.6,Net Banking,Delivered,Ramesh Rao,WH-Kolkata (East),East
ORD-14822,CUST-1845,2026-01-19,Home Healthcare,Peak Flow Meter,5,9585.42,10.8,UPI,Delivered,Vikram Patel,WH-Bhiwandi (West),West
ORD-14823,CUST-1200,2025-09-23,Infusion & Vascular,Dialysis Catheter,5,17117.08,2.7,Debit Card,Delivered,Anjali Nair,WH-Kolkata (East),East
ORD-14824,CUST-1760,2026-04-08,Diagnostic & Monitoring,Multi-Para Patient Monitor,4,18851.31,9.6,Net Banking,Delivered,Anjali Nair,WH-Bhiwandi (West),West
ORD-14825,CUST-1747,2026-01-05,Respiratory Care,High-Flow Nasal Cannula System,4,29149.48,13.3,COD,Delivered,Anjali Nair,WH-Bengaluru (South),South
ORD-14826,CUST-1794,2026-04-23,Infusion & Vascular,Volumetric Infusion Pump,2,34247.16,0.2,COD,Delivered,Vikram Patel,WH-Bengaluru (South),South
ORD-14827,CUST-1838,2025-01-25,Diagnostic & Monitoring,Digital Blood Pressure Monitor,4,37933.88,10.4,Debit Card,Delivered,Sanjay Verma,WH-Kolkata (East),East
ORD-14828,CUST-1180,2026-03-20,Surgical & Critical Care,Surgical Electrocautery Unit,1,36923.29,8.4,Net Banking,Returned,Ramesh Rao,WH-Bhiwandi (West),West
ORD-14829,CUST-1123,2026-02-12,Sterilization & Lab,Ultrasound Cleaner,4,28083.29,3.9,UPI,Shipped,Vikram Patel,WH-Bengaluru (South),South
ORD-14830,CUST-1279,2026-04-12,Surgical & Critical Care,LED Surgical OT Light,4,10784.3,0.7,UPI,Delivered,Vikram Patel,WH-Gurugram (North),North
ORD-14831,CUST-1404,2025-06-08,Diagnostic & Monitoring,Infrared Non-Contact Thermometer,3,512.99,10.5,Credit Card,Shipped,Vikram Patel,WH-Bengaluru (South),South
ORD-14832,CUST-1221,2026-06-10,Respiratory Care,Mesh Nebulizer,4,28685.86,9.9,COD,Processing,Vikram Patel,WH-Bhiwandi (West),West
ORD-14833,CUST-1088,2025-08-31,Diagnostic & Monitoring,Capnograph Monitor,2,18140.56,14.8,COD,Returned,Sanjay Verma,WH-Bengaluru (South),South
ORD-14834,CUST-1983,2025-09-28,Surgical & Critical Care,Electric Suction Apparatus,5,29838.81,5.5,COD,Cancelled,Priya Sharma,WH-Bengaluru (South),South
ORD-14835,CUST-1867,2025-05-23,Respiratory Care,Suction Machine,2,28708.66,6.4,Debit Card,Returned,Ramesh Rao,WH-Bhiwandi (West),West
ORD-14836,CUST-1744,2025-12-14,Infusion & Vascular,Syringe Driver Pump,4,33680.27,14.9,Net Banking,Processing,Sanjay Verma,WH-Gurugram (North),North
ORD-14837,CUST-1856,2026-05-27,Respiratory Care,Incentive Spirometer,5,4973.54,14.1,Debit Card,Returned,Priya Sharma,WH-Bengaluru (South),South
ORD-14838,CUST-1624,2025-04-19,Surgical & Critical Care,Anesthesia Workstation,3,25541.33,5.6,Credit Card,Returned,Sanjay Verma,WH-Bengaluru (South),South
ORD-14839,CUST-1170,2026-07-18,Orthopedic & Mobility,Cervical Traction Unit,5,25815.75,4.5,Net Banking,Returned,Priya Sharma,WH-Gurugram (North),North
ORD-14840,CUST-1169,2025-01-21,Diagnostic & Monitoring,Digital Spirometer,3,35035.45,12.9,Debit Card,Delivered,Priya Sharma,WH-Kolkata (East),East
ORD-14841,CUST-1586,2026-07-17,Surgical & Critical Care,Electric Suction Apparatus,5,32255.35,4.3,Credit Card,Cancelled,Anjali Nair,WH-Kolkata (East),East
ORD-14842,CUST-1775,2026-02-27,Diagnostic & Monitoring,Stethoscope (Cardiology Grade),1,24157.97,4.3,Net Banking,Processing,Vikram Patel,WH-Kolkata (East),East
ORD-14843,CUST-1851,2026-04-18,Diagnostic & Monitoring,Stethoscope (Cardiology Grade),3,2959.07,2.9,Credit Card,Returned,Sanjay Verma,WH-Kolkata (East),East
ORD-14844,CUST-1859,2025-02-24,Infusion & Vascular,Central Venous Catheter Kit,5,10318.7,3.9,Credit Card,Delivered,Vikram Patel,WH-Bhiwandi (West),West
ORD-14845,CUST-1633,2026-05-09,Orthopedic & Mobility,Air Mattress for Bedsores,3,2202.49,2.1,COD,Delivered,Priya Sharma,WH-Kolkata (East),East
ORD-14846,CUST-1303,2025-11-27,Respiratory Care,Incentive Spirometer,5,15319.02,12.7,Net Banking,Delivered,Sanjay Verma,WH-Bengaluru (South),South
ORD-14847,CUST-1220,2025-12-17,Surgical & Critical Care,Electric Suction Apparatus,2,17971.3,11.0,Debit Card,Delivered,Vikram Patel,WH-Gurugram (North),North
ORD-14848,CUST-1252,2026-07-18,Diagnostic & Monitoring,Digital Spirometer,4,37142.74,6.2,Debit Card,Shipped,Vikram Patel,WH-Bengaluru (South),South
ORD-14849,CUST-1426,2026-05-22,Diagnostic & Monitoring,Stethoscope (Cardiology Grade),3,9032.59,2.9,Credit Card,Delivered,Sanjay Verma,WH-Gurugram (North),North
ORD-14850,CUST-1429,2026-01-17,Orthopedic & Mobility,Folding Lightweight Wheelchair,1,21090.16,9.9,UPI,Delivered,Vikram Patel,WH-Bhiwandi (West),West
ORD-14851,CUST-1858,2026-02-25,Respiratory Care,BiPAP Machine,2,3212.25,6.4,Credit Card,Delivered,Sanjay Verma,WH-Kolkata (East),East
ORD-14852,CUST-1642,2026-06-06,Respiratory Care,Suction Machine,4,33413.49,10.2,UPI,Cancelled,Vikram Patel,WH-Gurugram (North),North
ORD-14853,CUST-1979,2025-07-18,Diabetes Care,Lancet Device,2,3643.38,7.5,Credit Card,Delivered,Sanjay Verma,WH-Kolkata (East),East
ORD-14854,CUST-1253,2026-04-30,Home Healthcare,Digital Vein Finder,3,25283.99,3.7,UPI,Shipped,Anjali Nair,WH-Bhiwandi (West),West
ORD-14855,CUST-1186,2026-07-14,Orthopedic & Mobility,TENS Physiotherapy Unit,1,20631.87,10.2,Credit Card,Delivered,Anjali Nair,WH-Kolkata (East),East
ORD-14856,CUST-1526,2026-06-30,Diagnostic & Monitoring,Stethoscope (Cardiology Grade),5,11080.74,1.4,UPI,Cancelled,Priya Sharma,WH-Bhiwandi (West),West
ORD-14857,CUST-1840,2026-05-25,Respiratory Care,Portable Oxygen Concentrator (5L),4,39629.36,7.7,Credit Card,Delivered,Sanjay Verma,WH-Bhiwandi (West),West
ORD-14858,CUST-1646,2026-06-22,Diabetes Care,Lancet Device,4,9387.87,13.3,Credit Card,Returned,Anjali Nair,WH-Kolkata (East),East
ORD-14859,CUST-1145,2026-05-06,Diagnostic & Monitoring,Stethoscope (Cardiology Grade),1,34915.06,3.4,Credit Card,Processing,Priya Sharma,WH-Bengaluru (South),South
ORD-14860,CUST-1548,2026-06-12,Surgical & Critical Care,Laryngoscope Set,2,19997.25,1.1,Debit Card,Delivered,Anjali Nair,WH-Bhiwandi (West),West
ORD-14861,CUST-1427,2026-03-12,Diagnostic & Monitoring,Pulse Oximeter,5,27233.64,8.5,UPI,Shipped,Ramesh Rao,WH-Gurugram (North),North
ORD-14862,CUST-1216,2025-11-08,Orthopedic & Mobility,TENS Physiotherapy Unit,2,5130.07,5.3,UPI,Returned,Ramesh Rao,WH-Bhiwandi (West),West
ORD-14863,CUST-1907,2026-05-03,Orthopedic & Mobility,TENS Physiotherapy Unit,1,18596.49,0.1,Net Banking,Delivered,Priya Sharma,WH-Gurugram (North),North
ORD-14864,CUST-1375,2026-06-04,Diagnostic & Monitoring,Digital Blood Pressure Monitor,2,22557.21,7.8,COD,Delivered,Anjali Nair,WH-Gurugram (North),North
ORD-14865,CUST-1487,2026-07-04,Respiratory Care,Compressor Nebulizer,2,38027.77,0.6,UPI,Cancelled,Sanjay Verma,WH-Kolkata (East),East
ORD-14866,CUST-1296,2026-07-19,Infusion & Vascular,Volumetric Infusion Pump,4,30296.84,11.6,UPI,Delivered,Anjali Nair,WH-Bhiwandi (West),West
ORD-14867,CUST-1958,2026-07-01,Infusion & Vascular,Volumetric Infusion Pump,1,16644.55,10.5,UPI,Processing,Sanjay Verma,WH-Kolkata (East),East
ORD-14868,CUST-1177,2026-05-19,Orthopedic & Mobility,Cervical Traction Unit,4,28792.71,4.5,Credit Card,Delivered,Priya Sharma,WH-Kolkata (East),East
ORD-14869,CUST-1804,2026-05-10,Sterilization & Lab,Ultrasound Cleaner,5,19657.57,3.5,UPI,Delivered,Anjali Nair,WH-Bengaluru (South),South
ORD-14870,CUST-1655,2026-07-03,Sterilization & Lab,UV Sterilizer Box,5,35873.7,6.4,UPI,Processing,Priya Sharma,WH-Gurugram (North),North
ORD-14871,CUST-1236,2026-07-08,Diagnostic & Monitoring,Single-Channel ECG Machine,1,30264.9,2.2,Debit Card,Shipped,Sanjay Verma,WH-Bengaluru (South),South
ORD-14872,CUST-1642,2026-07-05,Orthopedic & Mobility,Motorized Wheelchair,5,15619.66,9.6,Credit Card,Returned,Vikram Patel,WH-Bhiwandi (West),West
ORD-14873,CUST-1332,2025-04-21,Diagnostic & Monitoring,Digital Spirometer,1,17595.87,12.9,Debit Card,Delivered,Sanjay Verma,WH-Bengaluru (South),South
ORD-14874,CUST-1664,2026-07-17,Diagnostic & Monitoring,Fetal Doppler Heart Rate Monitor,4,19692.28,8.0,Debit Card,Shipped,Ramesh Rao,WH-Bengaluru (South),South
ORD-14875,CUST-1083,2026-06-06,Diagnostic & Monitoring,Continuous Glucose Monitor (CGM),4,1344.46,14.7,UPI,Returned,Priya Sharma,WH-Gurugram (North),North
ORD-14876,CUST-1468,2026-02-13,Sterilization & Lab,Tabletop Steam Autoclave,5,8974.19,5.9,UPI,Returned,Anjali Nair,WH-Bhiwandi (West),West
ORD-14877,CUST-1939,2026-07-14,Respiratory Care,BiPAP Machine,2,3445.26,10.0,Credit Card,Delivered,Priya Sharma,WH-Gurugram (North),North
ORD-14878,CUST-1214,2026-07-20,Surgical & Critical Care,LED Surgical OT Light,3,25758.72,12.6,COD,Delivered,Anjali Nair,WH-Kolkata (East),East
ORD-14879,CUST-1755,2026-03-22,Respiratory Care,Mesh Nebulizer,3,25991.32,1.0,Net Banking,Delivered,Anjali Nair,WH-Bengaluru (South),South
ORD-14880,CUST-1806,2026-07-03,Infusion & Vascular,Volumetric Infusion Pump,5,1535.97,14.8,Credit Card,Processing,Sanjay Verma,WH-Kolkata (East),East
ORD-14881,CUST-1090,2026-05-15,Diagnostic & Monitoring,Multi-Para Patient Monitor,2,44813.51,1.8,UPI,Cancelled,Ramesh Rao,WH-Gurugram (North),North
ORD-14882,CUST-1208,2026-03-23,Home Healthcare,Peak Flow Meter,3,17540.47,12.1,COD,Returned,Sanjay Verma,WH-Gurugram (North),North
ORD-14883,CUST-1241,2025-05-28,Diagnostic & Monitoring,Capnograph Monitor,4,44713.86,10.6,Credit Card,Delivered,Vikram Patel,WH-Kolkata (East),East
ORD-14884,CUST-1656,2025-07-31,Surgical & Critical Care,LED Surgical OT Light,5,28540.89,4.2,Debit Card,Delivered,Sanjay Verma,WH-Kolkata (East),East
ORD-14885,CUST-1491,2026-07-21,Diagnostic & Monitoring,Digital Otoscope,1,44953.56,13.7,Net Banking,Delivered,Vikram Patel,WH-Bengaluru (South),South
ORD-14886,CUST-1794,2025-09-27,Diabetes Care,Lancet Device,4,19819.89,12.2,Debit Card,Cancelled,Ramesh Rao,WH-Kolkata (East),East
ORD-14887,CUST-1936,2025-10-02,Diabetes Care,Insulin Pump,1,16544.0,9.6,COD,Shipped,Vikram Patel,WH-Bengaluru (South),South
ORD-14888,CUST-1513,2025-12-10,Respiratory Care,BiPAP Machine,1,3074.55,3.7,Net Banking,Processing,Ramesh Rao,WH-Gurugram (North),North
ORD-14889,CUST-1443,2025-12-10,Diabetes Care,Blood Glucose Meter Kit,3,11079.96,12.3,UPI,Cancelled,Priya Sharma,WH-Gurugram (North),North
ORD-14890,CUST-1260,2026-02-21,Sterilization & Lab,Digital Centrifuge Machine,1,8098.22,0.1,Credit Card,Processing,Ramesh Rao,WH-Gurugram (North),North
ORD-14891,CUST-1515,2025-06-22,Diabetes Care,Lancet Device,3,17670.59,0.8,Debit Card,Delivered,Sanjay Verma,WH-Bengaluru (South),South
ORD-14892,CUST-1842,2026-07-06,Surgical & Critical Care,Electric Suction Apparatus,1,6643.82,12.9,Credit Card,Delivered,Vikram Patel,WH-Bhiwandi (West),West
ORD-14893,CUST-1106,2025-12-12,Diabetes Care,Lancet Device,5,1067.42,4.0,COD,Processing,Anjali Nair,WH-Bengaluru (South),South
ORD-14894,CUST-1075,2025-07-28,Sterilization & Lab,UV Sterilizer Box,2,1941.46,5.7,UPI,Cancelled,Ramesh Rao,WH-Bhiwandi (West),West
ORD-14895,CUST-1358,2025-12-24,Infusion & Vascular,Volumetric Infusion Pump,5,32379.46,0.8,COD,Delivered,Vikram Patel,WH-Bhiwandi (West),West
ORD-14896,CUST-1069,2026-05-08,Surgical & Critical Care,Electric Suction Apparatus,1,15427.57,4.6,Debit Card,Returned,Ramesh Rao,WH-Bhiwandi (West),West
ORD-14897,CUST-1053,2024-11-23,Diagnostic & Monitoring,Vascular Doppler,1,8950.15,13.4,Net Banking,Returned,Ramesh Rao,WH-Bengaluru (South),South
ORD-14898,CUST-1039,2026-02-01,Respiratory Care,Mesh Nebulizer,5,44857.53,1.6,Credit Card,Cancelled,Priya Sharma,WH-Kolkata (East),East
ORD-14899,CUST-1715,2024-12-19,Sterilization & Lab,UV Sterilizer Box,5,2425.08,7.4,COD,Returned,Ramesh Rao,WH-Kolkata (East),East
ORD-14900,CUST-1467,2024-12-31,Diagnostic & Monitoring,Vascular Doppler,3,6618.86,9.3,UPI,Returned,Sanjay Verma,WH-Kolkata (East),East
ORD-14901,CUST-1695,2025-05-14,Diagnostic & Monitoring,Single-Channel ECG Machine,1,41525.64,1.5,COD,Processing,Priya Sharma,WH-Bhiwandi (West),West
ORD-14902,CUST-1183,2025-03-20,Surgical & Critical Care,Electric Suction Apparatus,2,29038.81,12.6,Debit Card,Shipped,Anjali Nair,WH-Gurugram (North),North
ORD-14903,CUST-1329,2026-06-15,Respiratory Care,BiPAP Machine,5,3848.92,12.3,Net Banking,Delivered,Ramesh Rao,WH-Gurugram (North),North
ORD-14904,CUST-1011,2025-11-19,Sterilization & Lab,UV Sterilizer Box,2,35391.09,14.0,Credit Card,Shipped,Anjali Nair,WH-Bhiwandi (West),West
ORD-14905,CUST-1553,2026-03-18,Surgical & Critical Care,Pulse Generator Pacemaker,2,7940.63,14.6,Credit Card,Delivered,Anjali Nair,WH-Kolkata (East),East
ORD-14906,CUST-1531,2026-06-05,Diagnostic & Monitoring,Stethoscope (Cardiology Grade),3,17546.7,2.3,Net Banking,Delivered,Ramesh Rao,WH-Kolkata (East),East
ORD-14907,CUST-1690,2026-04-10,Surgical & Critical Care,Electric Suction Apparatus,4,18931.18,4.8,Net Banking,Cancelled,Sanjay Verma,WH-Kolkata (East),East
ORD-14908,CUST-1741,2026-03-03,Orthopedic & Mobility,Cervical Traction Unit,5,5082.97,11.3,UPI,Cancelled,Priya Sharma,WH-Kolkata (East),East
ORD-14909,CUST-1923,2026-01-06,Respiratory Care,Portable Oxygen Concentrator (5L),3,26475.29,10.7,Net Banking,Delivered,Anjali Nair,WH-Kolkata (East),East
ORD-14910,CUST-1915,2025-12-04,Infusion & Vascular,IV Cannula (18G-24G),5,35035.34,9.6,Credit Card,Delivered,Ramesh Rao,WH-Bhiwandi (West),West
ORD-14911,CUST-1090,2026-02-18,Surgical & Critical Care,Pulse Generator Pacemaker,5,34603.15,14.5,Credit Card,Shipped,Ramesh Rao,WH-Bhiwandi (West),West
ORD-14912,CUST-1973,2025-12-21,Diagnostic & Monitoring,Digital Otoscope,3,15285.0,1.0,Credit Card,Delivered,Anjali Nair,WH-Kolkata (East),East
ORD-14913,CUST-1147,2026-01-15,Infusion & Vascular,Syringe Driver Pump,1,8139.31,9.8,Credit Card,Delivered,Anjali Nair,WH-Gurugram (North),North
ORD-14914,CUST-1219,2026-06-15,Diagnostic & Monitoring,Continuous Glucose Monitor (CGM),3,16890.54,11.5,Debit Card,Delivered,Priya Sharma,WH-Kolkata (East),East
ORD-14915,CUST-1134,2026-04-02,Diagnostic & Monitoring,Infrared Non-Contact Thermometer,5,21237.53,4.5,UPI,Delivered,Sanjay Verma,WH-Bhiwandi (West),West
ORD-14916,CUST-1035,2026-07-21,Diabetes Care,Lancet Device,5,5601.49,10.9,Credit Card,Delivered,Sanjay Verma,WH-Kolkata (East),East
ORD-14917,CUST-1196,2025-12-16,Sterilization & Lab,UV Sterilizer Box,5,34739.17,11.3,Debit Card,Cancelled,Sanjay Verma,WH-Kolkata (East),East
ORD-14918,CUST-1061,2026-07-07,Diagnostic & Monitoring,Continuous Glucose Monitor (CGM),2,43077.4,14.4,COD,Delivered,Sanjay Verma,WH-Bengaluru (South),South
ORD-14919,CUST-1454,2025-08-26,Surgical & Critical Care,Anesthesia Workstation,5,23724.63,6.7,UPI,Delivered,Vikram Patel,WH-Bengaluru (South),South
ORD-14920,CUST-1764,2026-04-02,Sterilization & Lab,Tabletop Steam Autoclave,3,35299.74,10.3,COD,Delivered,Anjali Nair,WH-Gurugram (North),North
ORD-14921,CUST-1533,2025-11-29,Diagnostic & Monitoring,Stethoscope (Cardiology Grade),1,8956.99,5.1,Net Banking,Delivered,Anjali Nair,WH-Bhiwandi (West),West
ORD-14922,CUST-1336,2025-08-13,Respiratory Care,Portable Oxygen Concentrator (5L),3,26245.21,11.0,Debit Card,Delivered,Vikram Patel,WH-Gurugram (North),North
ORD-14923,CUST-1209,2026-06-21,Surgical & Critical Care,Defibrillator & AED,3,42840.02,1.7,UPI,Shipped,Sanjay Verma,WH-Kolkata (East),East
ORD-14924,CUST-1600,2026-01-18,Respiratory Care,BiPAP Machine,1,43877.18,5.0,COD,Cancelled,Sanjay Verma,WH-Kolkata (East),East
ORD-14925,CUST-1200,2026-03-13,Infusion & Vascular,Syringe Driver Pump,4,14711.13,13.2,Debit Card,Delivered,Vikram Patel,WH-Bhiwandi (West),West
ORD-14926,CUST-1566,2025-09-15,Infusion & Vascular,Dialysis Catheter,1,10518.84,2.3,COD,Delivered,Sanjay Verma,WH-Gurugram (North),North
ORD-14927,CUST-1089,2026-02-22,Respiratory Care,Compressor Nebulizer,3,20136.29,0.0,Credit Card,Processing,Ramesh Rao,WH-Kolkata (East),East
ORD-14928,CUST-1950,2026-07-01,Respiratory Care,Suction Machine,2,40122.12,9.4,COD,Delivered,Sanjay Verma,WH-Bengaluru (South),South
ORD-14929,CUST-1058,2026-07-21,Surgical & Critical Care,Electric Suction Apparatus,2,17335.85,8.7,UPI,Cancelled,Ramesh Rao,WH-Kolkata (East),East
ORD-14930,CUST-1568,2026-06-26,Diagnostic & Monitoring,Digital Otoscope,3,37345.3,11.8,Credit Card,Processing,Ramesh Rao,WH-Gurugram (North),North
ORD-14931,CUST-1573,2026-03-31,Diabetes Care,Insulin Pen Injector,2,25048.07,8.1,Credit Card,Delivered,Priya Sharma,WH-Gurugram (North),North
ORD-14932,CUST-1794,2026-06-23,Surgical & Critical Care,Laryngoscope Set,4,42857.75,12.2,COD,Delivered,Vikram Patel,WH-Gurugram (North),North
ORD-14933,CUST-1969,2026-06-27,Diagnostic & Monitoring,Digital Otoscope,1,42493.58,8.9,Credit Card,Returned,Vikram Patel,WH-Bengaluru (South),South
ORD-14934,CUST-1772,2026-04-17,Respiratory Care,Portable Oxygen Concentrator (5L),3,14496.25,4.8,Debit Card,Delivered,Ramesh Rao,WH-Kolkata (East),East
ORD-14935,CUST-1948,2026-07-19,Diagnostic & Monitoring,Continuous Glucose Monitor (CGM),5,28874.19,9.8,Credit Card,Returned,Priya Sharma,WH-Bengaluru (South),South
ORD-14936,CUST-1751,2026-04-22,Infusion & Vascular,Dialysis Catheter,5,28932.46,9.2,Credit Card,Returned,Anjali Nair,WH-Gurugram (North),North
ORD-14937,CUST-1113,2025-01-06,Surgical & Critical Care,Surgical Electrocautery Unit,4,36208.63,3.5,UPI,Delivered,Priya Sharma,WH-Bhiwandi (West),West
ORD-14938,CUST-1724,2026-04-05,Diabetes Care,Blood Glucose Meter Kit,2,2018.61,4.0,COD,Shipped,Vikram Patel,WH-Gurugram (North),North
ORD-14939,CUST-1815,2024-11-02,Diagnostic & Monitoring,Pulse Oximeter,5,30286.6,14.0,UPI,Delivered,Anjali Nair,WH-Gurugram (North),North
ORD-14940,CUST-1641,2025-10-01,Surgical & Critical Care,Laryngoscope Set,4,17618.07,11.4,UPI,Delivered,Sanjay Verma,WH-Bengaluru (South),South
ORD-14941,CUST-1346,2025-07-19,Infusion & Vascular,IV Cannula (18G-24G),5,29956.68,14.7,Credit Card,Delivered,Anjali Nair,WH-Bhiwandi (West),West
ORD-14942,CUST-1682,2025-10-27,Diagnostic & Monitoring,Pulse Oximeter,4,2746.03,13.1,UPI,Cancelled,Sanjay Verma,WH-Bhiwandi (West),West
ORD-14943,CUST-1527,2026-05-10,Respiratory Care,BiPAP Machine,2,26085.15,4.6,Credit Card,Delivered,Ramesh Rao,WH-Gurugram (North),North
ORD-14944,CUST-1684,2024-12-16,Home Healthcare,Peak Flow Meter,2,31892.69,1.7,COD,Returned,Ramesh Rao,WH-Bengaluru (South),South
ORD-14945,CUST-1152,2026-07-07,Sterilization & Lab,Tabletop Steam Autoclave,3,604.34,2.1,Net Banking,Delivered,Vikram Patel,WH-Bhiwandi (West),West
ORD-14946,CUST-1800,2026-05-04,Respiratory Care,Suction Machine,4,24786.87,4.4,COD,Delivered,Priya Sharma,WH-Bhiwandi (West),West
ORD-14947,CUST-1129,2025-06-23,Infusion & Vascular,Dialysis Catheter,3,12777.22,4.0,Debit Card,Delivered,Anjali Nair,WH-Kolkata (East),East
ORD-14948,CUST-1899,2026-04-08,Diagnostic & Monitoring,Fetal Doppler Heart Rate Monitor,3,32359.13,3.4,Credit Card,Shipped,Sanjay Verma,WH-Bhiwandi (West),West
ORD-14949,CUST-1405,2026-07-06,Respiratory Care,Portable Oxygen Concentrator (5L),1,2918.62,2.5,UPI,Processing,Vikram Patel,WH-Bengaluru (South),South
ORD-14950,CUST-1470,2026-01-29,Home Healthcare,Digital Vein Finder,3,24906.73,9.4,Net Banking,Delivered,Priya Sharma,WH-Bengaluru (South),South
ORD-14951,CUST-1560,2026-03-07,Diagnostic & Monitoring,Multi-Para Patient Monitor,2,20617.35,12.6,UPI,Delivered,Ramesh Rao,WH-Bhiwandi (West),West
ORD-14952,CUST-1144,2025-10-15,Diabetes Care,Blood Glucose Meter Kit,5,19540.99,7.8,UPI,Delivered,Ramesh Rao,WH-Bhiwandi (West),West
ORD-14953,CUST-1701,2025-08-17,Orthopedic & Mobility,Air Mattress for Bedsores,1,11906.77,0.9,Debit Card,Delivered,Vikram Patel,WH-Bhiwandi (West),West
ORD-14954,CUST-1736,2025-09-18,Sterilization & Lab,Digital Centrifuge Machine,5,20411.14,4.9,COD,Shipped,Priya Sharma,WH-Bhiwandi (West),West
ORD-14955,CUST-1734,2026-07-13,Infusion & Vascular,Central Venous Catheter Kit,5,35084.57,1.5,Credit Card,Delivered,Sanjay Verma,WH-Bengaluru (South),South
ORD-14956,CUST-1152,2025-11-03,Infusion & Vascular,Central Venous Catheter Kit,3,30652.39,5.0,Net Banking,Returned,Anjali Nair,WH-Kolkata (East),East
ORD-14957,CUST-1242,2026-04-26,Respiratory Care,BiPAP Machine,3,33143.65,13.2,Debit Card,Delivered,Priya Sharma,WH-Kolkata (East),East
ORD-14958,CUST-1046,2026-02-12,Infusion & Vascular,Dialysis Catheter,5,21551.44,12.3,Debit Card,Delivered,Anjali Nair,WH-Kolkata (East),East
ORD-14959,CUST-1260,2026-07-11,Diagnostic & Monitoring,Digital Blood Pressure Monitor,2,36207.65,12.4,Credit Card,Cancelled,Vikram Patel,WH-Bengaluru (South),South
ORD-14960,CUST-1025,2026-04-03,Surgical & Critical Care,LED Surgical OT Light,2,40563.16,14.3,Credit Card,Delivered,Ramesh Rao,WH-Bengaluru (South),South
ORD-14961,CUST-1987,2026-07-06,Infusion & Vascular,Dialysis Catheter,5,15143.26,1.2,Net Banking,Delivered,Priya Sharma,WH-Bhiwandi (West),West
ORD-14962,CUST-1318,2026-01-07,Orthopedic & Mobility,TENS Physiotherapy Unit,4,1872.24,3.8,UPI,Delivered,Priya Sharma,WH-Bengaluru (South),South
ORD-14963,CUST-1508,2026-06-13,Diagnostic & Monitoring,Pulse Oximeter,3,1604.28,12.2,Net Banking,Delivered,Sanjay Verma,WH-Bengaluru (South),South
ORD-14964,CUST-1666,2026-01-23,Respiratory Care,High-Flow Nasal Cannula System,1,25005.4,0.4,COD,Delivered,Vikram Patel,WH-Gurugram (North),North
ORD-14965,CUST-1639,2026-04-13,Diagnostic & Monitoring,Multi-Para Patient Monitor,4,20818.54,11.4,UPI,Delivered,Ramesh Rao,WH-Bengaluru (South),South
ORD-14966,CUST-1641,2026-04-28,Orthopedic & Mobility,Motorized Wheelchair,4,12626.59,11.2,COD,Delivered,Vikram Patel,WH-Bengaluru (South),South
ORD-14967,CUST-1012,2024-12-24,Diagnostic & Monitoring,Digital Spirometer,5,5537.84,3.3,Credit Card,Shipped,Sanjay Verma,WH-Kolkata (East),East
ORD-14968,CUST-1822,2026-03-02,Diagnostic & Monitoring,Single-Channel ECG Machine,1,43140.49,2.8,Debit Card,Delivered,Ramesh Rao,WH-Gurugram (North),North
ORD-14969,CUST-1708,2026-06-04,Home Healthcare,Peak Flow Meter,5,13834.97,3.3,Credit Card,Delivered,Ramesh Rao,WH-Kolkata (East),East
ORD-14970,CUST-1207,2026-06-09,Sterilization & Lab,UV Sterilizer Box,1,36609.12,13.6,Credit Card,Delivered,Priya Sharma,WH-Bhiwandi (West),West
ORD-14971,CUST-1393,2026-02-04,Sterilization & Lab,UV Sterilizer Box,2,39864.13,2.7,Credit Card,Cancelled,Sanjay Verma,WH-Bengaluru (South),South
ORD-14972,CUST-1138,2026-03-31,Respiratory Care,Portable Oxygen Concentrator (5L),5,40532.95,12.5,Debit Card,Delivered,Ramesh Rao,WH-Bengaluru (South),South
ORD-14973,CUST-1751,2025-08-17,Home Healthcare,Electric Heating Pad,5,39491.23,3.3,Debit Card,Cancelled,Priya Sharma,WH-Bhiwandi (West),West
ORD-14974,CUST-1553,2026-04-16,Diagnostic & Monitoring,Single-Channel ECG Machine,3,21730.7,7.6,Net Banking,Processing,Anjali Nair,WH-Kolkata (East),East
ORD-14975,CUST-1299,2026-07-02,Infusion & Vascular,IV Cannula (18G-24G),5,43851.34,9.3,Debit Card,Delivered,Ramesh Rao,WH-Gurugram (North),North
ORD-14976,CUST-1552,2025-05-30,Sterilization & Lab,Tabletop Steam Autoclave,1,28994.39,10.5,Net Banking,Shipped,Sanjay Verma,WH-Gurugram (North),North
ORD-14977,CUST-1065,2026-05-18,Respiratory Care,High-Flow Nasal Cannula System,2,18409.02,0.2,UPI,Processing,Priya Sharma,WH-Bengaluru (South),South
ORD-14978,CUST-1479,2024-11-11,Infusion & Vascular,Central Venous Catheter Kit,3,5571.95,4.6,Credit Card,Cancelled,Ramesh Rao,WH-Kolkata (East),East
ORD-14979,CUST-1795,2025-08-28,Diabetes Care,Insulin Pen Injector,1,10567.41,6.5,Credit Card,Delivered,Priya Sharma,WH-Kolkata (East),East
ORD-14980,CUST-1946,2026-07-22,Orthopedic & Mobility,Air Mattress for Bedsores,1,12490.09,13.8,Debit Card,Delivered,Priya Sharma,WH-Bhiwandi (West),West
ORD-14981,CUST-1899,2026-06-20,Orthopedic & Mobility,Folding Lightweight Wheelchair,3,2121.72,3.1,Debit Card,Processing,Priya Sharma,WH-Bengaluru (South),South
ORD-14982,CUST-1864,2025-07-29,Infusion & Vascular,Syringe Driver Pump,2,20832.54,2.4,Credit Card,Cancelled,Vikram Patel,WH-Bhiwandi (West),West
ORD-14983,CUST-1305,2026-06-22,Surgical & Critical Care,LED Surgical OT Light,3,26090.62,11.2,Net Banking,Shipped,Priya Sharma,WH-Bengaluru (South),South
ORD-14984,CUST-1787,2026-02-10,Diabetes Care,Insulin Pen Injector,5,30381.1,14.0,Debit Card,Delivered,Vikram Patel,WH-Bengaluru (South),South
ORD-14985,CUST-1135,2026-07-17,Home Healthcare,Digital Vein Finder,3,39673.33,8.7,Credit Card,Returned,Anjali Nair,WH-Bhiwandi (West),West
ORD-14986,CUST-1014,2026-04-05,Infusion & Vascular,Dialysis Catheter,1,40965.17,6.1,UPI,Delivered,Sanjay Verma,WH-Gurugram (North),North
ORD-14987,CUST-1212,2026-03-03,Respiratory Care,BiPAP Machine,1,16361.64,7.8,COD,Returned,Priya Sharma,WH-Bengaluru (South),South
ORD-14988,CUST-1604,2025-09-05,Diagnostic & Monitoring,Stethoscope (Cardiology Grade),4,13660.07,2.3,COD,Delivered,Priya Sharma,WH-Kolkata (East),East
ORD-14989,CUST-1506,2025-08-26,Diabetes Care,Blood Glucose Meter Kit,5,29454.88,8.2,COD,Delivered,Anjali Nair,WH-Gurugram (North),North
ORD-14990,CUST-1593,2024-10-31,Surgical & Critical Care,LED Surgical OT Light,3,3837.55,2.1,Credit Card,Delivered,Ramesh Rao,WH-Kolkata (East),East
ORD-14991,CUST-1359,2025-10-14,Diagnostic & Monitoring,Digital Spirometer,3,5861.58,9.7,UPI,Processing,Ramesh Rao,WH-Bengaluru (South),South
ORD-14992,CUST-1515,2026-04-03,Sterilization & Lab,Tabletop Steam Autoclave,4,41844.48,3.7,COD,Delivered,Ramesh Rao,WH-Bengaluru (South),South
ORD-14993,CUST-1418,2024-10-21,Diabetes Care,Insulin Pump,3,22826.78,8.4,COD,Shipped,Sanjay Verma,WH-Bhiwandi (West),West
ORD-14994,CUST-1709,2025-04-22,Diabetes Care,Lancet Device,4,23086.75,12.6,Debit Card,Returned,Priya Sharma,WH-Bengaluru (South),South
ORD-14995,CUST-1882,2026-01-23,Diabetes Care,Blood Glucose Meter Kit,5,22923.51,1.8,COD,Delivered,Anjali Nair,WH-Bhiwandi (West),West
ORD-14996,CUST-1802,2025-08-25,Respiratory Care,High-Flow Nasal Cannula System,1,10449.62,7.3,Debit Card,Processing,Priya Sharma,WH-Bhiwandi (West),West
ORD-14997,CUST-1775,2026-06-10,Surgical & Critical Care,LED Surgical OT Light,2,34097.16,14.6,Credit Card,Cancelled,Ramesh Rao,WH-Bhiwandi (West),West
ORD-14998,CUST-1098,2026-03-15,Diagnostic & Monitoring,Vascular Doppler,2,2009.72,0.2,Net Banking,Cancelled,Priya Sharma,WH-Bengaluru (South),South
ORD-14999,CUST-1642,2026-05-19,Infusion & Vascular,IV Cannula (18G-24G),1,40428.14,3.4,Net Banking,Processing,Anjali Nair,WH-Bengaluru (South),South
ORD-15000,CUST-1638,2025-04-25,Orthopedic & Mobility,Folding Lightweight Wheelchair,5,25319.4,4.3,Debit Card,Returned,Priya Sharma,WH-Gurugram (North),North
